time_s,eeg_uv,theta_filtered,gamma_filtered,theta_phase_rad,gamma_phase_rad
0.000000,0.373514,-0.250039,-0.000065,2.566728,1.573331
0.004002,-0.362749,-0.229034,-0.256138,-2.661808,-2.485214
0.008003,0.668791,-0.206204,0.316656,-2.566557,-0.303870
0.012005,-1.048151,-0.180996,-0.383092,-2.223565,2.437234
0.016006,0.160541,-0.152837,-0.281739,-2.116222,-1.970857
0.020008,0.117351,-0.121164,0.576402,-1.932830,-0.446082
0.024010,1.021812,-0.085473,0.353361,-1.820911,0.881877
0.028011,-0.246793,-0.045360,-0.450537,-1.687848,2.325110
0.032013,0.429488,-0.000556,-0.558967,-1.572198,-2.398691
0.036014,1.319665,0.049037,0.472138,-1.458437,-0.814369
0.040016,1.519810,0.103321,0.279429,-1.339438,0.943976
0.044018,0.945577,0.161981,-0.323038,-1.233105,-3.027719
0.048019,1.614048,0.224470,0.326020,-1.111256,-0.645842
0.052021,1.813094,0.290009,0.187777,-1.007030,1.197555
0.056022,0.851293,0.357590,-0.463023,-0.882898,2.566627
0.060024,1.436786,0.425992,-0.594519,-0.778190,-2.638956
0.064026,1.666512,0.493798,0.165203,-0.652327,-1.374388
0.068027,2.863578,0.559434,0.766967,-0.545825,0.073213
0.072029,1.621198,0.621201,-0.026928,-0.418714,1.637278
0.076030,1.639462,0.677325,0.083942,-0.309750,-0.660122
0.080032,1.831218,0.726002,0.157191,-0.181777,1.268785
0.084034,0.389733,0.765459,-0.675632,-0.070025,2.718110
0.088035,1.322672,0.794004,-0.500039,0.058518,-2.372842
0.092037,1.324563,0.810085,0.025717,0.173191,-1.533598
0.096038,2.770648,0.812352,0.778005,0.302097,-0.483736
0.100040,2.455673,0.799703,0.591858,0.419700,0.843921
0.104042,1.535242,0.771341,-0.331312,0.548833,2.129858
0.108043,1.747752,0.726813,-0.352650,0.669292,2.762563
0.112045,1.001366,0.666044,-0.591569,0.798569,-2.888462
0.116046,1.938856,0.589361,-0.015886,0.921750,-1.589068
0.120048,2.300928,0.497503,0.902203,1.051140,-0.104723
0.124050,1.646279,0.391625,0.069255,1.176865,1.475699
0.128051,0.725787,0.273285,-0.454946,1.306370,-3.137916
0.132053,1.169483,0.144418,0.069259,1.434422,-1.266576
0.136054,1.071154,0.007301,0.113738,1.564072,0.912364
0.140056,0.518979,-0.135495,-0.235750,1.694202,2.582196
0.144058,0.576528,-0.281164,-0.254537,1.824045,-2.319472
0.148059,0.753540,-0.426727,0.218225,1.955975,-0.973936
0.152061,0.789503,-0.569107,0.252204,2.086068,0.407663
0.156062,0.165061,-0.705206,-0.008389,2.219494,1.832129
0.160064,0.119604,-0.831979,0.260922,2.349889,0.240393
0.164066,-0.390359,-0.946520,-0.094246,2.484486,1.761206
0.168067,-1.363666,-1.046133,-0.540883,2.615224,-3.061356
0.172069,-0.628672,-1.128406,-0.088492,2.750653,-1.790673
0.176070,-0.949043,-1.191272,0.136736,2.881753,-1.017862
0.180072,-0.283319,-1.233071,0.267859,3.017670,-0.366021
0.184074,-0.892839,-1.252583,0.218152,-3.134056,0.756090
0.188075,-0.647931,-1.249071,-0.053918,-2.997988,1.842728
0.192077,-1.277263,-1.222289,-0.097403,-2.866201,2.101646
0.196078,-1.059206,-1.172495,-0.399015,-2.730305,-3.073133
0.200080,-1.074429,-1.100441,0.037153,-2.598252,-1.503232
0.204082,0.001406,-1.007352,0.556917,-2.462822,0.182470
0.208083,-0.757500,-0.894893,-0.149791,-2.330594,1.887874
0.212085,-0.577572,-0.765127,-0.318458,-2.195888,-2.770061
0.216086,0.286867,-0.620460,0.049300,-2.063599,-1.299522
0.220088,0.126647,-0.463586,0.040077,-1.929827,0.456099
0.224090,0.813098,-0.297417,-0.126426,-1.797613,-2.575892
0.228091,0.540535,-0.125020,0.177588,-1.664931,-1.128093
0.232093,1.836149,0.050455,0.658532,-1.532931,0.367281
0.236094,0.400943,0.225838,-0.271986,-1.401434,1.891154
0.240096,0.493449,0.398008,-0.746288,-1.269789,-2.927623
0.244098,1.068110,0.563946,-0.091087,-1.139513,-1.772885
0.248099,1.502858,0.720794,0.038990,-1.008349,-1.469546
0.252101,2.137051,0.865900,0.555148,-0.879273,-0.488662
0.256102,2.093296,0.996860,0.420213,-0.748700,0.865325
0.260104,1.528972,1.111547,-0.179840,-0.620749,2.113671
0.264106,1.783971,1.208141,-0.000557,-0.490846,1.572631
0.268107,1.024347,1.285145,-0.767217,-0.363896,2.736836
0.272109,1.497305,1.341392,-0.540804,-0.234707,-2.079551
0.276110,2.612817,1.376056,0.762140,-0.108593,-0.623894
0.280112,2.596498,1.388645,0.362272,0.019880,0.507812
0.284114,1.962017,1.379002,0.478246,0.145355,0.152302
0.288115,2.199514,1.347293,0.204770,0.273147,1.367115
0.292117,-0.171432,1.293997,-1.121690,0.398203,2.798544
0.296118,1.071787,1.219890,-0.506817,0.525395,-2.125590
0.300120,1.181499,1.126033,0.238122,0.650266,-1.162419
0.304122,1.903120,1.013753,0.541949,0.776976,-0.542952
0.308123,1.961238,0.884630,0.640237,0.901897,0.616832
0.312125,1.037822,0.740484,-0.249560,1.028270,1.937567
0.316126,1.022289,0.583353,-0.458200,1.153465,3.010753
0.320128,0.859678,0.415480,-0.384051,1.279664,-2.643584
0.324130,1.293937,0.239291,0.013043,1.405333,-1.548308
0.328131,1.600650,0.057375,0.535492,1.531529,-0.125261
0.332133,0.864298,-0.127545,0.029447,1.657837,1.449856
0.336134,0.758448,-0.312636,0.189543,1.784198,-0.422836
0.340136,0.597597,-0.494991,0.232433,1.911271,1.193475
0.344138,-0.756210,-0.671666,-0.800064,2.037955,2.699495
0.348139,-0.271482,-0.839721,-0.470728,2.165875,-2.117111
0.352141,0.408279,-0.996264,0.557437,2.293023,-0.666770
0.356142,0.445788,-1.138505,0.271583,2.421830,0.771726
0.360144,-0.302631,-1.263798,-0.015398,2.549563,1.794649
0.364146,-0.263691,-1.369701,0.024708,2.679256,1.346939
0.368147,-0.807074,-1.454024,-0.085696,2.807667,-2.375031
0.372149,-0.787114,-1.514885,0.359747,2.938204,0.143447
0.376150,-1.397798,-1.550759,-0.236803,3.067358,1.908805
0.380152,-2.498489,-1.560522,-0.843517,-3.084521,-2.709276
0.384154,-0.757346,-1.543493,0.442832,-2.954595,-1.028372
0.388155,-1.125324,-1.499463,0.355556,-2.822620,0.798499
0.392157,-1.119914,-1.428718,-0.166234,-2.691920,-2.457443
0.396158,-0.502786,-1.332052,0.537283,-2.559394,0.190723
0.400160,-1.080848,-1.210763,-0.370548,-2.427944,2.044545
0.404162,-1.346831,-1.066646,-0.671863,-2.294990,-2.449915
0.408163,0.115220,-0.901969,0.604534,-2.162841,-0.633120
0.412165,-0.168546,-0.719435,0.147087,-2.029579,1.285835
0.416166,-0.453950,-0.522144,-0.293151,-1.896800,-2.810385
0.420168,0.360356,-0.313531,0.239859,-1.763346,-0.284882
0.424170,0.293220,-0.097303,-0.059739,-1.630023,1.769913
0.428171,0.205821,0.122629,-0.333482,-1.496476,-3.062951
0.432173,0.776766,0.342232,-0.163898,-1.362710,-1.972482
0.436174,1.261217,0.557430,0.435599,-1.229154,-0.771441
0.440176,2.016499,0.764187,0.627839,-1.095051,0.600917
0.444178,0.778892,0.958592,-0.306900,-0.961550,1.994363
0.448179,1.200645,1.136940,-0.567056,-0.827222,-3.075466
0.452181,1.207511,1.295806,-0.309537,-0.693817,-2.285785
0.456182,2.413502,1.432121,0.155804,-0.559371,-1.305003
0.460184,2.499103,1.543231,0.593771,-0.426087,0.065807
0.464186,2.616449,1.626954,-0.004243,-0.291624,1.583436
0.468187,1.974081,1.681626,0.091022,-0.158465,0.125905
0.472189,2.441656,1.706130,-0.064788,-0.024072,1.704312
0.476190,0.984357,1.699920,-0.635616,0.108975,-2.920327
0.480192,2.111592,1.663029,0.162866,0.243228,-1.226779
0.484194,1.444716,1.596066,0.021613,0.376194,1.091126
0.488195,1.434110,1.500198,0.214766,0.510260,-1.115869
0.492197,1.856029,1.377131,0.708803,0.643188,0.599530
0.496198,0.075763,1.229070,-0.602633,0.777044,2.272876
0.500200,0.137737,1.058678,-0.532655,0.909988,-2.402517
0.504202,0.772070,0.869025,0.206843,1.043632,-0.996051
0.508203,0.402645,0.663527,0.188519,1.176649,-0.214870
0.512205,0.661537,0.445889,0.082102,1.310103,1.111736
0.516206,-0.257496,0.220033,-0.193451,1.443250,-2.594602
0.520208,0.670792,-0.009967,0.427842,1.576553,-0.429907
0.524210,-0.012749,-0.239961,0.167149,1.709880,1.319365
0.528211,-0.980511,-0.465793,-0.663296,1.843081,2.888422
0.532213,-0.473756,-0.683379,-0.257782,1.976627,-2.051849
0.536214,-0.381503,-0.888775,0.284336,2.109781,-0.927678
0.540216,-0.003881,-1.078250,0.425258,2.243569,0.388789
0.544218,-1.051702,-1.248355,-0.199334,2.376735,2.129125
0.548219,-1.082776,-1.395986,-0.089463,2.510770,-1.881326
0.552221,-0.912511,-1.518441,0.291249,2.644000,0.438729
0.556222,-1.786280,-1.613476,-0.201580,2.778265,2.426237
0.560224,-1.652022,-1.679350,0.024926,2.911600,-0.657593
0.564226,-2.128264,-1.714860,-0.346605,3.046058,2.629769
0.568227,-2.220012,-1.719370,-0.235465,-3.103659,-1.892145
0.572229,-0.836871,-1.692823,0.879388,-2.969067,-0.149499
0.576230,-2.108442,-1.635751,-0.040100,-2.835456,1.620322
0.580232,-2.341907,-1.549264,-0.588987,-2.700801,-2.851595
0.584234,-1.828815,-1.435028,0.211077,-2.567057,-1.062695
0.588235,-1.482409,-1.295240,0.306094,-2.432426,0.500592
0.592237,-1.989516,-1.132579,-0.133117,-2.298578,1.897451
0.596238,-1.978460,-0.950152,-0.543112,-2.164065,-2.791353
0.600240,-0.942711,-0.751433,0.387191,-2.030163,-1.003698
0.604242,-0.182671,-0.540189,0.503739,-1.895868,0.896771
0.608243,-1.238919,-0.320401,-0.803154,-1.761977,2.808561
0.612245,-0.029340,-0.096180,-0.060286,-1.627995,-1.646007
0.616246,1.108244,0.128319,0.602669,-1.494195,0.070973
0.620248,0.408442,0.348982,-0.017230,-1.360615,1.630922
0.624250,1.157814,0.561820,0.032392,-1.226993,1.105795
0.628251,0.614172,0.763044,-0.098423,-1.093888,1.930736
0.632253,1.019040,0.949143,-0.365675,-0.960531,-3.068529
0.636255,1.077353,1.116943,-0.105626,-0.827958,-1.864643
0.640256,1.605815,1.263660,0.226233,-0.694952,-0.660862
0.644258,1.716566,1.386952,0.081589,-0.562945,0.227803
0.648259,1.382800,1.484943,0.219816,-0.430367,-0.681239
0.652261,2.292016,1.556251,0.509749,-0.298942,0.654698
0.656263,0.657228,1.599998,-0.382271,-0.166859,2.022252
0.660264,0.887867,1.615811,-0.913678,-0.036008,-2.997495
0.664266,0.946978,1.603809,-0.309623,0.095533,-1.923424
0.668267,2.371011,1.564588,0.604273,0.225837,-0.919487
0.672269,2.548502,1.499195,1.129365,0.356805,0.262153
0.676271,1.318802,1.409095,-0.055907,0.486607,1.617971
0.680272,0.230625,1.296128,-0.930724,0.616996,3.082185
0.684274,0.712201,1.162471,-0.006924,0.746357,-1.586074
0.688275,0.671543,1.010589,-0.093214,0.876183,2.077559
0.692277,-0.174671,0.843184,-0.385843,1.005182,-2.191235
0.696279,1.185318,0.663148,0.758710,1.134489,-0.621506
0.700280,0.424869,0.473514,0.571646,1.263218,0.886411
0.704282,-0.365357,0.277408,-0.412934,1.392076,2.290872
0.708283,-0.730092,0.078005,-0.292562,1.520635,-3.055691
0.712285,-0.509344,-0.121518,-0.297654,1.649137,-2.809457
0.716287,-0.545822,-0.318020,-0.042219,1.777634,-1.670587
0.720288,0.039351,-0.508437,0.302136,1.905891,-0.348571
0.724290,-0.327965,-0.689820,0.111085,2.034431,0.025790
0.728291,-0.090475,-0.859366,0.336501,2.162567,0.272497
0.732293,-0.660402,-1.014452,-0.098922,2.291251,1.742666
0.736295,-1.433874,-1.152668,-0.613899,2.419392,-2.947063
0.740296,-0.770276,-1.271852,0.123011,2.548303,-1.319805
0.744298,-0.910764,-1.370110,0.252868,2.676571,0.294317
0.748299,-1.194415,-1.445856,0.013137,2.805776,1.221753
0.752301,-1.202750,-1.497828,0.105996,2.934280,0.786432
0.756303,-1.483624,-1.525119,-0.140016,3.063822,2.262781
0.760304,-1.565571,-1.527198,-0.189456,-3.090533,-2.814091
0.764306,-1.456355,-1.503920,-0.111668,-2.960634,-2.063450
0.768307,-1.292909,-1.455548,0.244552,-2.831410,-0.900225
0.772309,-0.976320,-1.382753,0.421809,-2.701157,0.616979
0.776311,-2.171087,-1.286617,-0.366185,-2.571498,2.329795
0.780312,-1.691633,-1.168627,-0.199924,-2.440918,-1.998324
0.784314,-1.390252,-1.030658,0.500302,-2.310811,0.151805
0.788315,-1.666262,-0.874953,-0.337958,-2.179951,2.149906
0.792317,-1.925195,-0.704091,-0.451618,-2.049414,-2.335706
0.796319,-0.400647,-0.520946,0.411433,-1.918337,-0.626735
0.800320,-0.562205,-0.328639,0.101151,-1.787414,1.081261
0.804322,-0.113039,-0.130482,0.087183,-1.656195,-0.597616
0.808323,0.233754,0.070080,0.123801,-1.524951,1.164095
0.812325,0.053353,0.269540,-0.310983,-1.393668,2.833843
0.816327,0.552451,0.464390,-0.052420,-1.262184,-1.930111
0.820328,0.782376,0.651197,-0.141767,-1.130913,-2.778285
0.824330,1.011300,0.826665,0.107387,-0.999279,-1.300267
0.828331,1.834429,0.987706,0.489226,-0.868090,0.277583
0.832333,1.168355,1.131493,-0.060272,-0.736401,1.703494
0.836335,1.071144,1.255524,-0.367187,-0.605351,2.762797
0.840336,1.308581,1.357660,-0.381954,-0.473700,-2.431726
0.844338,1.622839,1.436170,0.351191,-0.342834,-0.946574
0.848339,2.395888,1.489759,0.354549,-0.211308,0.807578
0.852341,0.785722,1.517588,-0.296650,-0.080656,3.100416
0.856343,2.330241,1.519285,0.382109,0.050670,-0.252647
0.860344,0.926144,1.494944,-0.149395,0.181093,1.799086
0.864346,0.840938,1.445117,-0.670936,0.312160,-2.700172
0.868347,1.514549,1.370795,0.331235,0.442355,-0.984788
0.872349,1.265940,1.273385,0.249170,0.573122,0.781578
0.876351,0.796374,1.154672,-0.202541,0.703108,2.928740
0.880352,0.541165,1.016786,0.058721,0.833554,-1.377064
0.884354,0.889793,0.862156,0.521288,0.963362,0.128569
0.888355,-0.070718,0.693462,-0.018067,1.093493,1.595194
0.892357,-1.012462,0.513588,-0.799647,1.223168,3.057595
0.896359,-0.546601,0.325569,-0.188505,1.353011,-1.864848
0.900360,-0.077604,0.132543,0.279208,1.482612,-0.887440
0.904362,0.068989,-0.062299,0.498320,1.612219,-0.099929
0.908363,-0.214093,-0.255762,0.199534,1.741813,1.245994
0.912365,-1.050758,-0.444691,-0.569747,1.871255,2.917913
0.916367,-0.725297,-0.626019,0.065632,2.000913,-1.419572
0.920368,-0.317438,-0.796805,0.255625,2.130276,0.757402
0.924370,-1.617389,-0.954277,-0.302738,2.260065,2.634448
0.928371,-1.012220,-1.095871,-0.253118,2.389442,-2.356950
0.932373,-1.481669,-1.219267,0.175490,2.519426,-1.222967
0.936375,-0.461820,-1.322418,0.723603,2.648911,0.211432
0.940376,-1.965857,-1.403586,-0.196485,2.779145,1.809167
0.944378,-2.337577,-1.461367,-0.663829,2.908832,-2.824054
0.948379,-1.619057,-1.494716,0.136648,3.039359,-1.207265
0.952381,-1.726783,-1.502967,0.063136,-3.113854,-0.636662
0.956383,-1.493702,-1.485849,0.236024,-2.983003,-0.302713
0.960384,-1.460403,-1.443496,0.015690,-2.852670,1.520035
0.964386,-1.905911,-1.376454,-0.196273,-2.721473,-2.483972
0.968387,-0.801599,-1.285681,0.301107,-2.590719,0.240981
0.972389,-1.978456,-1.172539,-0.389101,-2.459168,2.396800
0.976391,-1.324774,-1.038783,-0.337255,-2.327946,-2.075724
0.980392,-0.693823,-0.886544,0.643821,-2.196041,-0.430647
0.984394,-0.829147,-0.718296,0.272120,-2.064326,1.049612
0.988395,-1.111900,-0.536831,-0.143163,-1.932079,2.091234
0.992397,-1.276354,-0.345210,-0.179520,-1.799865,2.152715
0.996399,-1.132850,-0.146723,-0.667877,-1.667296,-3.100882
1.000400,-0.968085,0.055168,-0.194363,-1.534597,-1.780130
1.004402,0.861131,0.256890,0.916135,-1.401737,-0.437011
1.008403,0.264501,0.454824,0.596975,-1.268591,0.840561
1.012405,-0.185947,0.645369,-0.275566,-1.135478,1.980635
1.016407,-0.284121,0.825020,-0.508280,-1.001942,2.990360
1.020408,0.195388,0.990434,-0.225718,-0.868622,-2.314423
1.024410,1.077973,1.138502,-0.060603,-0.734767,-2.095953
1.028411,1.020811,1.266415,-0.205782,-0.601290,-2.217322
1.032413,2.300588,1.371731,0.271550,-0.467204,-1.094009
1.036415,2.547657,1.452425,0.689503,-0.333625,0.038774
1.040416,2.603369,1.506941,0.370740,-0.199403,1.046541
1.044418,1.352183,1.534225,-0.444400,-0.065777,2.109999
1.048419,1.039659,1.533751,-0.910211,0.068482,-2.901845
1.052421,1.529177,1.505533,0.088171,0.202104,-1.458393
1.056423,2.150362,1.450121,0.388863,0.336310,0.246212
1.060424,0.933763,1.368593,-0.236452,0.469884,-2.628504
1.064426,2.228767,1.262526,0.617411,0.603953,-0.618033
1.068427,1.496500,1.133961,0.633055,0.737442,0.970848
1.072429,0.267780,0.985361,-0.983250,0.871304,2.475903
1.076431,-0.347288,0.819550,-0.834568,1.004677,-2.386087
1.080432,1.120850,0.639659,0.389290,1.138278,-1.123074
1.084434,0.838119,0.449052,0.698740,1.271512,-0.148316
1.088435,0.697909,0.251261,0.562306,1.404813,0.733796
1.092437,-0.356005,0.049916,-0.250850,1.537893,1.857286
1.096439,-1.226488,-0.151331,-0.878655,1.670872,3.094599
1.100440,-0.439056,-0.348872,-0.312189,1.803788,-2.033488
1.104442,-0.406229,-0.539210,0.164972,1.936442,-1.240622
1.108443,0.374941,-0.719023,0.485914,2.069190,-0.637934
1.112445,0.003341,-0.885219,0.780487,2.201531,0.391002
1.116447,-0.407985,-1.034982,-0.047088,2.334113,1.619671
1.120448,-1.854601,-1.165823,-0.864113,2.466167,2.865046
1.124450,-1.103797,-1.275612,-0.459738,2.598583,-2.263776
1.128451,-0.669891,-1.362609,0.180253,2.730385,-1.241476
1.132453,-0.251198,-1.425489,0.434746,2.862640,-0.235864
1.136455,-0.289829,-1.463349,0.228371,2.994232,0.801459
1.140456,-0.750091,-1.475725,-0.032484,3.126332,1.710999
1.144458,-0.770112,-1.462583,-0.214380,-3.025426,2.830803
1.148459,-0.821559,-1.424320,-0.006724,-2.893477,-1.596514
1.152461,-0.551091,-1.361750,0.364204,-2.762169,0.483529
1.156463,-1.038334,-1.276086,-0.397426,-2.630370,2.302362
1.160464,-1.456839,-1.168914,-0.421171,-2.499142,-2.330052
1.164466,0.033603,-1.042172,0.237154,-2.367492,-0.900710
1.168467,-0.559495,-0.898106,0.153041,-2.236314,-0.797590
1.172469,0.585045,-0.739239,0.539724,-2.104818,0.121262
1.176471,-0.256591,-0.568325,-0.052738,-1.973668,1.645694
1.180472,-0.484394,-0.388302,-0.557218,-1.842331,-3.054020
1.184474,0.256003,-0.202246,-0.027328,-1.711195,-1.715274
1.188475,0.153235,-0.013320,-0.200676,-1.580022,-2.383063
1.192477,1.062570,0.175279,0.355894,-1.448900,-0.862128
1.196479,1.404405,0.360372,0.394907,-1.317895,0.786043
1.200480,0.864374,0.538851,-0.230475,-1.186794,2.359823
1.204482,1.590818,0.707730,-0.057541,-1.055959,2.090181
1.208483,1.060331,0.864193,-0.457718,-0.924892,3.036123
1.212485,1.815703,1.005643,-0.131361,-0.794225,-1.760905
1.216487,2.580826,1.129741,0.692134,-0.663212,-0.395257
1.220488,2.564049,1.234445,0.575532,-0.532706,0.731559
1.224490,1.810972,1.318045,-0.266306,-0.401766,1.847620
1.228491,0.909700,1.379184,-1.222170,-0.271406,-3.094501
1.232493,2.101013,1.416885,-0.043430,-0.140557,-1.604917
1.236495,3.431052,1.430561,1.036743,-0.010322,-0.029308
1.240496,1.989546,1.420024,-0.070882,0.120423,1.685815
1.244498,2.112421,1.385487,-0.184547,0.250560,-2.246864
1.248499,2.174991,1.327559,0.415474,0.381192,0.238336
1.252501,1.540847,1.247232,-0.201676,0.511264,1.905220
1.256503,0.855273,1.145865,-0.659871,0.641783,-2.875373
1.260504,1.390297,1.025157,0.139359,0.771827,-1.340456
1.264506,1.903697,0.887125,0.366908,0.902243,0.388656
1.268507,0.874255,0.734064,-0.207818,1.032302,3.019268
1.272509,1.900016,0.568517,0.330023,1.162633,-0.651807
1.276511,1.208285,0.393233,0.229592,1.292747,1.197896
1.280512,0.669155,0.211121,-0.661909,1.423016,2.928263
1.284514,0.661311,0.025209,-0.042613,1.553220,-1.650765
1.288515,1.017571,-0.161406,0.243687,1.683455,0.081940
1.292517,0.227116,-0.345610,-0.026032,1.813779,-1.835183
1.296519,0.310703,-0.524318,0.361799,1.944009,-0.010503
1.300520,-0.205376,-0.694527,0.014504,2.074475,1.539675
1.304522,-1.278408,-0.853364,-0.409092,2.204733,2.876089
1.308523,-0.804085,-0.998134,-0.290701,2.335356,-2.370273
1.312525,-1.046712,-1.126363,0.211022,2.465676,-1.157736
1.316527,-0.046358,-1.235843,0.589200,2.596468,0.426243
1.320528,-1.589011,-1.324665,-0.422665,2.726888,2.216518
1.324530,-1.205813,-1.391252,-0.415048,2.857860,-2.203797
1.328531,-0.385742,-1.434383,0.584758,2.988423,-0.362061
1.332533,-0.963469,-1.453221,0.056223,3.119583,1.445543
1.336535,-1.121144,-1.447323,-0.218698,-3.032853,-2.948937
1.340536,-1.000164,-1.416650,0.092691,-2.901494,-0.248404
1.344538,-0.810672,-1.361573,-0.042528,-2.770515,1.860175
1.348539,-1.053757,-1.282872,-0.224466,-2.638950,3.002056
1.352541,-0.565198,-1.181726,-0.168343,-2.507698,-2.050848
1.356543,-0.006770,-1.059697,0.396286,-2.375917,-0.574009
1.360544,0.158785,-0.918715,0.224646,-2.244356,1.065681
1.364546,-0.498747,-0.761047,-0.338812,-2.112349,2.876862
1.368547,-0.066717,-0.589270,0.047454,-1.980447,-1.337439
1.372549,-0.145161,-0.406230,0.009860,-1.848202,1.460818
1.376551,-0.346508,-0.215006,0.002501,-1.715937,-1.558168
1.380552,0.331391,-0.018857,0.386376,-1.583448,0.400659
1.384554,-0.492572,0.178821,-0.267160,-1.450809,2.050795
1.388555,-0.106336,0.374560,-0.530734,-1.318073,-2.767772
1.392557,0.331206,0.564874,-0.020662,-1.185067,-1.622356
1.396559,1.142186,0.746321,0.128368,-1.052088,-1.183274
1.400560,1.331969,0.915571,0.511407,-0.918735,-0.388784
1.404562,1.726715,1.069468,0.487144,-0.785526,0.780859
1.408563,0.722904,1.205098,-0.204947,-0.651862,1.908701
1.412565,0.870022,1.319843,-0.438720,-0.518441,2.666744
1.416567,0.521741,1.411444,-0.638296,-0.384511,-3.000285
1.420568,1.376065,1.478050,-0.332676,-0.250900,-1.936540
1.424570,2.482736,1.518260,0.830086,-0.116761,-0.677580
1.428571,2.957019,1.531163,0.795903,0.017009,0.600699
1.432573,1.750971,1.516366,-0.125842,0.151290,1.749887
1.436575,1.719539,1.474002,-0.433818,0.285181,2.560755
1.440576,1.128539,1.404743,-0.571170,0.419533,-2.932864
1.444578,1.654336,1.309784,-0.142315,0.553501,-1.776573
1.448579,2.074093,1.190824,0.628351,0.687849,-0.440711
1.452581,1.660096,1.050036,0.339828,0.821850,0.936068
1.456583,0.922872,0.890020,-0.244513,0.956122,2.222075
1.460584,0.370483,0.713749,-0.298604,1.090105,-3.010655
1.464586,0.632782,0.524510,-0.098467,1.224235,-1.886388
1.468587,0.184806,0.325831,0.312376,1.358152,-0.390183
1.472589,0.162888,0.121410,0.043825,1.492080,1.419849
1.476591,-1.011633,-0.084965,-0.199297,1.625884,-2.621776
1.480592,-0.293842,-0.289491,0.264510,1.759562,-0.236017
1.484594,-1.147540,-0.488430,-0.053971,1.893209,1.735219
1.488595,-1.317067,-0.678178,-0.258096,2.026602,-2.802965
1.492597,-0.912209,-0.855338,0.053143,2.160055,-1.037572
1.496599,-1.382357,-1.016779,-0.104465,2.293140,2.876921
1.500600,-1.020267,-1.159692,-0.117203,2.426368,-2.015144
1.504602,-1.173717,-1.281635,0.287368,2.559139,-0.871203
1.508603,-0.717052,-1.380573,0.613466,2.692118,0.348334
1.512605,-1.816290,-1.454907,-0.080600,2.824576,1.671966
1.516607,-2.676181,-1.503491,-0.787097,2.957290,3.028283
1.520608,-2.032122,-1.525642,-0.226100,3.089450,-1.930546
1.524610,-1.541365,-1.521150,0.333532,-3.061298,-0.681958
1.528611,-1.351575,-1.490260,0.196011,-2.929412,0.453086
1.532613,-1.181359,-1.433665,0.059311,-2.797250,0.453747
1.536615,-1.119893,-1.352480,0.152755,-2.665603,0.735172
1.540616,-0.676213,-1.248217,-0.154652,-2.533705,2.103462
1.544618,-1.420943,-1.122750,-0.257651,-2.402252,-2.805805
1.548619,-0.245900,-0.978279,-0.077504,-2.270590,-2.012472
1.552621,-1.042450,-0.817293,0.045193,-2.139276,-1.425448
1.556623,0.216351,-0.642526,0.487808,-2.007812,-0.105530
1.560624,-0.739197,-0.456916,0.129449,-1.876578,1.308286
1.564626,-0.675374,-0.263557,-0.234398,-1.745264,2.392347
1.568627,-0.727120,-0.065659,-0.318085,-1.614049,2.632500
1.572629,-0.748681,0.133499,-0.573311,-1.482831,-2.569897
1.576631,0.369042,0.330621,0.282045,-1.351578,-1.220049
1.580632,1.079766,0.522433,0.693845,-1.220399,0.035445
1.584634,0.611625,0.705736,0.317672,-1.089056,0.902471
1.588635,0.763635,0.877452,-0.034000,-0.957860,1.631606
1.592637,-0.050086,1.034670,-0.513533,-0.826384,2.642699
1.596639,0.623690,1.174691,-0.453616,-0.695114,-2.877085
1.600640,0.491494,1.295072,-0.493649,-0.563468,-2.411477
1.604642,1.461530,1.393668,0.230143,-0.432071,-1.361980
1.608643,2.859519,1.468669,1.398371,-0.300229,-0.108802
1.612645,1.692985,1.518638,0.616713,-0.168660,1.124986
1.616647,0.757745,1.542544,-0.794623,-0.036606,2.235034
1.620648,-0.173464,1.539781,-1.187799,0.095175,-3.064935
1.624650,1.091136,1.510193,-0.569953,0.227449,-2.073483
1.628651,1.995862,1.454084,0.585162,0.359471,-1.025935
1.632653,2.725997,1.372222,0.980732,0.491965,-0.022814
1.636655,2.290360,1.265841,0.589353,0.624247,0.837401
1.640656,1.159510,1.136625,-0.162378,0.756951,1.739837
1.644658,0.491164,0.986690,-1.027821,0.889498,2.894561
1.648659,0.322654,0.818550,-0.432696,1.022390,-2.048626
1.652661,1.735069,0.635082,0.481399,1.155197,-0.596026
1.656663,0.668589,0.439471,0.061476,1.288253,1.122853
1.660664,0.969375,0.235161,0.073389,1.421302,-1.169816
1.664666,0.726098,0.025791,0.236498,1.554493,0.233130
1.668667,0.206385,-0.184878,0.127704,1.687757,0.705749
1.672669,0.037256,-0.393028,0.123342,1.821050,1.224243
1.676671,-1.314504,-0.594862,-0.449656,1.954493,2.490456
1.680672,-1.275819,-0.786680,-0.472738,2.087854,-2.431936
1.684674,-0.992690,-0.964954,0.284480,2.221433,-1.052352
1.688675,-0.754280,-1.126396,0.440110,2.354830,0.457182
1.692677,-1.519845,-1.268022,-0.278261,2.488499,2.286969
1.696679,-1.447679,-1.387216,-0.158663,2.621905,-1.930605
1.700680,-0.822996,-1.481773,0.512884,2.755622,0.012764
1.704682,-1.368785,-1.549947,-0.118467,2.889017,1.833392
1.708683,-1.846151,-1.590479,-0.205305,3.022741,-2.600509
1.712685,-1.021406,-1.602617,0.008717,-3.127075,1.463736
1.716687,-1.937713,-1.586134,-0.273100,-2.993378,-2.552324
1.720688,-0.222351,-1.541321,0.377476,-2.860042,-0.659026
1.724690,-0.951658,-1.468983,0.177618,-2.726399,1.239846
1.728691,-0.736803,-1.370417,-0.581810,-2.593094,3.061615
1.732693,-0.362649,-1.247387,-0.003152,-2.459524,-1.576190
1.736695,0.611659,-1.102085,0.542745,-2.326242,-0.122266
1.740696,0.370827,-0.937094,0.174347,-2.192751,1.212808
1.744698,-0.248349,-0.755333,-0.360323,-2.059476,2.565750
1.748699,0.335568,-0.560014,-0.178836,-1.926060,-2.208938
1.752701,0.398817,-0.354581,0.134516,-1.792772,-0.002686
1.756703,0.528012,-0.142648,-0.243286,-1.659418,2.877846
1.760704,0.593788,0.072052,-0.048181,-1.526096,-1.678358
1.764706,1.414295,0.285739,0.503836,-1.392786,-0.160790
1.768707,1.265549,0.494645,0.153258,-1.259409,1.177646
1.772709,0.858790,0.695077,-0.084269,-1.126121,1.917375
1.776711,1.384601,0.883480,-0.274393,-0.992674,2.425189
1.780712,0.730617,1.056497,-0.469424,-0.859384,-2.690518
1.784714,2.326283,1.211028,0.078412,-0.725856,-1.422893
1.788715,2.165372,1.344285,0.418184,-0.592543,-0.280573
1.792717,2.817408,1.453843,0.262187,-0.458932,0.709701
1.796719,2.175288,1.537687,-0.037450,-0.325578,1.723143
1.800720,2.450607,1.594251,-0.039635,-0.191888,1.968735
1.804722,2.283471,1.622449,-0.158231,-0.058481,2.099978
1.808723,1.909377,1.621701,-0.540683,0.075276,-2.866648
1.812725,2.628425,1.591947,0.070484,0.208745,-1.461581
1.816727,3.142000,1.533655,0.536186,0.342551,-0.158232
1.820728,2.845980,1.447813,0.281324,0.476083,0.778003
1.824730,2.738809,1.335925,0.027915,0.609914,1.507906
1.828731,1.993934,1.199975,-0.483089,0.743500,2.606845
1.832733,2.177744,1.042402,-0.453338,0.877323,-2.479549
1.836735,2.385101,0.866054,0.102374,1.010947,-1.379157
1.840736,2.826651,0.674132,0.518986,1.144728,-0.237533
1.844738,1.848722,0.470132,0.168583,1.278363,1.194035
1.848739,1.398081,0.257778,-0.241263,1.412061,-2.962823
1.852741,1.084063,0.040948,0.426950,1.545674,0.049140
1.856743,0.527215,-0.176405,-0.298102,1.679249,1.935807
1.860744,-1.018016,-0.390327,-0.903146,1.812800,-2.647345
1.864746,0.667443,-0.596947,0.493587,1.946214,-0.973901
1.868747,0.144499,-0.792545,0.357519,2.079665,0.704734
1.872749,-0.340907,-0.973629,-0.013593,2.212885,2.810295
1.876751,0.103521,-1.136996,0.173827,2.346197,0.889272
1.880752,-0.938061,-1.279791,-0.249773,2.479200,2.549044
1.884754,-0.321919,-1.399555,-0.086980,2.612339,-2.355235
1.888756,-0.866912,-1.494268,-0.148954,2.745108,-2.886668
1.892757,-0.692653,-1.562377,0.039118,2.878043,-1.438202
1.896759,-0.226202,-1.602822,0.258645,3.010569,0.073188
1.900760,-1.113923,-1.615040,0.085278,-3.139912,0.813150
1.904762,-0.226456,-1.598973,0.084295,-3.007630,1.243010
1.908764,-1.564673,-1.555057,-0.353461,-2.875174,2.717411
1.912765,-0.398819,-1.484208,-0.124910,-2.743131,-1.982287
1.916767,-0.656822,-1.387795,0.031750,-2.610936,-0.986853
1.920768,-0.219873,-1.267608,0.001305,-2.479121,-1.566491
1.924770,0.519516,-1.125824,0.570292,-2.347189,0.003509
1.928772,-0.045272,-0.964960,-0.017250,-2.215580,1.596127
1.932773,-0.328601,-0.787828,-0.642209,-2.083903,-3.117508
1.936775,0.370962,-0.597483,0.005636,-1.952474,-1.559930
1.940776,0.803211,-0.397173,0.373066,-1.821032,0.067512
1.944778,0.753361,-0.190287,-0.094090,-1.689750,1.942208
1.948780,0.345471,0.019701,-0.144562,-1.558511,-2.232316
1.952781,1.408627,0.229285,0.246760,-1.427338,-0.400291
1.956783,0.826861,0.434978,0.140329,-1.296265,1.052311
1.960784,1.055392,0.633364,-0.203157,-1.165160,2.273325
1.964786,0.848465,0.821149,-0.343153,-1.034206,-2.675797
1.968788,1.540154,0.995209,0.197417,-0.903128,-1.083827
1.972789,2.180577,1.152633,0.297068,-0.772241,0.756044
1.976791,1.117489,1.290770,-0.388663,-0.641150,2.751127
1.980792,2.262196,1.407270,-0.044773,-0.510279,-1.662520
1.984794,2.191426,1.500117,0.553992,-0.379139,-0.009577
1.988796,2.217205,1.567668,0.034141,-0.248231,1.512179
1.992797,1.132898,1.608677,-0.559251,-0.117008,2.979147
1.996799,1.594660,1.622324,-0.159069,0.013987,-1.895545
2.000800,2.077725,1.608228,0.320423,0.145323,-0.683923
2.004802,1.940283,1.566466,0.435168,0.276451,0.289498
2.008804,1.954712,1.497576,0.051946,0.407921,1.493406
2.012805,0.796591,1.402560,-0.874813,0.539220,2.938344
2.016807,1.825331,1.282874,-0.239490,0.670840,-1.824987
2.020808,2.675619,1.140418,0.738106,0.802334,-0.320399
2.024810,2.231728,0.977509,0.224909,0.934107,1.029059
2.028812,1.796197,0.796854,0.016334,1.065807,1.488079
2.032813,1.444491,0.601505,-0.158037,1.197724,2.117748
2.036815,0.946586,0.394813,-0.258925,1.329623,-2.793679
2.040816,1.042675,0.180374,0.000567,1.461661,-1.556146
2.044818,0.332168,-0.038043,-0.273568,1.593737,-2.786802
2.048820,0.626751,-0.256558,0.170558,1.725866,-1.250830
2.052821,0.606719,-0.471256,0.566987,1.858083,0.286324
2.056823,-0.276660,-0.678267,-0.077315,1.990263,1.757664
2.060824,-0.675717,-0.873835,-0.112604,2.122575,2.573694
2.064826,-0.993847,-1.054402,-0.224019,2.254762,2.410915
2.068828,-1.384429,-1.216675,-0.418160,2.387112,-2.490294
2.072829,-0.718270,-1.357696,0.318964,2.519257,-0.986336
2.076831,-0.611281,-1.474901,0.409736,2.651584,0.502252
2.080832,-1.147895,-1.566174,-0.070507,2.783639,1.825497
2.084834,-1.076650,-1.629883,-0.138555,2.915877,2.541912
2.088836,-1.286680,-1.664917,-0.223392,3.047793,-2.913773
2.092837,-0.928474,-1.670705,0.016355,-3.103309,-1.513274
2.096839,-0.776297,-1.647222,0.265777,-2.971581,0.116065
2.100840,-1.166110,-1.594989,-0.103171,-2.839717,2.097082
2.104842,-1.010430,-1.515054,-0.045122,-2.708225,-1.756298
2.108844,-0.660305,-1.408971,0.429685,-2.576646,0.213341
2.112845,-0.875937,-1.278759,-0.192868,-2.445439,1.870196
2.116847,-1.501881,-1.126861,-0.758173,-2.314207,-2.861582
2.120848,0.018691,-0.956089,0.157775,-2.183330,-1.370103
2.124850,0.615172,-0.769561,0.670984,-2.052502,0.057424
2.128852,0.539726,-0.570640,0.080885,-1.921998,1.406494
2.132853,0.351775,-0.362861,-0.284010,-1.791622,2.698056
2.136855,0.869553,-0.149865,-0.086353,-1.661525,-2.295042
2.140856,1.070137,0.064672,-0.052483,-1.531635,2.392686
2.144858,1.171413,0.277106,-0.205582,-1.401971,-2.533431
2.148860,1.524715,0.483887,0.138617,-1.272587,-1.145676
2.152861,1.945839,0.681622,0.306197,-1.143369,0.056384
2.156863,1.728390,0.867122,0.186419,-1.014493,0.866950
2.160864,1.592646,1.037455,-0.103242,-0.885722,1.846405
2.164866,1.541378,1.189983,-0.380262,-0.757341,-3.107349
2.168868,1.717484,1.322395,-0.032480,-0.629003,-1.774832
2.172869,2.344738,1.432734,-0.233135,-0.501084,-2.922276
2.176871,1.912067,1.519419,0.068458,-0.373154,-1.453394
2.180872,3.538508,1.581254,0.656966,-0.245651,0.117611
2.184874,1.698672,1.617440,-0.050149,-0.118090,1.706160
2.188876,2.609212,1.627575,0.177535,0.009058,0.178109
2.192877,1.385599,1.611649,-0.139818,0.136301,1.759188
2.196879,0.743135,1.570037,-1.064863,0.263168,-2.954821
2.200880,1.596296,1.503489,0.149530,0.390158,-1.433839
2.204882,2.511528,1.413108,0.884772,0.516828,-0.018842
2.208884,1.677040,1.300341,0.211540,0.643638,1.253914
2.212885,1.189782,1.166953,-0.499311,0.770200,2.596936
2.216887,1.244407,1.015005,-0.192651,0.896904,-1.972387
2.220888,1.976046,0.846830,0.416917,1.023445,0.253184
2.224890,0.912090,0.665004,-0.473627,1.150117,2.577064
2.228892,1.058910,0.472314,-0.096502,1.276716,-1.702254
2.232893,1.948443,0.271725,0.754341,1.403424,0.147191
2.236895,0.435153,0.066341,-0.222045,1.530147,1.955656
2.240896,0.467044,-0.140636,-0.227554,1.656948,-2.434325
2.244898,0.359340,-0.345952,0.091460,1.783848,0.555406
2.248900,-0.178462,-0.546344,-0.213871,1.910785,2.988618
2.252901,-0.155613,-0.738594,-0.099619,2.037897,-1.943480
2.256903,-0.287467,-0.919579,0.257290,2.165002,-0.793091
2.260904,-0.176191,-1.086320,0.393878,2.292343,0.630328
2.264906,-1.357640,-1.236038,-0.342586,2.419636,2.315315
2.268908,-1.400849,-1.366199,-0.164957,2.547209,-2.000192
2.272909,-1.131025,-1.474567,0.281509,2.674695,0.430799
2.276911,-2.003301,-1.559243,-0.343052,2.802488,2.815662
2.280912,-1.672248,-1.618706,0.049058,2.930162,-1.430475
2.284914,-1.565122,-1.651844,0.140935,3.058152,0.651055
2.288916,-1.884308,-1.657979,-0.018384,-3.097184,-1.691323
2.292917,-1.270818,-1.636885,0.373722,-2.969026,0.385580
2.296919,-1.959176,-1.588796,-0.270869,-2.841018,2.120177
2.300920,-2.030266,-1.514405,-0.386454,-2.712727,-2.586460
2.304922,-1.110885,-1.414854,0.071266,-2.584580,-1.330264
2.308924,-1.352882,-1.291718,0.206044,-2.456190,-0.501372
2.312925,-0.496305,-1.146978,0.172103,-2.327924,0.555507
2.316927,-1.053705,-0.982985,0.069942,-2.199464,0.619114
2.320928,-0.170409,-0.802421,0.188903,-2.071097,1.053450
2.324930,-0.781153,-0.608254,-0.577024,-1.942591,2.521570
2.328932,-0.622492,-0.403683,-0.514196,-1.814135,-2.244701
2.332933,1.240386,-0.192083,0.442127,-1.685598,-0.820428
2.336935,0.463972,0.023048,0.338793,-1.557059,0.144712
2.340936,1.473093,0.238153,0.318870,-1.428497,0.480486
2.344938,0.279484,0.449672,0.011136,-1.299874,1.545948
2.348940,0.612922,0.654101,-0.263933,-1.171279,2.547959
2.352941,0.251761,0.848047,-0.307071,-1.042564,2.744358
2.356943,0.232020,1.028283,-0.523868,-0.913919,-2.551736
2.360944,1.398732,1.191800,0.270682,-0.785099,-1.220160
2.364946,1.820684,1.335854,0.707815,-0.656381,0.104980
2.368948,1.791545,1.458009,0.178230,-0.527441,1.207759
2.372949,1.472400,1.556182,-0.120639,-0.398624,1.859212
2.376951,1.205565,1.628675,-0.547343,-0.269547,2.732314
2.380952,1.386257,1.674204,-0.513753,-0.140603,-2.301006
2.384954,2.108825,1.691924,0.490912,-0.011372,-0.907271
2.388956,2.379499,1.681444,0.534556,0.117732,0.546831
2.392957,1.162490,1.642837,-0.127615,0.247134,2.027007
2.396959,1.485731,1.576643,0.087529,0.376429,0.291107
2.400960,0.957130,1.483866,-0.052200,0.506021,1.715403
2.404962,0.551771,1.365958,-0.433046,0.635541,2.920617
2.408964,0.631303,1.224803,-0.390474,0.765342,-2.513266
2.412965,0.866715,1.062691,-0.010806,0.895116,-1.585950
2.416967,1.938481,0.882284,0.919682,1.025145,-0.325096
2.420968,1.212384,0.686577,0.486563,1.155198,1.081117
2.424970,-0.070956,0.478856,-0.697493,1.285469,2.536622
2.428972,0.002009,0.262639,-0.317176,1.415818,-2.275931
2.432973,0.196531,0.041625,0.069109,1.546336,-0.757111
2.436975,-0.277457,-0.180374,-0.177546,1.676986,-2.527667
2.440976,0.054745,-0.399495,0.200936,1.807751,-1.018562
2.444978,-0.186891,-0.611898,0.337448,1.938697,0.554380
2.448980,-0.644384,-0.813835,-0.207824,2.069700,2.305583
2.452981,-1.273286,-1.001717,-0.072346,2.200922,-1.884940
2.456983,-0.780097,-1.172190,0.241128,2.332144,0.230341
2.460984,-2.113167,-1.322201,-0.113302,2.463611,2.007775
2.464986,-1.920514,-1.449055,-0.230312,2.595022,-2.679598
2.468988,-2.328751,-1.550477,0.122689,2.726691,-1.095636
2.472989,-1.745996,-1.624659,0.307325,2.858253,0.565373
2.476991,-2.710509,-1.670295,-0.334699,2.990069,2.215162
2.480992,-2.706492,-1.686611,-0.607210,3.121739,-2.470319
2.484994,-1.589193,-1.673382,0.558417,-3.029542,-0.901004
2.488996,-1.551171,-1.630934,0.656873,-2.897814,0.668885
2.492997,-2.548471,-1.560138,-0.380216,-2.765888,2.280839
2.496999,-2.602739,-1.462390,-0.135235,-2.634154,-2.168752
2.501000,-2.199555,-1.339580,0.037867,-2.502272,1.264437
2.505002,-2.553146,-1.194052,-0.182516,-2.370587,-2.827725
2.509004,-1.782151,-1.028551,0.081559,-2.238816,-0.073217
2.513005,-1.949652,-0.846166,-0.321985,-2.107237,3.004576
2.517007,-1.027606,-0.650262,0.020186,-1.975641,-1.538156
2.521008,-0.029759,-0.444409,0.708675,-1.844220,0.098549
2.525010,-0.284626,-0.232311,-0.062580,-1.712854,1.687746
2.529012,-0.410240,-0.017727,-0.178054,-1.581636,3.022781
2.533013,0.216652,0.195597,-0.147629,-1.450541,2.272677
2.537015,-0.351723,0.404000,-0.360796,-1.319554,-2.572673
2.541016,0.846203,0.603969,0.182871,-1.188752,-1.054928
2.545018,0.348760,0.792195,0.126587,-1.058011,-0.114717
2.549020,0.905226,0.965628,0.276788,-0.927502,-0.317930
2.553021,0.555161,1.121516,0.212474,-0.797003,1.129555
2.557023,0.074365,1.257443,-0.398956,-0.666764,2.682781
2.561024,0.284334,1.371357,-0.084122,-0.536482,-2.285480
2.565026,0.185083,1.461589,-0.344158,-0.406472,2.991542
2.569028,0.220748,1.526867,-0.154670,-0.276365,-1.780486
2.573029,1.524713,1.566326,0.876350,-0.146519,-0.235487
2.577031,0.519117,1.579507,0.238532,-0.016529,1.256827
2.581032,0.141140,1.566360,-0.381151,0.113228,2.533742
2.585034,-0.182611,1.527233,-0.302461,0.243171,3.082949
2.589036,0.034592,1.462864,-0.293225,0.372929,-2.271165
2.593037,0.477219,1.374363,0.392397,0.502903,-0.723017
2.597039,0.481419,1.263204,0.181202,0.632757,1.167484
2.601040,-0.335085,1.131197,-0.428011,0.762847,-2.892820
2.605042,0.660229,0.980471,0.391108,0.892891,-0.772347
2.609044,0.152200,0.813445,0.270454,1.023179,1.114651
2.613045,-0.436993,0.632802,-0.533315,1.153503,2.936312
2.617047,-0.495795,0.441457,0.046153,1.284064,-1.443036
2.621048,0.027533,0.242515,0.121418,1.414746,0.823616
2.625050,-1.056793,0.039237,-0.091934,1.545649,-2.602739
2.629052,-0.227089,-0.165012,0.070360,1.676751,0.784706
2.633053,-1.626514,-0.366804,-0.292941,1.808050,-2.813230
2.637055,-0.282069,-0.562706,0.394780,1.939621,-0.878260
2.641056,-1.202618,-0.749335,0.526499,2.071356,0.925170
2.645058,-2.084939,-0.923412,-0.893004,2.203421,2.714390
2.649060,-2.223388,-1.081827,-0.159352,2.335615,-1.745079
2.653061,-0.885100,-1.221695,0.741099,2.468182,0.130230
2.657063,-2.392718,-1.340416,-0.218477,2.600840,1.997725
2.661064,-2.188624,-1.435730,-0.232197,2.733896,-2.694564
2.665066,-2.436891,-1.505773,-0.199389,2.867006,-2.764721
2.669068,-2.317454,-1.549116,0.034137,3.000518,-1.509859
2.673069,-1.877697,-1.564811,0.757110,3.134052,0.055916
2.677071,-2.770427,-1.552418,-0.019890,-3.015216,1.601593
2.681072,-3.423429,-1.512022,-0.242609,-2.881305,2.810313
2.685074,-2.988755,-1.444250,-0.242070,-2.747050,2.306462
2.689076,-3.790777,-1.350259,-0.636467,-2.612824,-2.615754
2.693077,-1.831932,-1.231727,0.383887,-2.478313,-1.067468
2.697079,-1.980876,-1.090818,0.452626,-2.343847,0.545942
2.701080,-1.762356,-0.930144,-0.114519,-2.209171,2.683056
2.705082,-1.387346,-0.752712,0.292362,-2.074548,-0.027331
2.709084,-1.341669,-0.561859,0.024450,-1.939801,1.518069
2.713085,-1.657205,-0.361182,-0.442658,-1.805108,2.808996
2.717087,-1.384051,-0.154463,-0.310994,-1.670383,-2.366280
2.721088,-0.609283,0.054410,0.144343,-1.535710,-1.223312
2.725090,-0.183071,0.261529,0.359908,-1.401098,0.074843
2.729092,-0.106032,0.463048,0.016466,-1.266532,1.493703
2.733093,0.019972,0.655259,-0.032045,-1.132119,-2.381389
2.737095,0.792588,0.834673,0.179738,-0.997745,0.492433
2.741096,0.472233,0.998085,-0.108108,-0.863606,1.823038
2.745098,0.596908,1.142633,-0.684888,-0.729501,3.113987
2.749100,0.646700,1.265853,-0.257229,-0.595700,-1.861723
2.753101,2.274849,1.365714,0.823275,-0.461927,-0.576542
2.757103,1.512912,1.440652,0.758455,-0.328511,0.611837
2.761104,0.873691,1.489582,-0.059708,-0.195119,1.641641
2.765106,-0.405241,1.511907,-0.741677,-0.062112,2.621535
2.769108,-0.409519,1.507514,-0.740398,0.070872,-2.565373
2.773109,0.364372,1.476756,0.142894,0.203469,-1.391422
2.777111,0.736583,1.420434,0.595262,0.336044,-0.264097
2.781112,0.713372,1.339770,0.338835,0.468251,0.712998
2.785114,0.017288,1.236371,-0.043476,0.600435,1.692747
2.789116,0.136797,1.112193,-0.231691,0.732291,2.972412
2.793117,-0.078752,0.969503,0.059507,0.864119,-0.499474
2.797119,0.058959,0.810835,-0.162815,0.995679,2.134371
2.801120,-0.639473,0.638943,-0.419776,1.127204,-2.558650
2.805122,0.346218,0.456761,0.257228,1.258532,-1.033112
2.809124,0.033653,0.267357,0.260318,1.389817,0.363786
2.813125,-0.009729,0.073885,0.144830,1.520987,-0.185935
2.817127,-0.169741,-0.120456,0.307755,1.652103,0.883842
2.821128,-0.980881,-0.312469,-0.481848,1.783188,2.365815
2.825130,-1.399585,-0.499001,-0.484450,1.914208,-2.455906
2.829132,-0.624004,-0.676991,0.135626,2.045280,-1.228602
2.833133,-1.023941,-0.843507,0.230493,2.176277,-0.702569
2.837135,-0.531294,-0.995792,0.449625,2.307401,0.178747
2.841136,-1.328892,-1.131304,0.060611,2.438445,1.452310
2.845138,-1.554171,-1.247752,-0.334540,2.569680,2.587705
2.849140,-1.682956,-1.343134,-0.349967,2.700833,3.083993
2.853141,-1.828033,-1.415773,-0.429878,2.832226,-2.334687
2.857143,-0.832357,-1.464347,0.453878,2.963539,-1.023660
2.861144,-0.804409,-1.487915,0.846868,3.095124,0.391438
2.865146,-1.674923,-1.485942,-0.175192,-3.056549,1.819700
2.869148,-2.331473,-1.458313,-0.313947,-2.924753,-3.122890
2.873149,-1.822617,-1.405348,-0.093809,-2.793018,2.090880
2.877151,-2.707206,-1.327804,-0.592742,-2.661009,-2.965717
2.881152,-1.486567,-1.226874,0.054875,-2.529046,-1.505496
2.885154,-0.961795,-1.104174,0.840155,-2.396837,-0.023447
2.889156,-0.936801,-0.961723,0.101421,-2.264656,1.411223
2.893157,-1.704231,-0.801910,-0.323957,-2.132273,2.594085
2.897159,-0.891885,-0.627462,-0.313938,-1.999897,-2.941312
2.901160,-0.994250,-0.441393,-0.043747,-1.867376,-1.672114
2.905162,0.231274,-0.246954,0.504609,-1.734839,0.052832
2.909164,-0.622585,-0.047576,-0.210239,-1.602221,1.963149
2.913165,-0.529457,0.153197,-0.458212,-1.469566,-2.437746
2.917167,0.615073,0.351776,0.454928,-1.336899,-0.740373
2.921168,0.620998,0.544590,0.440552,-1.204176,0.686019
2.925170,0.568903,0.728164,-0.129240,-1.071509,1.805010
2.929172,0.018103,0.899181,-0.662316,-0.938772,2.889658
2.933173,0.776436,1.054549,-0.458016,-0.806156,-2.140376
2.937175,1.953473,1.191464,0.640368,-0.673461,-0.805839
2.941176,2.386240,1.307463,0.759179,-0.540943,0.526588
2.945178,1.505138,1.400470,-0.178699,-0.408346,1.812182
2.949180,1.129156,1.468842,-0.584549,-0.275970,3.029635
2.953181,1.423717,1.511387,-0.222167,-0.143519,-2.107262
2.957183,1.695300,1.527393,0.148024,-0.011319,-1.031583
2.961184,1.419577,1.516629,0.127691,0.120945,-0.245283
2.965186,1.284315,1.479349,0.120307,0.252946,-0.761640
2.969188,1.153978,1.416277,0.413845,0.384998,0.240847
2.973189,0.654312,1.328590,0.006583,0.516793,1.560947
2.977191,-0.479831,1.217889,-0.778385,0.648620,2.934288
2.981192,-0.058126,1.086164,-0.317584,0.780216,-1.998476
2.985194,0.623657,0.935752,0.457378,0.911823,-0.737435
2.989196,0.449853,0.769297,0.416911,1.043239,0.359761
2.993197,0.155853,0.589698,0.102307,1.174647,1.250259
2.997199,-0.321481,0.400060,-0.114883,1.305915,1.981744
3.001200,-0.640537,0.203641,-0.328351,1.437154,2.859721
3.005202,-0.662008,0.003797,-0.230689,1.568312,-2.187948
3.009204,-0.543940,-0.196071,0.275097,1.699421,-0.681851
3.013205,-0.567378,-0.392570,0.075972,1.830512,1.187916
3.017207,-1.380465,-0.582372,-0.091191,1.961538,-2.194024
3.021208,-0.789971,-0.762262,0.269251,2.092608,-0.150145
3.025210,-1.453331,-0.929191,0.100828,2.223598,1.225175
3.029212,-1.825807,-1.080323,-0.175310,2.354692,2.127862
3.033213,-1.970605,-1.213078,-0.503232,2.485697,-3.070325
3.037215,-2.161810,-1.325177,-0.056647,2.616856,-1.660052
3.041216,-0.712537,-1.414677,0.576816,2.747925,-0.122926
3.045218,-2.295434,-1.480005,0.026842,2.879186,1.495839
3.049220,-1.619940,-1.519985,-0.104997,3.010363,-2.695834
3.053221,-2.223399,-1.533863,0.162006,-3.141427,0.226593
3.057223,-2.111850,-1.521323,-0.017704,-3.010106,1.624616
3.061224,-2.825555,-1.482495,-0.541732,-2.878554,2.965339
3.065226,-2.647697,-1.417964,-0.185233,-2.747061,-1.816481
3.069228,-1.242453,-1.328761,0.833278,-2.615342,-0.207673
3.073229,-2.237777,-1.216355,0.089011,-2.483661,1.456885
3.077231,-2.521329,-1.082631,-0.600145,-2.351772,3.134180
3.081232,-1.860966,-0.929860,0.020583,-2.219898,-1.516402
3.085234,-1.609029,-0.760668,0.180803,-2.087846,-0.008796
3.089236,-1.400430,-0.577986,0.007485,-1.955783,1.253110
3.093237,-1.337975,-0.385008,0.130428,-1.823584,-0.405327
3.097239,-0.776736,-0.185124,0.182458,-1.691346,1.039851
3.101240,-1.351833,0.018130,-0.499026,-1.559020,2.590081
3.105242,-0.792298,0.221146,-0.349901,-1.426627,-2.080576
3.109244,0.465091,0.420305,0.623921,-1.294198,-0.406696
3.113245,0.140656,0.612052,0.084568,-1.161679,1.398469
3.117247,-0.026890,0.792954,-0.278400,-1.029173,-2.709292
3.121248,0.632574,0.959776,0.280245,-0.896556,-0.354115
3.125250,0.403506,1.109537,0.037873,-0.763999,1.448454
3.129252,0.361436,1.239564,-0.205337,-0.631316,2.745366
3.133253,0.321275,1.347551,-0.174208,-0.498731,-3.014229
3.137255,0.761971,1.431591,-0.164926,-0.366011,-2.287327
3.141257,0.717755,1.490221,0.044802,-0.233420,-1.421737
3.145258,1.647826,1.522442,0.365079,-0.100692,-0.616333
3.149260,1.298832,1.527740,0.614221,0.031887,0.559899
3.153261,0.965444,1.506091,-0.367927,0.164596,1.979265
3.157263,-0.191426,1.457961,-0.816342,0.297147,-2.808801
3.161265,1.073424,1.384291,0.072873,0.429814,-1.419681
3.165266,0.561032,1.286479,-0.040058,0.562328,-1.715554
3.169268,0.996497,1.166347,0.682224,0.694936,-0.639380
3.173269,1.022427,1.026106,0.703837,0.827409,0.954074
3.177271,-1.522437,0.868311,-1.061131,0.959951,2.668051
3.181273,-0.379484,0.695813,-0.116185,1.092386,-1.706014
3.185274,-0.315736,0.511702,0.479609,1.224862,0.659272
3.189276,-1.407949,0.319252,-0.706018,1.357271,2.975509
3.193277,-0.563797,0.121862,0.093405,1.489695,-1.449293
3.197279,-0.367266,-0.077004,0.557858,1.622097,0.240406
3.201281,-0.799361,-0.273876,-0.091386,1.754489,1.999483
3.205282,-1.135902,-0.465335,0.150597,1.886910,-0.335461
3.209284,-1.215570,-0.648070,0.058924,2.019298,1.407560
3.213285,-2.077591,-0.818934,-0.354231,2.151763,2.903425
3.217287,-1.971156,-0.974994,-0.093626,2.284177,-2.088004
3.221289,-1.953713,-1.113580,-0.101622,2.416715,-2.512772
3.225290,-2.001739,-1.232325,0.053066,2.549189,-1.393742
3.229292,-1.453660,-1.329209,0.310616,2.681826,0.166381
3.233293,-2.033018,-1.402586,-0.052167,2.814395,1.935996
3.237295,-1.747849,-1.451215,0.125468,2.947156,-0.028423
3.241297,-2.174884,-1.474276,-0.123253,3.079852,1.927780
3.245298,-2.546511,-1.471392,-0.384715,-3.070424,-2.491454
3.249300,-1.904948,-1.442632,0.409312,-2.937573,-0.647147
3.253301,-1.999782,-1.388514,0.226586,-2.804503,1.035159
3.257303,-2.653554,-1.309998,-0.195291,-2.671477,2.197735
3.261305,-2.428317,-1.208477,-0.474484,-2.538240,3.011506
3.265306,-2.507191,-1.085751,-0.248427,-2.405027,-1.895462
3.269308,-0.846879,-0.944002,0.880891,-2.271626,-0.287247
3.273309,-1.800018,-0.785755,0.102554,-2.138228,1.439232
3.277311,-2.229673,-0.613839,-0.443818,-2.004676,-2.893080
3.281313,-1.381723,-0.431336,0.237381,-1.871103,-0.238729
3.285314,-1.859467,-0.241527,-0.175498,-1.737420,2.350943
3.289316,-1.171528,-0.047833,0.058788,-1.603696,-1.202133
3.293317,-1.007202,0.146251,-0.056809,-1.469913,1.721452
3.297319,-1.214462,0.337216,-0.642561,-1.336071,-2.757941
3.301321,0.272383,0.521612,0.280969,-1.202225,-1.219885
3.305322,0.734127,0.696110,0.713532,-1.068309,0.115017
3.309324,0.571086,0.857572,0.227196,-0.934446,1.147500
3.313325,0.065131,1.003106,-0.205292,-0.800505,1.976473
3.317327,-0.410536,1.130127,-0.548395,-0.666670,2.964773
3.321329,0.142652,1.236402,-0.324836,-0.532756,-2.229757
3.325330,0.180703,1.320095,0.154912,-0.398995,-1.223055
3.329332,1.256699,1.379796,0.411690,-0.265162,-0.356259
3.333333,0.685645,1.414550,0.422389,-0.131522,0.668528
3.337335,0.911598,1.423873,-0.262992,0.002172,1.994352
3.341337,0.087960,1.407753,-0.577241,0.135643,-2.753046
3.345338,1.477933,1.366652,0.234766,0.269142,-1.017646
3.349340,0.982313,1.301486,0.045141,0.402395,1.358104
3.353341,0.923924,1.213608,-0.132749,0.535640,-1.999142
3.357343,1.192782,1.104771,0.467344,0.668626,-0.080475
3.361345,0.710616,0.977089,-0.006807,0.801561,1.587750
3.365346,-0.119706,0.832992,-0.146222,0.934237,2.870803
3.369348,0.249286,0.675172,-0.138338,1.066813,2.346318
3.373349,-0.951521,0.506525,-0.302755,1.199139,-2.621402
3.377351,0.073474,0.330093,0.042416,1.331321,-1.419008
3.381353,-0.827213,0.149005,0.119401,1.463272,-1.136883
3.385354,0.034819,-0.033581,0.605587,1.595036,-0.103550
3.389356,-0.756634,-0.214536,0.192388,1.726600,1.342041
3.393357,-2.040614,-0.390811,-0.806694,1.857941,2.833872
3.397359,-1.043930,-0.559489,-0.277116,1.989121,-2.024183
3.401361,-1.218810,-0.717825,0.247861,2.120054,-0.819821
3.405362,-0.339275,-0.863287,0.209988,2.250870,-0.002083
3.409364,-1.173961,-0.993588,0.091289,2.381426,0.833985
3.413365,-0.547941,-1.106713,0.047415,2.511913,0.687455
3.417367,-0.963196,-1.200942,0.079815,2.642142,1.186932
3.421369,-1.280218,-1.274863,-0.312593,2.772349,2.608820
3.425370,-1.194485,-1.327393,-0.228778,2.902312,-2.128268
3.429372,-1.029025,-1.357777,0.343821,3.032295,-0.546190
3.433373,-0.775801,-1.365603,0.150133,-3.121126,0.990389
3.437375,-1.508135,-1.350796,-0.020661,-2.991304,1.798018
3.441377,-0.895649,-1.313618,-0.058602,-2.861664,1.803680
3.445378,-1.701561,-1.254666,-0.494313,-2.731938,-2.999933
3.449380,-0.617616,-1.174857,0.114585,-2.602350,-1.388348
3.453381,-0.191401,-1.075425,0.559363,-2.472656,0.290678
3.457383,-0.912057,-0.957896,-0.207542,-2.343048,2.155657
3.461385,-0.368910,-0.824078,0.039862,-2.213321,-1.394055
3.465386,-0.466707,-0.676038,0.206719,-2.083626,1.075617
3.469388,-0.774839,-0.516072,-0.596103,-1.953809,2.892709
3.473389,-0.454244,-0.346686,-0.061106,-1.823967,-1.673143
3.477391,0.388849,-0.170556,0.361566,-1.694008,0.102294
3.481393,0.087078,0.009499,-0.097558,-1.563970,-2.821479
3.485394,0.618705,0.190563,0.434510,-1.433827,-0.203787
3.489396,0.911185,0.369662,0.034418,-1.303555,1.519224
3.493397,-0.169489,0.543807,-0.610342,-1.173195,3.140963
3.497399,1.402681,0.710043,-0.051866,-1.042663,-1.755847
3.501401,0.732143,0.865498,-0.182729,-0.912061,-2.352992
3.505402,1.927961,1.007431,0.307790,-0.781253,-1.062419
3.509404,1.946511,1.133281,0.662561,-0.650395,0.438795
3.513405,1.185126,1.240718,-0.150420,-0.519308,1.876205
3.517407,1.284212,1.327688,-0.100419,-0.388186,2.379146
3.521409,0.891111,1.392454,-0.267432,-0.256822,2.318251
3.525410,1.074142,1.433640,-0.530801,-0.125437,-2.738906
3.529412,1.403402,1.450259,-0.044810,0.006190,-1.650684
3.533413,2.410476,1.441743,0.418453,0.137829,-0.784893
3.537415,2.390434,1.407969,0.692495,0.269697,0.305700
3.541417,1.928567,1.349267,-0.066846,0.401569,1.664286
3.545418,1.040704,1.266425,-0.465365,0.533645,-3.122850
3.549420,1.498663,1.160686,0.022332,0.665720,-1.326519
3.553421,1.091747,1.033732,-0.201838,0.797964,2.858681
3.557423,0.783513,0.887656,-0.089069,0.930205,-1.910770
3.561425,1.385989,0.724932,0.055090,1.062572,-1.148839
3.565426,0.548455,0.548368,0.186156,1.194938,-0.911643
3.569428,1.568508,0.361057,0.429657,1.327381,0.589339
3.573429,-0.621129,0.166319,-0.397047,1.459825,2.374163
3.577431,0.280451,-0.032364,-0.122961,1.592294,-1.829320
3.581433,-0.395898,-0.231415,0.452666,1.724767,0.414922
3.585434,-0.849372,-0.427233,-0.406517,1.857213,2.423676
3.589436,-1.471486,-0.616267,-0.195546,1.989665,-2.024566
3.593437,-0.739650,-0.795081,0.209164,2.122041,-0.041003
3.597439,-1.691557,-0.960427,-0.171213,2.254427,-2.842607
3.601441,-0.994627,-1.109306,0.256107,2.386694,-0.882644
3.605442,-1.426007,-1.239023,0.387579,2.518972,0.700377
3.609444,-1.863838,-1.347240,-0.270299,2.651097,2.170981
3.613445,-2.488692,-1.432016,-0.358070,2.783232,-2.733526
3.617447,-1.757904,-1.491844,0.068972,2.915189,-1.360483
3.621449,-1.834439,-1.525671,0.330998,3.047155,0.235485
3.625450,-1.951324,-1.532915,-0.201152,-3.104255,2.051278
3.629452,-2.274774,-1.513471,-0.444446,-2.972476,-2.422306
3.633453,-0.920323,-1.467706,0.554577,-2.840888,-0.673383
3.637455,-1.057674,-1.396447,0.345064,-2.709301,1.049646
3.641457,-1.632925,-1.300958,-0.473284,-2.577893,2.778458
3.645458,-1.162139,-1.182917,-0.022629,-2.446490,-1.687182
3.649460,-0.966690,-1.044380,-0.134719,-2.315243,2.767474
3.653461,-1.086290,-0.887743,-0.022471,-2.184007,-1.631833
3.657463,-0.216151,-0.715699,0.391426,-2.052895,0.196604
3.661465,-1.258084,-0.531193,-0.180147,-1.921800,2.343570
3.665466,-0.405472,-0.337374,0.162914,-1.790790,-0.944528
3.669468,-0.789563,-0.137538,0.189587,-1.659803,1.203956
3.673469,-1.113389,0.064918,-0.660363,-1.528860,3.016810
3.677471,-0.483203,0.266554,0.070576,-1.397948,-1.454563
3.681473,0.332044,0.463940,0.382271,-1.267038,0.565998
3.685474,-0.327819,0.653714,-0.400426,-1.136168,2.821246
3.689476,0.333318,0.832633,-0.000129,-1.005263,-1.571055
3.693477,1.005466,0.997628,0.494959,-0.874406,-0.106792
3.697479,0.666857,1.145858,0.247208,-0.743482,0.969851
3.701481,0.626509,1.274753,-0.110149,-0.612612,1.811038
3.705482,0.031950,1.382063,-0.513558,-0.481649,2.780946
3.709484,0.616397,1.465892,-0.449222,-0.350745,-2.465724
3.713485,0.993005,1.524741,0.021324,-0.219732,-1.532060
3.717487,1.785978,1.557530,0.436566,-0.088779,-0.715975
3.721489,1.957932,1.563622,0.693559,0.042290,0.193796
3.725490,1.412700,1.542841,0.232550,0.173298,1.293184
3.729492,0.431929,1.495477,-0.730544,0.304420,2.535324
3.733493,0.268891,1.422284,-0.555331,0.435484,-2.404656
3.737495,1.306056,1.324471,0.248385,0.566651,-0.950608
3.741497,0.709174,1.203680,-0.029134,0.697766,1.960697
3.745498,1.014413,1.061965,-0.033956,0.828967,-1.652760
3.749500,1.304793,0.901754,0.647590,0.960124,-0.213163
3.753501,1.094409,0.725807,0.342641,1.091341,1.084782
3.757503,-0.217684,0.537170,-0.430895,1.222523,2.217676
3.761505,-0.623361,0.339116,-0.754000,1.353735,-3.029293
3.765506,-0.707152,0.135089,-0.265804,1.484922,-1.877634
3.769508,0.232039,-0.071361,0.792326,1.616106,-0.570615
3.773509,-0.548215,-0.276646,0.572398,1.747279,0.816577
3.777511,-1.498434,-0.477198,-0.323527,1.878415,2.196696
3.781513,-1.886265,-0.669544,-0.188453,2.009551,-3.072542
3.785514,-1.718295,-0.850359,-0.216507,2.140623,2.704166
3.789516,-2.237654,-1.016532,-0.302811,2.271708,-2.407734
3.793517,-1.377698,-1.165217,0.127668,2.402705,-1.201609
3.797519,-1.785930,-1.293878,0.169622,2.533729,-0.755221
3.801521,-1.113241,-1.400336,0.457990,2.664650,-0.234454
3.805522,-1.740551,-1.482799,0.389796,2.795611,1.012975
3.809524,-2.372128,-1.539890,-0.577123,2.926462,2.368823
3.813525,-2.900170,-1.570667,-0.575126,3.057363,-2.612114
3.817527,-1.783340,-1.574635,0.020489,-3.095029,-1.524718
3.821529,-1.971926,-1.551754,0.238566,-2.964177,-0.741139
3.825530,-1.345766,-1.502431,0.273024,-2.833424,0.142374
3.829532,-1.838648,-1.427512,0.093691,-2.702606,0.975536
3.833533,-1.521216,-1.328266,0.093391,-2.571868,0.974011
3.837535,-1.780791,-1.206363,-0.107131,-2.441061,1.921215
3.841537,-2.037194,-1.063842,-0.370858,-2.310308,-3.018844
3.845538,-1.233596,-0.903081,0.007939,-2.179486,-1.545655
3.849540,-1.148134,-0.726757,0.177695,-2.048685,0.183235
3.853541,-0.708288,-0.537804,-0.115249,-1.917815,3.005958
3.857543,-0.461026,-0.339366,0.140405,-1.786930,-0.953172
3.861545,0.099940,-0.134750,0.203970,-1.655976,0.951024
3.865546,-0.338908,0.072628,-0.408386,-1.524967,2.911249
3.869548,0.053000,0.279291,0.090026,-1.393888,-1.381014
3.873549,0.815165,0.481761,0.418676,-1.262712,0.551179
3.877551,-0.458242,0.676604,-0.315505,-1.131464,2.480711
3.881553,0.526015,0.860487,0.000755,-1.000076,-1.567738
3.885554,0.144471,1.030234,0.125638,-0.868613,1.051172
3.889556,0.456690,1.182870,-0.313877,-0.736973,2.928626
3.893557,0.312558,1.315675,-0.144337,-0.605251,-2.108050
3.897559,1.139525,1.426234,0.040454,-0.473321,-1.445325
3.901561,1.224131,1.512479,0.470283,-0.341305,-0.405796
3.905562,1.617297,1.572729,0.389973,-0.209060,0.860238
3.909564,0.634874,1.605734,-0.211604,-0.076722,1.996689
3.913565,0.809909,1.610699,-0.430549,0.055857,2.744674
3.917567,0.614739,1.587310,-0.547143,0.188534,-2.605865
3.921569,1.605076,1.535754,0.205006,0.321452,-1.288960
3.925570,2.247772,1.456722,0.585984,0.454473,0.188165
3.929572,1.426063,1.351415,-0.057029,0.587724,1.789882
3.933573,1.827761,1.221528,0.096694,0.721079,-0.329249
3.937575,1.167100,1.069234,0.028591,0.854644,1.470402
3.941577,1.031224,0.897147,-0.214396,0.988311,2.941586
3.945578,0.428617,0.708281,-0.085235,1.122157,2.480606
3.949580,0.272920,0.505999,-0.416010,1.256104,-2.792307
3.953581,0.151502,0.293950,0.213594,1.390192,-1.266920
3.957583,1.059211,0.076000,0.773526,1.524378,0.277749
3.961585,-0.606458,-0.143842,-0.128716,1.658663,1.753476
3.965586,-0.625649,-0.361504,-0.517306,1.793040,3.024389
3.969588,-1.045029,-0.572933,-0.286269,1.927473,-2.310879
3.973589,-0.473680,-0.774178,0.139463,2.061988,-1.268326
3.977591,-0.611921,-0.961469,0.457177,2.196516,0.042722
3.981593,-1.218050,-1.131297,0.040686,2.331114,1.435172
3.985594,-1.560719,-1.280486,-0.036446,2.465684,2.251962
3.989596,-1.862195,-1.406258,-0.006827,2.600307,1.604308
3.993597,-2.156937,-1.506289,-0.300472,2.734862,2.984894
3.997599,-2.126379,-1.578757,-0.085569,2.869452,-1.980114
4.001601,-1.892480,-1.622378,-0.065012,3.003939,-2.215204
4.005602,-1.753330,-1.636424,0.055209,3.138439,-1.419499
4.009604,-1.148253,-1.620738,0.545276,-3.010375,0.032251
4.013605,-1.512912,-1.575729,0.001103,-2.876016,1.568663
4.017607,-1.931494,-1.502356,-0.284808,-2.741805,-3.121786
4.021609,-1.233712,-1.402106,0.028003,-2.607630,0.992176
4.025610,-1.706360,-1.276954,-0.316552,-2.473614,2.964777
4.029612,-0.979456,-1.129322,-0.093326,-2.339659,-1.784777
4.033613,-0.387800,-0.962019,0.368939,-2.205865,-0.374811
4.037615,-0.194121,-0.778188,0.205861,-2.072155,0.780438
4.041617,-0.102250,-0.581236,-0.022916,-1.938601,1.664323
4.045618,-0.184774,-0.374771,-0.212577,-1.805151,2.612536
4.049620,0.036998,-0.162529,-0.238836,-1.671843,-2.834766
4.053621,0.096518,0.051694,-0.154944,-1.538655,-2.004750
4.057623,0.645593,0.264107,0.392067,-1.405588,-0.808203
4.061625,0.821751,0.470993,0.591319,-1.272653,0.542966
4.065626,-0.013466,0.668766,-0.183838,-1.139817,1.858422
4.069628,-0.222090,0.854036,-0.493778,-1.007118,2.936278
4.073629,0.087269,1.023655,-0.394202,-0.874492,-2.526731
4.077631,0.835941,1.174771,0.082032,-0.742007,-1.421944
4.081633,1.567166,1.304869,0.470707,-0.609572,-0.034661
4.085634,1.456183,1.411810,0.011197,-0.477276,1.511634
4.089636,1.561317,1.493863,0.168698,-0.345011,-0.208766
4.093637,1.829218,1.549727,0.047750,-0.212882,1.462831
4.097639,0.639240,1.578555,-0.517233,-0.080766,-3.120519
4.101641,1.769156,1.579959,0.116320,0.051222,-1.277807
4.105642,0.890030,1.554015,0.112931,0.183210,1.079801
4.109644,1.097748,1.501256,-0.249749,0.315083,-2.462752
4.113645,1.060301,1.422667,0.468578,0.446964,-0.451865
4.117647,1.272524,1.319659,0.178901,0.578749,1.292518
4.121649,-0.003916,1.194051,-0.639996,0.710547,2.913373
4.125650,0.729823,1.048038,-0.155761,0.842269,-1.869802
4.129652,0.968069,0.884153,0.252682,0.974003,-0.611254
4.133653,0.686845,0.705228,0.161197,1.105682,-0.326941
4.137655,0.881840,0.514348,0.338599,1.237370,0.190322
4.141657,0.076843,0.314799,0.109643,1.369022,1.367134
4.145658,-0.494930,0.110015,-0.590557,1.500673,2.659918
4.149660,-0.968908,-0.096479,-0.450018,1.632306,-2.294010
4.153661,-0.146363,-0.301132,0.316135,1.763924,-0.980257
4.157663,-0.470041,-0.500420,0.366365,1.895541,0.201123
4.161665,-1.005949,-0.690913,0.121497,2.027125,0.972194
4.165666,-1.171889,-0.869332,0.034969,2.158719,1.385279
4.169668,-1.879320,-1.032606,-0.092122,2.290264,1.945609
4.173669,-2.075629,-1.177930,-0.400770,2.421825,2.899228
4.177671,-2.367352,-1.302811,-0.260725,2.553319,-2.042979
4.181673,-1.580655,-1.405114,0.517439,2.684831,-0.496257
4.185674,-1.957410,-1.483100,0.138904,2.816261,1.215952
4.189676,-2.495779,-1.535455,-0.082990,2.947708,-2.455730
4.193677,-1.927156,-1.561314,0.193166,3.079060,0.964448
4.197679,-3.098769,-1.560271,-0.570129,-3.072763,2.904082
4.201681,-2.194710,-1.532392,0.082778,-2.941503,-1.446627
4.205682,-1.867750,-1.478204,0.518137,-2.810242,0.603107
4.209684,-2.883891,-1.398686,-0.554536,-2.679086,2.773560
4.213685,-2.005459,-1.295250,0.092618,-2.547941,-1.420225
4.217687,-1.520799,-1.169715,0.548838,-2.416899,0.428294
4.221689,-1.890943,-1.024266,-0.193109,-2.285878,1.980636
4.225690,-1.857217,-0.861417,-0.359820,-2.154953,3.049132
4.229692,-1.422927,-0.683969,-0.297578,-2.024060,-2.338523
4.233693,-0.609258,-0.494952,0.264321,-1.893248,-1.042700
4.237695,-0.196666,-0.297577,0.414872,-1.762475,0.448475
4.241697,-0.677541,-0.095182,-0.111886,-1.631763,2.071408
4.245698,-0.378100,0.108826,0.060231,-1.501093,-0.437969
4.249700,-0.600946,0.311024,-0.009740,-1.370457,1.613382
4.253701,-0.571446,0.508029,-0.200565,-1.239862,2.962075
4.257703,-0.781117,0.696545,-0.186273,-1.109272,3.061085
4.261705,-0.325859,0.873420,-0.305563,-0.978716,-2.194611
4.265706,0.332894,1.035691,0.686942,-0.848135,-0.651874
4.269708,1.080505,1.180626,0.582313,-0.717578,0.978345
4.273709,-0.788770,1.305774,-0.847734,-0.586966,2.608508
4.277711,0.392467,1.408995,-0.381012,-0.456366,-2.146257
4.281713,0.528131,1.488502,0.151672,-0.325683,-1.136879
4.285714,0.962853,1.542883,0.367088,-0.194995,-0.664628
4.289716,0.784185,1.571134,0.539331,-0.064199,0.688827
4.293717,-0.315607,1.572670,-0.475815,0.066620,2.326560
4.297719,-0.497229,1.547344,-0.244389,0.197568,-2.090654
4.301721,0.325136,1.495454,0.334504,0.328561,0.155678
4.305722,-0.659977,1.417740,-0.175354,0.459699,2.156763
4.309724,0.068171,1.315385,-0.239826,0.590905,-3.089167
4.313725,-0.649154,1.190001,-0.390691,0.722266,-2.644301
4.317727,0.630956,1.043608,0.098256,0.853715,-1.457539
4.321729,1.017481,0.878618,1.202508,0.985320,-0.116404
4.325730,0.541654,0.697791,0.452743,1.117028,1.227216
4.329732,-1.559318,0.504204,-1.031670,1.248885,2.533130
4.333733,-1.466933,0.301195,-0.827374,1.380854,-2.512550
4.337735,-0.672693,0.092311,0.153363,1.512956,-1.368543
4.341737,-0.530400,-0.118756,0.546982,1.645173,-0.243136
4.345738,-0.877834,-0.328235,0.159789,1.777500,1.135349
4.349740,-1.707360,-0.532348,-0.235669,1.909939,-2.862580
4.353741,-1.204376,-0.727382,0.422471,2.042457,-0.537126
4.357743,-1.821244,-0.909767,0.350021,2.175077,1.125214
4.361745,-3.339385,-1.076146,-0.861765,2.307741,2.649033
4.365746,-3.390917,-1.223446,-0.540980,2.440489,-2.184320
4.369748,-2.519133,-1.348948,0.514564,2.573243,-0.843520
4.373749,-2.517516,-1.450343,0.589970,2.706054,0.361909
4.377751,-3.182130,-1.525781,-0.013619,2.838835,1.594317
4.381753,-3.507985,-1.573912,-0.512593,2.971643,3.042729
4.385754,-3.058744,-1.593915,0.019519,3.104383,-1.513872
4.389756,-2.744020,-1.585511,0.054839,-3.046069,1.233626
4.393758,-3.167810,-1.548970,-0.275239,-2.913438,-2.330034
4.397759,-2.192618,-1.485100,0.570044,-2.780849,-0.513523
4.401761,-2.394779,-1.395227,0.298713,-2.648396,1.151384
4.405762,-3.365951,-1.281164,-0.561654,-2.516023,2.708902
4.409764,-2.728077,-1.145165,-0.262638,-2.383813,-2.234378
4.413766,-2.384406,-0.989877,0.154875,-2.251724,-1.126175
4.417767,-1.701138,-0.818276,0.402723,-2.119824,0.358801
4.421769,-2.222336,-0.633606,-0.341426,-1.988083,2.251618
4.425770,-1.919654,-0.439305,-0.338429,-1.856552,-2.071409
4.429772,-0.373876,-0.238931,0.824631,-1.725219,-0.223678
4.433774,-0.872417,-0.036092,0.070543,-1.594111,1.488327
4.437775,-1.459777,0.165628,-0.708637,-1.463234,3.015086
4.441777,-0.598384,0.362737,-0.271369,-1.332593,-2.083241
4.445778,-0.195697,0.551897,0.279825,-1.202208,-1.083303
4.449780,0.727014,0.729986,0.702692,-1.072063,0.208529
4.453782,-0.302924,0.894142,-0.063044,-0.942192,1.665694
4.457783,-0.267263,1.041807,-0.381828,-0.812555,3.055303
4.461785,-0.124901,1.170761,-0.161011,-0.683199,2.945443
4.465786,-0.189406,1.279147,-0.394849,-0.554066,-2.532047
4.469788,0.534698,1.365485,0.292101,-0.425208,-1.078244
4.473790,0.656362,1.428684,0.426126,-0.296554,0.345145
4.477791,0.288789,1.468040,0.110562,-0.168159,0.826601
4.481793,0.165113,1.483236,0.207965,-0.039940,1.065747
4.485794,-0.451164,1.474326,-0.488608,0.088047,2.459432
4.489796,-0.730016,1.441726,-0.370581,0.215893,-2.377202
4.493798,0.146853,1.386192,0.013612,0.343546,-1.487142
4.497799,-0.529034,1.308799,-0.123605,0.471097,-1.886754
4.501801,0.818439,1.210920,0.626419,0.598503,-0.542079
4.505802,0.180864,1.094201,0.527562,0.725848,0.860292
4.509804,-0.483236,0.960538,-0.357931,0.853101,2.151808
4.513806,-0.752470,0.812048,-0.423228,0.980336,3.132698
4.517807,-0.835397,0.651043,-0.304869,1.107535,-2.628053
4.521809,-0.514750,0.480002,-0.164449,1.234756,-1.933433
4.525810,-0.399578,0.301540,0.371461,1.361997,-0.925339
4.529812,0.019949,0.118380,0.695839,1.489299,0.251591
4.533814,-0.977768,-0.066679,0.048115,1.616673,1.500775
4.537815,-1.841440,-0.250796,-0.463141,1.744141,2.711450
4.541817,-1.509805,-0.431124,-0.240724,1.871729,-2.696113
4.545818,-2.210075,-0.604848,-0.233400,1.999438,-2.715104
4.549820,-1.528634,-0.769219,-0.151000,2.127308,-1.873852
4.553822,-1.617563,-0.921599,0.591435,2.255321,-0.626404
4.557823,-1.046520,-1.059497,0.608076,2.383526,0.746470
4.561825,-2.717973,-1.180610,-0.420904,2.511892,2.161082
4.565826,-2.821576,-1.282863,-0.516533,2.640474,-2.765084
4.569828,-2.391886,-1.364448,-0.032722,2.769225,-1.660418
4.573830,-2.718498,-1.423857,0.251267,2.898206,-0.729591
4.577831,-2.042683,-1.459922,0.325511,3.027360,0.523106
4.581833,-3.353777,-1.471839,-0.117651,-3.126439,1.905536
4.585834,-2.718764,-1.459192,-0.311761,-2.996881,3.082264
4.589836,-3.328008,-1.421971,-0.222251,-2.867096,-2.211150
4.593838,-2.220556,-1.360586,0.306710,-2.737146,-0.951026
4.597839,-2.283280,-1.275863,0.562412,-2.606981,0.485643
4.601841,-2.782746,-1.169044,-0.223772,-2.476660,1.936624
4.605842,-3.098547,-1.041772,-0.516954,-2.346143,-2.965199
4.609844,-2.282765,-0.896066,-0.034002,-2.215482,-1.654407
4.613846,-1.927538,-0.734295,0.274725,-2.084649,-0.290330
4.617847,-1.615722,-0.559135,0.040757,-1.953684,1.243648
4.621849,-1.563278,-0.373528,0.056238,-1.822573,-0.288706
4.625850,-1.180458,-0.180628,-0.014871,-1.691342,1.641122
4.629852,-1.115361,0.016259,-0.269256,-1.559991,-2.549055
4.633854,-0.515022,0.213726,0.415738,-1.428531,-0.411847
4.637855,0.020305,0.408338,-0.017426,-1.296975,1.601121
4.641857,-1.212165,0.596685,-0.539109,-1.165318,-2.762877
4.645858,1.055092,0.775451,0.293859,-1.033583,-0.807340
4.649860,-0.199264,0.941470,-0.002007,-0.901753,1.579673
4.653862,0.863563,1.091788,-0.091836,-0.769859,-1.954311
4.657863,0.529362,1.223710,0.274018,-0.637871,-0.054927
4.661865,0.667300,1.334850,0.060550,-0.505826,1.212397
4.665866,0.433475,1.423172,0.004895,-0.373684,1.543538
4.669868,-0.049576,1.487026,-0.245661,-0.241483,2.700357
4.673870,0.314016,1.525175,-0.120462,-0.109179,-2.253321
4.677871,-0.032904,1.536816,-0.130702,0.023192,-2.881489
4.681873,0.334658,1.521595,-0.091344,0.155677,-1.749299
4.685874,1.012612,1.479615,0.843171,0.288241,-0.251688
4.689876,0.701405,1.411439,0.327341,0.420932,1.261398
4.693878,-0.792874,1.318085,-0.993576,0.553717,2.736312
4.697879,-0.246876,1.201011,-0.514289,0.686641,-2.161204
4.701881,0.585696,1.062098,0.416909,0.819678,-0.945411
4.705882,0.663545,0.903624,0.592681,0.952864,0.074565
4.709884,0.249600,0.728234,0.245860,1.086181,1.148928
4.713886,-0.691976,0.538897,-0.459232,1.219654,2.455469
4.717887,-0.558937,0.338869,-0.320781,1.353275,-2.280459
4.721889,-0.078922,0.131632,0.343585,1.487058,-0.329650
4.725890,-0.494150,-0.079154,-0.144404,1.621000,1.923580
4.729892,-0.912307,-0.289717,-0.485674,1.755106,-2.506495
4.733894,-0.040131,-0.496236,0.442673,1.889379,-0.886650
4.737895,-0.147386,-0.694911,0.479406,2.023811,0.669736
4.741897,-1.183328,-0.882034,-0.216252,2.158413,2.258771
4.745898,-1.139282,-1.054061,0.059113,2.293165,-0.594975
4.749900,-1.685147,-1.207682,-0.065490,2.428082,1.740669
4.753902,-2.315268,-1.339895,-0.598892,2.563132,-3.045836
4.757903,-2.044450,-1.448070,-0.051676,2.698335,-1.649004
4.761905,-1.265472,-1.530007,0.583710,2.833652,-0.339251
4.765906,-1.709423,-1.583994,0.331530,2.969102,0.915879
4.769908,-2.043726,-1.608844,-0.251434,3.104643,2.173634
4.773910,-2.241823,-1.603930,-0.277853,-3.042893,-2.957600
4.777911,-2.030770,-1.569208,-0.179378,-2.907179,-2.697259
4.781913,-2.023256,-1.505221,-0.153285,-2.771387,-1.914631
4.785914,-1.468048,-1.413098,0.627783,-2.635560,-0.517085
4.789916,-1.323471,-1.294536,0.454138,-2.499691,0.984853
4.793918,-2.772751,-1.151763,-0.542794,-2.363819,2.492213
4.797919,-1.737158,-0.987501,-0.249957,-2.227943,-2.367222
4.801921,-1.867253,-0.804905,-0.078333,-2.092100,-2.800136
4.805922,-0.966464,-0.607496,-0.179593,-1.956297,-2.152438
4.809924,-0.587375,-0.399089,0.256986,-1.820564,-0.879947
4.813926,0.406621,-0.183702,0.332599,-1.684914,0.186895
4.817927,0.195821,0.034527,0.187170,-1.549371,0.905747
4.821929,0.675599,0.251431,-0.041548,-1.413954,1.686000
4.825930,0.162057,0.462907,-0.378399,-1.278679,2.595433
4.829932,0.578432,0.664996,-0.524566,-1.143569,-2.689316
4.833934,1.001884,0.853969,0.054913,-1.008632,-1.499155
4.837935,2.120448,1.026401,0.866388,-0.873894,-0.166427
4.841937,1.583644,1.179230,0.291543,-0.739358,1.209920
4.845938,0.718291,1.309819,-0.497099,-0.605049,2.529442
4.849940,1.283762,1.415992,-0.290700,-0.470962,-2.707459
4.853942,1.030523,1.496072,-0.169853,-0.337124,-2.626395
4.857943,1.486679,1.548892,-0.223418,-0.203524,-2.236278
4.861945,1.275857,1.573810,0.153486,-0.070185,-1.319244
4.865946,2.301077,1.570702,0.899191,0.062906,-0.186809
4.869948,1.289657,1.539951,0.535139,0.195730,1.080085
4.873950,-0.007764,1.482422,-0.851898,0.328305,2.418872
4.877951,-0.149487,1.399430,-0.668947,0.460615,-2.481939
4.881953,0.921244,1.292706,0.165347,0.592681,-0.994860
4.885954,0.402167,1.164351,-0.378089,0.724493,-3.032623
4.889956,1.051070,1.016792,0.027245,0.856073,-1.543690
4.893958,2.244758,0.852730,1.386797,0.987417,-0.107856
4.897959,1.096046,0.675095,0.345764,1.118543,1.325473
4.901961,-0.801376,0.486986,-1.007915,1.249454,2.747303
4.905962,-0.415462,0.291624,-0.310767,1.380168,-2.190557
4.909964,-0.675350,0.092298,-0.109051,1.510692,-2.698124
4.913966,-1.026769,-0.107689,-0.277420,1.641043,-2.121896
4.917967,-0.352557,-0.305069,0.542182,1.771236,-0.836173
4.921969,-0.020526,-0.496649,0.860645,1.901286,0.485559
4.925970,-1.336932,-0.679363,-0.312698,2.031213,1.871634
4.929972,-1.731189,-0.850305,-0.988250,2.161031,-2.932011
4.933974,-1.068400,-1.006771,0.161032,2.290763,-1.366060
4.937975,-0.235820,-1.146291,0.421251,2.420422,0.284801
4.941977,-1.540008,-1.266659,-0.063566,2.550033,2.326096
4.945978,-0.876563,-1.365966,0.117674,2.679608,-0.046110
4.949980,-1.642329,-1.442619,0.016774,2.809171,1.259107
4.953982,-1.548985,-1.495372,0.188144,2.938732,0.647659
4.957983,-1.969849,-1.523339,-0.342142,3.068312,2.273034
4.961985,-2.664286,-1.526013,-0.405436,-3.085266,-2.254312
4.965986,-0.923657,-1.503279,0.492412,-2.955612,-0.269677
4.969988,-2.444336,-1.455422,-0.292182,-2.825908,2.337635
4.973990,-1.386014,-1.383124,-0.028577,-2.696137,-1.612495
4.977991,-0.831744,-1.287466,0.889457,-2.566296,0.194633
4.981993,-1.744907,-1.169915,-0.198275,-2.436375,1.795721
4.985994,-2.021885,-1.032308,-0.672461,-2.306370,-3.081114
4.989996,-1.827066,-0.876833,-0.201544,-2.176277,-2.046725
4.993998,-1.018763,-0.705995,0.084843,-2.046096,-1.365132
4.997999,-0.873882,-0.522585,0.490093,-1.915824,-0.397615
5.002001,-0.496933,-0.329636,0.440190,-1.785465,0.766940
5.006002,-1.045377,-0.130374,-0.224802,-1.655021,1.945947
5.010004,-1.230467,0.071836,-0.567244,-1.524497,3.025129
5.014006,-0.437099,0.273544,-0.386810,-1.393897,-2.288401
5.018007,0.156026,0.471280,0.257642,-1.263230,-1.197931
5.022009,1.561922,0.661616,0.808115,-1.132503,0.105321
5.026010,0.607181,0.841230,0.018124,-1.001725,1.548004
5.030012,0.676897,1.006970,-0.632649,-0.870904,3.090427
5.034014,1.200065,1.155913,0.034820,-0.740050,-1.480273
5.038015,1.710287,1.285420,0.137322,-0.609170,0.854856
5.042017,1.203107,1.393188,-0.294967,-0.478276,-3.083320
5.046018,1.570733,1.477292,0.015773,-0.347371,-1.530194
5.050020,1.817713,1.536221,0.377923,-0.216467,-0.395487
5.054022,1.750348,1.568905,0.451290,-0.085565,0.477309
5.058023,1.144852,1.574735,0.018364,0.045324,1.546075
5.062025,0.275872,1.553566,-0.875366,0.176203,2.817943
5.066026,0.494379,1.505727,-0.488755,0.307063,-2.161584
5.070028,1.505645,1.432003,0.290824,0.437909,-1.071024
5.074030,1.379339,1.333626,0.421807,0.568733,-0.640392
5.078031,1.863077,1.212250,0.871605,0.699543,0.244264
5.082033,0.639341,1.069920,-0.007869,0.830334,1.577496
5.086034,-0.769173,0.909036,-1.125188,0.961114,3.021543
5.090036,-0.000474,0.732313,-0.192082,1.091880,-1.813022
5.094038,0.153336,0.542729,0.303133,1.222644,-0.560800
5.098039,0.141318,0.343482,0.185313,1.353405,-0.476634
5.102041,-0.091006,0.137929,0.278178,1.484174,0.669091
5.106042,-0.500678,-0.070461,-0.297753,1.614956,2.515046
5.110044,-0.631272,-0.278165,0.014453,1.745759,-1.532716
5.114046,-0.151394,-0.481664,0.407728,1.876593,0.596119
5.118047,-1.472823,-0.677498,-0.443777,2.007463,2.479398
5.122049,-1.222251,-0.862321,-0.204083,2.138384,-1.997595
5.126050,-1.003943,-1.032955,0.304776,2.269356,-0.121839
5.130052,-1.455078,-1.186440,-0.081655,2.400398,2.307878
5.134054,-1.388385,-1.320088,0.091898,2.531508,-0.821712
5.138055,-1.594948,-1.431522,0.003079,2.662707,1.551040
5.142057,-1.698031,-1.518724,-0.067575,2.793991,-1.949277
5.146058,-1.348893,-1.580065,0.351352,2.925382,0.392089
5.150060,-2.109732,-1.614343,-0.403259,3.056872,2.286062
5.154062,-2.080582,-1.620804,-0.455164,-3.094699,-2.219281
5.158063,-1.037802,-1.599163,0.642730,-2.962974,-0.466670
5.162065,-1.311647,-1.549619,0.130986,-2.831111,1.307697
5.166066,-1.766256,-1.472852,-0.165583,-2.699126,-2.964416
5.170068,-1.271686,-1.370030,0.091130,-2.566994,1.172764
5.174070,-1.961328,-1.242788,-0.538165,-2.434732,3.020287
5.178071,-1.528278,-1.093215,-0.044060,-2.302320,-1.631902
5.182073,-0.332242,-0.923824,0.762315,-2.169773,-0.170332
5.186074,-1.219843,-0.737510,0.357505,-2.037078,1.110141
5.190076,-1.313210,-0.537512,-0.645506,-1.904249,2.360792
5.194078,-2.070074,-0.327352,-0.823589,-1.771281,-2.562606
5.198079,0.053978,-0.110779,0.360948,-1.638184,-1.139580
5.202081,0.011235,0.108304,0.506818,-1.504963,0.185413
5.206082,0.009387,0.325907,0.208083,-1.371625,0.416637
5.210084,0.603330,0.538039,0.300611,-1.238183,0.971437
5.214086,-0.644449,0.740780,-0.503713,-1.104640,2.329108
5.218087,0.542229,0.930363,-0.531524,-0.971020,-2.518486
5.222089,0.491835,1.103256,0.149247,-0.837321,-1.126340
5.226090,1.797045,1.256230,-0.036075,-0.703574,-2.012352
5.230092,1.379781,1.386431,0.197488,-0.569774,-1.097273
5.234094,2.801900,1.491444,0.607062,-0.435960,0.280425
5.238095,1.844727,1.569342,-0.029127,-0.302123,1.616562
5.242097,1.471380,1.618728,-0.504082,-0.168306,2.812856
5.246098,1.914427,1.638761,-0.331252,-0.034498,-2.376664
5.250100,1.762579,1.629174,0.188677,0.099256,-1.079951
5.254102,2.474190,1.590276,0.191698,0.232971,0.705747
5.258103,1.068198,1.522937,-0.210716,0.366602,-2.675740
5.262105,2.210867,1.428565,0.407739,0.500164,-0.576894
5.266106,1.290779,1.309072,0.285996,0.633615,1.103116
5.270108,0.438141,1.166826,-0.510957,0.766971,2.644073
5.274110,0.458219,1.004594,-0.265601,0.900197,-2.307970
5.278111,0.288392,0.825481,0.043546,1.033307,-1.404483
5.282113,0.713481,0.632864,0.241180,1.166274,-0.440295
5.286114,0.020870,0.430316,0.139071,1.299109,0.940691
5.290116,0.046252,0.221537,-0.114909,1.431798,2.545405
5.294118,-0.414124,0.010285,-0.003831,1.564346,-1.648695
5.298119,-0.191692,-0.199699,0.025111,1.696750,1.041818
5.302121,-0.880225,-0.404754,-0.071180,1.829012,2.671966
5.306122,-0.540464,-0.601363,-0.033251,1.961141,-1.880255
5.310124,-1.053229,-0.786208,0.132519,2.093131,0.266700
5.314126,-0.845533,-0.956223,-0.177541,2.225008,2.604461
5.318127,-1.311257,-1.108638,0.028685,2.356758,-1.483859
5.322129,-0.447071,-1.241015,0.398344,2.488420,0.587944
5.326130,-1.774705,-1.351280,-0.518395,2.619973,2.571671
5.330132,-1.286954,-1.437745,-0.167956,2.751467,-1.820329
5.334134,-0.548262,-1.499132,0.596911,2.882878,-0.030338
5.338135,-1.317066,-1.534578,-0.006458,3.014264,1.589739
5.342137,-1.144008,-1.543645,0.003593,-3.137587,1.540899
5.346138,-1.480883,-1.526318,-0.316241,-3.006243,2.380500
5.350140,-1.607537,-1.483005,-0.467363,-2.874918,-2.372661
5.354142,-0.328461,-1.414526,0.448291,-2.743546,-0.843982
5.358143,-0.551858,-1.322099,0.472175,-2.612156,0.613997
5.362145,-0.794321,-1.207321,-0.215199,-2.480686,2.035771
5.366146,-1.280452,-1.072149,-0.387549,-2.349160,-2.672819
5.370148,-0.428630,-0.918871,0.289303,-2.217526,-0.842060
5.374150,-0.581804,-0.750076,0.220403,-2.085800,1.079691
5.378151,-1.288894,-0.568619,-0.450552,-1.953941,2.924008
5.382153,-0.717638,-0.377580,-0.023170,-1.821960,-1.639040
5.386154,-0.506531,-0.180220,0.099305,-1.689832,-0.467352
5.390156,-0.295090,0.020069,0.189716,-1.557557,-0.752681
5.394158,0.387841,0.219817,0.381037,-1.425128,0.787730
5.398159,-0.582918,0.415535,-0.525414,-1.292538,2.463121
5.402161,0.622357,0.603776,-0.269184,-1.159795,-2.047876
5.406162,0.895829,0.781194,0.333048,-1.026883,0.150752
5.410164,1.304127,0.944613,-0.433713,-0.893829,3.100183
5.414166,1.373605,1.091086,0.286930,-0.760606,-1.198877
5.418167,2.902529,1.217951,0.834800,-0.627257,0.465067
5.422169,1.140183,1.322894,-0.278429,-0.493746,1.946880
5.426170,1.416808,1.403993,-0.436835,-0.360130,2.927776
5.430172,1.304645,1.459759,-0.516279,-0.226363,-2.808709
5.434174,1.617707,1.489172,0.034810,-0.092512,-1.524113
5.438175,2.808581,1.491704,0.627927,0.041472,0.003416
5.442177,1.524417,1.467331,0.004191,0.175517,1.550145
5.446178,2.317183,1.416542,0.315742,0.309674,0.177060
5.450180,1.431620,1.340325,-0.140028,0.443869,1.776023
5.454182,0.640580,1.240153,-0.732142,0.578150,-2.920913
5.458183,1.653996,1.117953,0.047384,0.712448,-1.484628
5.462185,1.195038,0.976068,0.301650,0.846803,-0.593665
5.466186,1.921110,0.817208,0.486653,0.981155,0.309711
5.470188,0.586238,0.644397,-0.154160,1.115533,1.796547
5.474190,0.218135,0.460907,-0.675261,1.249890,-2.828180
5.478191,0.806973,0.270194,0.235575,1.384240,-1.126115
5.482193,0.233788,0.075828,0.178811,1.518552,0.690311
5.486194,0.135436,-0.118583,0.009096,1.652823,-1.525705
5.490196,-0.185130,-0.309462,0.570689,1.787044,0.243247
5.494198,-0.544433,-0.493336,-0.165910,1.921191,1.764582
5.498199,-2.036152,-0.666903,-0.950718,2.055275,-3.081827
5.502201,-0.733347,-0.827091,-0.141309,2.189258,-1.733973
5.506202,-0.262923,-0.971118,0.616852,2.323169,-0.502446
5.510204,-0.207209,-1.096539,0.441873,2.456954,0.649144
5.514206,-0.813039,-1.201283,-0.118411,2.590662,1.861381
5.518207,-1.082998,-1.283688,-0.219491,2.724226,-3.130344
5.522209,-0.958910,-1.342523,-0.054499,2.857709,-3.066416
5.526210,-1.219291,-1.377002,-0.126730,2.991033,-2.383778
5.530212,-1.006311,-1.386788,0.218543,3.124271,-0.378835
5.534214,-1.199288,-1.371994,-0.114325,-3.025844,1.923992
5.538215,-1.581750,-1.333170,-0.331561,-2.892863,-2.304970
5.542217,-0.438247,-1.271280,0.518039,-2.760054,-0.469721
5.546218,-0.743942,-1.187685,0.155529,-2.627339,1.242259
5.550220,-1.019528,-1.084099,-0.182676,-2.494795,2.663648
5.554222,-0.457820,-0.962560,-0.129028,-2.362349,2.170897
5.558223,-1.118039,-0.825385,-0.491262,-2.230066,-2.709557
5.562225,0.483278,-0.675121,0.293046,-2.097886,-1.111926
5.566226,0.106102,-0.514500,0.457756,-1.965855,0.484828
5.570228,0.411021,-0.346391,-0.056838,-1.833929,1.922762
5.574230,0.057254,-0.173742,0.177814,-1.702135,0.794021
5.578231,0.322603,0.000461,-0.340838,-1.570448,2.279414
5.582233,-0.206971,0.173249,-0.419903,-1.438869,-2.498041
5.586234,1.035432,0.341713,0.086351,-1.307399,-1.239909
5.590236,0.664523,0.503055,-0.017322,-1.176014,-1.640116
5.594238,1.610093,0.654623,0.525899,-1.044737,-0.455441
5.598239,1.341349,0.793957,0.363890,-0.913523,1.019726
5.602241,0.584925,0.918823,-0.399484,-0.782417,2.498709
5.606242,0.981878,1.027244,-0.101712,-0.651352,-2.818541
5.610244,0.788081,1.117530,-0.329546,-0.520395,2.720655
5.614246,0.968720,1.188303,-0.371025,-0.389461,-2.184896
5.618247,2.161338,1.238511,0.489091,-0.258637,-0.819962
5.622249,2.354186,1.267451,0.592892,-0.127826,0.432381
5.626251,2.192537,1.274775,-0.010547,0.002871,1.589158
5.630252,1.639481,1.260494,-0.465145,0.133557,2.784598
5.634254,2.188663,1.224978,-0.214838,0.264124,-2.241925
5.638255,2.286023,1.168949,0.023545,0.394673,-1.385684
5.642257,2.268141,1.093463,-0.029102,0.525099,-1.709593
5.646259,2.453380,0.999898,0.341536,0.655493,-0.455088
5.650260,2.098639,0.889917,0.217556,0.785760,0.965232
5.654262,1.491088,0.765449,-0.121202,0.915976,2.274560
5.658263,1.365902,0.628643,0.049128,1.046064,1.298451
5.662265,0.572772,0.481834,-0.469660,1.176083,2.562625
5.666267,0.366673,0.327502,-0.556763,1.305979,-2.280072
5.670268,1.216567,0.168223,0.642423,1.435787,-0.849739
5.674270,1.517879,0.006629,0.790248,1.565486,0.519047
5.678271,-0.013194,-0.154632,-0.149849,1.695084,1.773741
5.682273,0.070224,-0.312946,-0.564633,1.824591,2.885328
5.686275,-0.454787,-0.465764,-0.342595,1.953991,-2.357045
5.690276,0.806907,-0.610646,0.124860,2.083324,-1.265471
5.694278,0.335738,-0.745293,0.338270,2.212550,-0.035271
5.698279,0.695850,-0.867575,0.015823,2.341741,1.502165
5.702281,0.056981,-0.975564,-0.117234,2.470832,-2.414219
5.706283,0.588693,-1.067557,0.267428,2.599922,-0.030263
5.710284,-0.025856,-1.142095,-0.105295,2.728925,1.855806
5.714286,-0.530217,-1.197983,-0.305624,2.857962,-2.540047
5.718287,0.093214,-1.234310,0.256039,2.986932,-0.453664
5.722289,-0.526900,-1.250454,-0.078584,3.115967,1.962911
5.726291,-0.164305,-1.246096,-0.011187,-3.038225,-1.632338
5.730292,-0.023817,-1.221226,0.121328,-2.909136,1.013543
5.734294,0.021411,-1.176139,-0.288529,-2.780057,-2.910882
5.738295,0.695259,-1.111443,0.280484,-2.650854,-0.537746
5.742297,0.763217,-1.028042,-0.149073,-2.521625,1.922774
5.746299,0.412013,-0.927138,-0.387439,-2.392247,-2.229694
5.750300,1.723456,-0.810212,0.663657,-2.262801,-0.353793
5.754302,0.864471,-0.679015,0.055577,-2.133185,1.456623
5.758303,0.708370,-0.535544,0.021235,-2.003458,-1.343074
5.762305,0.822041,-0.382024,0.137230,-1.873546,1.367906
5.766307,-0.754806,-0.220881,-1.194359,-1.743482,3.078374
5.770308,0.838303,-0.054712,0.049526,-1.613228,-1.535643
5.774310,1.979559,0.113749,1.264325,-1.482789,0.136316
5.778311,0.894365,0.281674,-0.247584,-1.352164,1.849229
5.782313,0.856028,0.446184,-0.394107,-1.221330,-2.549454
5.786315,1.846976,0.604399,0.258044,-1.090323,-0.072351
5.790316,1.622987,0.753488,-0.157996,-0.959094,2.104621
5.794318,1.714842,0.890726,-0.304739,-0.827714,-2.775115
5.798319,2.121871,1.013546,-0.093442,-0.696108,-1.842134
5.802321,2.517328,1.119596,0.299649,-0.564378,-0.906020
5.806323,3.055460,1.206791,0.638838,-0.432430,0.237893
5.810324,2.215532,1.273361,0.078527,-0.300390,1.467308
5.814326,1.845044,1.317893,-0.661993,-0.168149,2.695387
5.818327,1.693975,1.339374,-0.452828,-0.035849,-2.479186
5.822329,2.597075,1.337211,-0.085037,0.096625,-1.771600
5.826331,2.541835,1.311262,0.219007,0.229125,-1.152900
5.830332,3.321758,1.261838,0.695616,0.361761,-0.095243
5.834334,2.559619,1.189710,0.337422,0.494390,1.048627
5.838335,1.939802,1.096096,-0.199451,0.627110,1.937550
5.842337,1.232349,0.982642,-0.587914,0.759788,2.686736
5.846339,1.112266,0.851389,-0.634353,0.892505,-2.418423
5.850340,2.000268,0.704733,0.464756,1.025148,-0.961522
5.854342,2.050780,0.545374,0.371742,1.157772,0.719586
5.858343,1.154995,0.376259,-0.161845,1.290293,-2.646419
5.862345,1.835177,0.200522,0.471193,1.422732,-0.001748
5.866347,0.713351,0.021414,-0.114682,1.555038,1.760339
5.870348,0.113823,-0.157764,-0.442036,1.687196,-2.829970
5.874350,0.213008,-0.333738,0.070440,1.819191,-1.087025
5.878351,-0.374725,-0.503324,-0.136314,1.950974,-2.725801
5.882353,-0.291344,-0.663496,0.164380,2.082565,-0.973051
5.886355,-0.474766,-0.811451,0.183111,2.213883,0.706967
5.890356,-0.841453,-0.944658,-0.004149,2.344982,1.632173
5.894358,-0.895342,-1.060903,-0.013718,2.475754,1.626730
5.898359,-1.461345,-1.158331,-0.489495,2.606286,-3.013369
5.902361,-0.981176,-1.235467,0.153190,2.736447,-1.334737
5.906363,-0.242369,-1.291231,0.659615,2.866351,0.257408
5.910364,-1.345829,-1.324949,-0.062169,2.995855,1.673608
5.914366,-1.254873,-1.336348,-0.537554,3.125091,2.895851
5.918367,-1.319710,-1.325539,-0.286936,-3.029272,-2.087952
5.922369,-0.009251,-1.293004,0.486485,-2.900718,-0.512830
5.926371,-0.394621,-1.239568,0.078710,-2.772573,1.392752
5.930372,-0.679548,-1.166364,-0.333785,-2.644689,-2.621335
5.934374,0.284706,-1.074805,0.371048,-2.517189,-0.504956
5.938375,-0.162556,-0.966544,0.115397,-2.389932,1.249830
5.942377,-0.150744,-0.843439,-0.129939,-2.263014,2.428257
5.946379,-0.295111,-0.707518,-0.186737,-2.136310,2.440937
5.950380,-0.284127,-0.560943,-0.362841,-2.009885,-2.494726
5.954382,0.530083,-0.405980,0.300107,-1.883636,-0.921614
5.958383,0.668546,-0.244965,0.265964,-1.757589,0.723356
5.962385,0.443868,-0.080282,-0.117712,-1.631673,2.666584
5.966387,0.893836,0.085669,0.119452,-1.505871,-0.297406
5.970388,0.914013,0.250491,0.073268,-1.380148,1.233287
5.974390,0.894006,0.411812,-0.195934,-1.254444,2.240207
5.978391,0.661057,0.567306,-0.494804,-1.128760,-2.924779
5.982393,1.311447,0.714712,-0.009880,-1.002999,-1.585092
5.986395,2.055752,0.851853,0.718121,-0.877197,-0.166942
5.990396,1.539317,0.976656,0.190061,-0.751225,1.227649
5.994398,1.068905,1.087177,-0.195299,-0.625153,2.376407
5.998399,1.206598,1.181617,-0.095318,-0.498823,2.135848
6.002401,0.962019,1.258351,-0.359461,-0.372337,2.917272
6.006403,1.193279,1.315953,-0.309643,-0.245520,-2.282504
6.010404,1.974702,1.353222,0.177998,-0.118498,-1.244659
6.014406,2.554236,1.369216,0.660178,0.008911,-0.128256
6.018407,2.691005,1.363274,0.328438,0.136565,1.105824
6.022409,1.702170,1.335050,-0.494792,0.264638,2.355489
6.026411,2.060604,1.284539,-0.577734,0.392987,-2.779228
6.030412,2.254665,1.212091,-0.093124,0.521769,-1.729483
6.034414,3.052474,1.118436,0.501736,0.650845,-0.615609
6.038415,2.819314,1.004685,0.509255,0.780347,0.565101
6.042417,2.139556,0.872338,-0.055534,0.910153,1.671358
6.046419,1.541725,0.723270,-0.518182,1.040361,2.709168
6.050420,1.338996,0.559719,-0.458164,1.170876,-2.343865
6.054422,2.169361,0.384253,0.443360,1.301756,-0.848991
6.058423,1.771824,0.199737,0.340304,1.432939,0.913260
6.062425,0.893050,0.009287,-0.433160,1.564441,3.083976
6.066427,1.230708,-0.183787,0.312622,1.696237,-0.893877
6.070428,1.074809,-0.376039,0.300187,1.828299,1.056999
6.074430,-0.248418,-0.563956,-0.552364,1.960642,2.806950
6.078431,0.065615,-0.744030,-0.109676,2.093197,-1.843030
6.082433,0.046351,-0.912833,0.155147,2.226015,-0.499212
6.086435,-0.162979,-1.067085,0.104405,2.358993,-0.363814
6.090436,-0.142387,-1.203733,0.122517,2.492214,0.740148
6.094438,-0.495462,-1.320014,-0.043901,2.625546,1.953934
6.098439,-0.434717,-1.413522,-0.074708,2.759101,2.148884
6.102441,-0.727589,-1.482259,-0.302814,2.892724,-2.847001
6.106443,-0.315602,-1.524685,0.174235,3.026546,-1.170931
6.110444,-0.037198,-1.539753,0.355472,-3.122784,0.655306
6.114446,-0.880068,-1.526937,-0.325989,-2.988755,2.753818
6.118447,-0.299937,-1.486248,0.152234,-2.854718,-1.120266
6.122449,-0.061166,-1.418235,0.284665,-2.720534,0.892171
6.126451,-0.692213,-1.323980,-0.368051,-2.586359,2.456061
6.130452,-0.210735,-1.205078,-0.378128,-2.452066,-2.646921
6.134454,0.165198,-1.063606,-0.038252,-2.317789,-1.656664
6.138455,0.982808,-0.902083,0.383317,-2.183423,-0.552614
6.142457,1.148400,-0.723421,0.321887,-2.049072,0.384896
6.146459,0.911510,-0.530868,0.247351,-1.914660,0.889354
6.150460,1.017515,-0.327946,-0.243792,-1.780253,1.982224
6.154462,0.173908,-0.118383,-0.592963,-1.645810,-2.827501
6.158463,1.817059,0.093962,0.172913,-1.511356,-0.980533
6.162465,0.904896,0.305165,-0.340689,-1.376890,2.649011
6.166467,1.707887,0.511317,-0.223536,-1.242393,-1.803976
6.170468,2.849612,0.708594,1.262869,-1.107906,-0.238446
6.174470,2.295534,0.893332,0.435149,-0.973367,1.211779
6.178471,0.748713,1.062094,-0.693359,-0.838855,2.449854
6.182473,1.031968,1.211734,-0.655410,-0.704269,-3.006489
6.186475,0.992672,1.339455,-0.396209,-0.569724,-2.148150
6.190476,2.226706,1.442863,0.406009,-0.435089,-0.978487
6.194478,2.321550,1.520013,0.526089,-0.300505,0.170519
6.198479,2.293837,1.569448,0.239650,-0.165823,0.850085
6.202481,2.266348,1.590231,0.020056,-0.031201,1.528544
6.206483,1.543720,1.581964,-0.542040,0.103519,2.697866
6.210484,1.977984,1.544802,-0.400060,0.238169,-2.312900
6.214486,2.193145,1.479449,0.207013,0.372906,-1.126085
6.218487,2.519394,1.387151,0.348349,0.507566,-0.194247
6.222489,2.162043,1.269672,0.310814,0.642291,0.412873
6.226491,1.957011,1.129261,0.170408,0.776931,1.210063
6.230492,1.336978,0.968612,-0.445562,0.911602,2.316979
6.234494,0.837948,0.790806,-0.673151,1.046180,-2.741249
6.238495,1.795047,0.599249,0.014770,1.180745,-1.547875
6.242497,1.605514,0.397603,0.386555,1.315206,-0.609339
6.246499,1.851873,0.189712,0.453945,1.449603,0.011509
6.250500,0.732072,-0.020483,0.324979,1.583883,0.947971
6.254502,0.134231,-0.229025,-0.253149,1.718037,2.080601
6.258503,-1.083889,-0.432027,-0.337175,1.852059,2.927179
6.262505,-1.114055,-0.625752,-0.402108,1.985891,-2.968459
6.266507,-1.641778,-0.806693,-0.182233,2.119571,-1.864349
6.270508,-0.827179,-0.971646,0.588961,2.252997,-0.452496
6.274510,-1.338511,-1.117769,0.219432,2.386252,1.013237
6.278511,-1.808399,-1.242634,0.026312,2.519195,1.233197
6.282513,-1.462736,-1.344269,0.007965,2.651947,1.550615
6.286515,-2.624326,-1.421184,-0.590468,2.784337,-3.038592
6.290516,-1.081671,-1.472387,0.264178,2.916519,-1.094542
6.294518,-1.734135,-1.497389,0.168750,3.048300,1.234924
6.298519,-1.650519,-1.496192,-0.567068,-3.103330,-2.628990
6.302521,-0.825197,-1.469273,0.771056,-2.972197,-0.497528
6.306523,-0.779257,-1.417552,0.061138,-2.841304,1.511264
6.310524,-2.382026,-1.342360,-1.009968,-2.710841,-2.797881
6.314526,-0.239472,-1.245393,0.651803,-2.580628,-0.863011
6.318527,-0.822912,-1.128666,0.398317,-2.450836,1.033608
6.322529,-1.514327,-0.994464,-0.414776,-2.321301,3.019167
6.326531,-0.741451,-0.845292,0.193797,-2.192161,-0.213069
6.330532,-1.176776,-0.683820,-0.234552,-2.063280,2.206378
6.334534,-0.783037,-0.512837,-0.353720,-1.934753,-2.502619
6.338535,-0.249953,-0.335200,0.038584,-1.806482,-1.459487
6.342537,0.354728,-0.153788,0.318813,-1.678510,-0.763163
6.346539,0.906659,0.028537,0.586737,-1.550784,0.447813
6.350540,-0.060652,0.208972,-0.240000,-1.423288,1.909967
6.354542,-0.056708,0.384803,-0.565913,-1.296018,-2.791287
6.358543,0.366624,0.553439,0.191355,-1.168900,-1.027730
6.362545,0.559932,0.712429,0.048373,-1.041977,1.310275
6.366547,0.219256,0.859494,-0.146025,-0.915123,-2.398776
6.370548,0.734730,0.992538,0.164632,-0.788426,-0.351626
6.374550,0.664422,1.109670,-0.069095,-0.661712,2.687576
6.378551,0.883713,1.209215,0.206709,-0.535111,-0.779330
6.382553,1.358442,1.289735,0.298369,-0.408412,0.990435
6.386555,0.275632,1.350038,-0.596054,-0.281777,2.644231
6.390556,0.945587,1.389194,-0.277332,-0.154971,-2.036441
6.394558,1.451384,1.406547,0.321920,-0.028178,-0.475604
6.398559,1.118154,1.401728,-0.013270,0.098847,-2.340593
6.402561,1.566648,1.374666,0.329144,0.225909,-0.672201
6.406563,1.428553,1.325600,0.550853,0.353248,0.745038
6.410564,0.760158,1.255084,-0.491972,0.480673,2.121885
6.414566,-0.027915,1.163995,-0.904794,0.608403,-2.817975
6.418567,1.449187,1.053531,0.038026,0.736263,-1.522548
6.422569,1.652960,0.925211,0.450726,0.864437,-0.370773
6.426571,1.674231,0.780864,0.231223,0.992780,-0.070166
6.430572,1.807032,0.622616,0.468919,1.121428,0.210866
6.434574,1.147165,0.452869,0.157489,1.250274,1.366588
6.438575,0.294048,0.274272,-0.792921,1.379397,2.644973
6.442577,-0.244483,0.089684,-0.616221,1.508738,-2.409999
6.446579,0.799700,-0.097872,0.126407,1.638317,-1.386393
6.450580,0.606803,-0.285253,0.633265,1.768123,-0.473375
6.454582,0.638866,-0.469258,0.618783,1.898117,0.697520
6.458583,-0.652314,-0.646681,-0.349227,2.028340,2.065149
6.462585,-1.325639,-0.814377,-0.440983,2.158694,-2.864952
6.466587,-0.680941,-0.969324,-0.132758,2.289272,-2.284033
6.470588,-1.562622,-1.108688,-0.030646,2.419921,-1.655643
6.474590,-0.266436,-1.229878,0.475046,2.550781,-0.038420
6.478591,-1.764776,-1.330607,-0.139402,2.681656,1.880147
6.482593,-1.278511,-1.408939,-0.285657,2.812722,-2.336685
6.486595,-1.169816,-1.463332,0.326094,2.943755,-0.375391
6.490596,-1.220480,-1.492670,0.062973,3.074953,1.269761
6.494598,-1.478362,-1.496293,-0.013018,-3.077108,1.681763
6.498599,-1.562724,-1.474006,-0.239813,-2.945848,2.670237
6.502601,-1.522105,-1.426086,-0.138607,-2.814689,-1.945379
6.506603,-0.500393,-1.353280,0.405755,-2.683430,-0.169020
6.510604,-0.957608,-1.256782,0.009140,-2.552287,1.548026
6.514606,-0.572460,-1.138214,-0.367790,-2.421078,3.038634
6.518607,-0.483030,-0.999591,-0.160001,-2.289987,-2.031990
6.522609,0.602884,-0.843280,0.254775,-2.158862,-0.864188
6.526611,0.469784,-0.671955,0.344543,-2.027844,0.408428
6.530612,0.496853,-0.488546,-0.008291,-1.896822,1.606987
6.534614,0.325746,-0.296183,0.027867,-1.765882,1.363161
6.538615,0.297630,-0.098145,-0.219221,-1.634962,2.166884
6.542617,0.074162,0.102199,-0.535378,-1.504088,-2.767375
6.546619,0.820571,0.301446,0.101143,-1.373255,-1.404758
6.550620,1.774479,0.496215,0.564681,-1.242426,-0.111388
6.554622,1.225648,0.683200,0.201782,-1.111651,1.202493
6.558623,1.096405,0.859222,-0.571060,-0.980833,2.748419
6.562625,1.107454,1.021281,-0.143524,-0.850076,-1.767347
6.566627,2.580060,1.166599,0.891150,-0.719228,0.023950
6.570628,1.414086,1.292661,-0.142775,-0.588437,1.717432
6.574630,0.651676,1.397258,-0.880511,-0.457508,-3.003690
6.578631,1.964994,1.478515,-0.043783,-0.326623,-1.637200
6.582633,1.829858,1.534926,0.393717,-0.195558,-0.554885
6.586635,2.489943,1.565374,0.320142,-0.064516,0.516194
6.590636,1.163718,1.569156,-0.066721,0.066745,1.925756
6.594638,1.868139,1.545995,0.125315,0.198012,-0.275042
6.598639,0.906640,1.496052,0.046974,0.329528,1.460409
6.602641,0.682888,1.419931,-0.532637,0.461088,3.006058
6.606643,0.533790,1.318676,-0.113759,0.592917,-1.862812
6.610644,1.174571,1.193767,0.042707,0.724834,-1.348533
6.614646,1.035858,1.047105,0.302606,0.857031,-0.774221
6.618647,1.723906,0.880996,0.475843,0.989361,0.728094
6.622649,0.365574,0.698122,-0.499140,1.121971,2.418821
6.626651,0.786423,0.501512,-0.243490,1.254757,-2.038438
6.630652,1.154336,0.294496,0.367006,1.387810,0.034923
6.634654,0.139873,0.080658,-0.253413,1.521078,2.495907
6.638655,0.412752,-0.136223,-0.013378,1.654590,-1.600273
6.642657,0.270822,-0.352234,0.607350,1.788348,0.186124
6.646659,-0.284616,-0.563403,-0.167837,1.922316,1.812373
6.650660,-1.418259,-0.765773,-0.613320,2.056554,-2.906009
6.654662,-0.619270,-0.955482,0.065969,2.190961,-1.392575
6.658663,-1.084994,-1.128845,-0.008839,2.325650,-1.739831
6.662665,-1.174545,-1.282434,0.165441,2.460465,-1.141716
6.666667,-1.115178,-1.413159,0.514824,2.595562,0.410385
6.670668,-2.320623,-1.518336,-0.194040,2.730741,2.045139
6.674670,-2.506915,-1.595760,-0.019677,2.866191,-1.789777
6.678671,-2.660443,-1.643758,-0.035909,3.001679,1.669869
6.682673,-3.445182,-1.661238,-0.555028,3.137414,-2.936229
6.686675,-2.294492,-1.647717,0.125366,-3.010036,-1.308861
6.690676,-2.253248,-1.603345,0.169376,-2.874089,0.504347
6.694678,-1.921670,-1.528902,-0.077382,-2.738175,-2.014153
6.698679,-1.310230,-1.425789,0.361443,-2.602091,-0.319464
6.702681,-1.319496,-1.295992,0.220657,-2.466061,1.017806
6.706683,-1.483978,-1.142050,-0.195963,-2.329912,2.082077
6.710684,-2.037402,-0.966989,-0.471400,-2.193831,3.104282
6.714686,-1.381016,-0.774265,-0.187354,-2.057685,-1.892474
6.718687,-0.861386,-0.567680,0.589598,-1.921614,-0.430264
6.722689,-0.707014,-0.351301,0.280269,-1.785539,1.061222
6.726691,-1.043848,-0.129373,-0.254057,-1.649540,2.347328
6.730692,-0.733144,0.093782,-0.240553,-1.513599,2.645800
6.734694,-0.198604,0.313852,-0.528538,-1.377734,-2.739466
6.738695,0.272862,0.526632,0.169330,-1.241988,-1.352091
6.742697,1.918183,0.728112,0.700216,-1.106314,0.032752
6.746699,0.741311,0.914559,0.219518,-0.970819,1.023340
6.750700,1.426526,1.082591,0.089948,-0.835390,1.384979
6.754702,0.273285,1.229241,-0.612015,-0.700191,2.528061
6.758703,0.531350,1.352011,-0.529680,-0.565052,-2.382218
6.762705,1.538721,1.448905,0.153877,-0.430183,-1.205772
6.766707,1.135179,1.518462,0.165705,-0.295368,-1.046324
6.770708,2.233243,1.559767,0.604321,-0.160850,-0.121330
6.774710,1.322950,1.572454,0.281340,-0.026382,1.165247
6.778711,0.813157,1.556696,-0.453526,0.107776,2.335000
6.782713,0.402742,1.513183,-0.644207,0.241888,-2.915064
6.786715,0.561083,1.443095,-0.089834,0.375696,-1.693334
6.790716,1.481901,1.348059,0.641495,0.509460,-0.278512
6.794718,0.380586,1.230109,0.173188,0.642943,1.120520
6.798719,0.391445,1.091633,0.016959,0.776383,1.459191
6.802721,-0.188085,0.935323,-0.165957,0.909584,2.095667
6.806723,-0.328853,0.764120,-0.272482,1.042742,-2.562914
6.810724,-0.034765,0.581158,0.100121,1.175719,0.581351
6.814726,-0.787854,0.389709,-0.591752,1.308656,-2.942331
6.818727,0.149950,0.193133,0.437046,1.441480,-1.179103
6.822729,0.927262,-0.005179,1.235728,1.574268,0.529689
6.826731,-1.354413,-0.201851,-0.839465,1.707021,2.253818
6.830732,-1.098162,-0.393567,-0.535087,1.839742,-2.207746
6.834734,-0.162119,-0.577125,0.433918,1.972509,0.075084
6.838735,-1.110976,-0.749472,-0.432516,2.105248,2.871260
6.842737,-0.480218,-0.907751,0.066261,2.238112,-1.444831
6.846739,-0.340393,-1.049338,0.316486,2.370956,0.166815
6.850740,-0.632624,-1.171883,0.114421,2.503996,-0.392568
6.854742,-0.485823,-1.273339,0.380046,2.637023,0.687249
6.858743,-1.645147,-1.352005,-0.411072,2.770304,2.223585
6.862745,-1.755526,-1.406547,-0.479483,2.903579,-2.509095
6.866747,-1.457983,-1.436036,0.165113,3.037147,-1.019068
6.870748,-1.536926,-1.439960,0.020164,-3.112468,-1.198342
6.874750,-1.613512,-1.418251,0.196724,-2.978586,-0.673663
6.878752,-1.475482,-1.371289,0.203841,-2.844694,0.812560
6.882753,-2.077845,-1.299909,-0.119049,-2.710493,2.356932
6.886755,-1.664303,-1.205392,0.051109,-2.576275,0.543423
6.890756,-2.127772,-1.089453,-0.163354,-2.441772,2.184388
6.894758,-1.885452,-0.954217,-0.349638,-2.307244,-2.559462
6.898760,-1.399122,-0.802183,0.216594,-2.172477,-1.026946
6.902761,-0.870994,-0.636184,0.258442,-2.037678,0.475925
6.906763,-0.998722,-0.459328,-0.004871,-1.902701,1.619567
6.910764,-0.657883,-0.274945,0.040573,-1.767688,1.269359
6.914766,-0.535612,-0.086515,-0.220050,-1.632572,2.718297
6.918768,-0.364341,0.102404,-0.067018,-1.497416,-1.883606
6.922769,0.348320,0.288251,0.061390,-1.362243,0.040381
6.926771,0.176605,0.467534,-0.032939,-1.227030,-1.741771
6.930772,1.234051,0.636913,0.460677,-1.091890,0.035883
6.934774,0.761318,0.793264,-0.119594,-0.956716,1.757480
6.938776,0.590802,0.933751,-0.625675,-0.821704,-2.828791
6.942777,1.743219,1.055884,0.199133,-0.686671,-1.141080
6.946779,1.749838,1.157567,0.138096,-0.551885,0.642849
6.950780,1.891728,1.237138,0.022952,-0.417098,-1.413814
6.954782,2.059065,1.293400,0.316495,-0.282635,0.279696
6.958784,1.693419,1.325633,-0.045303,-0.148197,1.702510
6.962785,1.284319,1.333602,-0.255558,-0.014146,2.771739
6.966787,1.144491,1.317541,-0.269316,0.119846,-2.694992
6.970788,1.246211,1.278141,0.027339,0.253408,-1.498412
6.974790,1.477851,1.216514,0.360774,0.386871,-0.059891
6.978792,0.949991,1.134158,0.031029,0.519882,1.425148
6.982793,0.869137,1.032909,0.021211,0.652750,1.003005
6.986795,0.578760,0.914896,-0.049684,0.785164,1.771156
6.990796,0.260995,0.782480,-0.359389,0.917391,-2.946001
6.994798,0.401930,0.638206,0.063508,1.049185,-1.365963
6.998800,0.491513,0.484743,0.097543,1.180750,-0.034022
7.002801,0.169987,0.324834,0.119165,1.311922,-0.971778
7.006803,0.420321,0.161246,0.379726,1.442828,0.525644
7.010804,-0.339975,-0.003278,-0.216289,1.573401,2.054716
7.014806,-0.556238,-0.166060,-0.247330,1.703678,-2.947475
7.018808,-0.317471,-0.324525,-0.257256,1.833699,2.995455
7.022809,-0.737318,-0.476230,-0.316361,1.963404,-2.065296
7.026811,0.823733,-0.618894,0.791037,2.092940,-0.544136
7.030812,0.077137,-0.750416,0.482086,2.222156,1.012884
7.034814,-0.635231,-0.868897,-0.546286,2.351295,2.566708
7.038816,-0.583350,-0.972650,-0.159586,2.480124,-2.164773
7.042817,-0.209662,-1.060215,0.006123,2.608967,1.400494
7.046819,-0.613526,-1.130371,-0.188556,2.737522,-2.960662
7.050820,-0.298179,-1.182138,-0.108650,2.866176,-1.943634
7.054822,-0.217861,-1.214790,0.292507,2.994578,-0.829554
7.058824,0.116160,-1.227860,0.440692,3.123149,0.481862
7.062825,-0.947132,-1.221144,-0.108053,-3.031671,1.858466
7.066827,-0.791091,-1.194709,-0.099666,-2.903083,2.820010
7.070828,-1.280854,-1.148893,-0.136508,-2.774648,2.090213
7.074830,-1.309731,-1.084313,-0.490038,-2.645957,-2.844094
7.078832,-1.038685,-1.001859,0.046272,-2.517363,-1.486087
7.082833,-0.144526,-0.902693,0.408404,-2.388503,-0.387950
7.086835,-0.337430,-0.788243,0.436017,-2.259679,0.418342
7.090836,-0.335446,-0.660187,-0.050003,-2.130601,1.645389
7.094838,-1.195729,-0.520442,-0.764898,-2.001498,-3.056785
7.098840,0.030777,-0.371138,0.209107,-1.872168,-1.263346
7.102841,0.302767,-0.214593,0.360533,-1.742753,0.777469
7.106843,-0.315891,-0.053287,-0.364992,-1.613155,-3.045878
7.110844,0.735405,0.110181,0.383938,-1.483416,-0.460943
7.114846,0.458041,0.273127,-0.086648,-1.353546,1.724753
7.118848,0.232516,0.432828,-0.511024,-1.223486,-2.607703
7.122849,1.346202,0.586568,0.315631,-1.093352,-0.749234
7.126851,1.097998,0.731687,0.015281,-0.962987,1.433823
7.130852,1.394368,0.865625,0.183258,-0.832607,-0.887326
7.134854,1.777041,0.985976,0.382564,-0.701964,0.762891
7.138856,1.017418,1.090532,-0.286450,-0.571358,2.125684
7.142857,1.276041,1.177327,-0.481019,-0.440472,3.017843
7.146859,1.107416,1.244677,-0.528831,-0.309666,-2.451332
7.150860,2.291364,1.291215,0.309190,-0.178572,-1.244065
7.154862,2.931082,1.315923,1.058404,-0.047590,0.093737
7.158864,1.843775,1.318152,0.130979,0.083672,1.433725
7.162865,0.881482,1.297641,-0.696704,0.214805,2.776387
7.166867,0.963089,1.254524,-0.199651,0.346201,-1.981057
7.170868,1.445284,1.189331,0.347985,0.477468,0.248054
7.174870,0.369238,1.102982,-0.492934,0.608970,2.492007
7.178872,0.392190,0.996770,-0.463070,0.740363,-2.080664
7.182873,1.575343,0.872347,0.921114,0.871955,-0.507913
7.186875,1.048774,0.731694,0.455803,1.003470,1.001954
7.190876,-0.190478,0.577089,-0.299459,1.135144,2.383492
7.194878,0.056535,0.411074,-0.033991,1.266788,1.849117
7.198880,-0.807074,0.236412,-0.353947,1.398545,2.558462
7.202881,-0.823858,0.056041,-0.455165,1.530327,-2.508048
7.206883,-0.411439,-0.126972,0.129948,1.662180,-1.346821
7.210884,-0.169812,-0.309481,0.535785,1.794118,-0.207285
7.214886,-0.170083,-0.488310,0.266154,1.926085,0.924242
7.218888,-1.211021,-0.660309,-0.090366,2.058200,1.880043
7.222889,-0.785927,-0.822402,-0.191023,2.190308,2.547673
7.226891,-1.610571,-0.971642,-0.194405,2.322621,-2.895374
7.230892,-1.048911,-1.105262,-0.095034,2.454896,-2.433731
7.234894,-1.424578,-1.220726,-0.121811,2.587424,-2.109791
7.238896,-1.129754,-1.315778,0.233707,2.719894,-0.853235
7.242897,-0.841452,-1.388485,0.251973,2.852652,0.506119
7.246899,-1.733400,-1.437279,0.087919,2.985339,0.766571
7.250900,-1.111958,-1.460996,0.121644,3.118334,1.268333
7.254902,-2.778239,-1.458901,-0.654675,-3.031931,2.794507
7.258904,-1.805147,-1.430719,-0.200992,-2.898702,-1.823443
7.262905,-1.312559,-1.376651,0.719198,-2.765542,-0.073044
7.266907,-1.946521,-1.297376,-0.111966,-2.632090,1.789065
7.270908,-1.881459,-1.194058,-0.200942,-2.498695,-2.346121
7.274910,-1.640612,-1.068328,0.191374,-2.365043,0.591221
7.278912,-1.853848,-0.922267,-0.433376,-2.231430,2.930669
7.282913,-1.679547,-0.758372,0.034241,-2.097610,-1.519060
7.286915,-0.653512,-0.579516,0.744911,-1.963806,0.172014
7.290916,-1.599816,-0.388894,-0.158120,-1.829860,1.817908
7.294918,-1.615019,-0.189966,-0.310069,-1.695905,-2.741955
7.298920,-0.664425,0.013610,0.099363,-1.561881,0.847931
7.302921,-1.187869,0.218056,-0.488781,-1.427826,2.900123
7.306923,0.028613,0.419543,-0.209157,-1.293782,-1.870821
7.310924,0.860838,0.614282,0.603926,-1.159686,-0.484565
7.314926,1.299233,0.798595,0.366743,-1.025683,0.675659
7.318928,1.148949,0.969001,0.157208,-0.891613,1.098023
7.322929,0.827866,1.122286,-0.166447,-0.757711,1.835163
7.326931,0.441147,1.255567,-0.947762,-0.623735,-3.112920
7.330932,0.809003,1.366357,-0.037562,-0.489991,-1.606050
7.334934,2.578560,1.452609,0.943724,-0.356171,-0.024169
7.338936,0.897482,1.512757,-0.010587,-0.222635,1.587339
7.342937,1.405468,1.545738,-0.271657,-0.089030,3.118557
7.346939,1.027068,1.551017,-0.090291,0.044254,2.809401
7.350940,1.262760,1.528578,-0.188070,0.177592,-2.333334
7.354942,1.469759,1.478927,0.265359,0.310593,-0.645458
7.358944,1.174655,1.403066,0.128924,0.443623,1.133215
7.362945,0.701067,1.302469,-0.264017,0.576317,2.954310
7.366947,0.508780,1.179040,-0.009389,0.709010,-1.603509
7.370948,0.825073,1.035073,0.364595,0.841389,-0.038352
7.374950,0.000693,0.873199,0.046878,0.973731,1.468517
7.378952,-0.480241,0.696332,-0.491002,1.105798,2.954466
7.382953,-0.626065,0.507610,-0.155107,1.237792,-1.923295
7.386955,0.055424,0.310340,0.268675,1.369567,-0.737578
7.390956,-0.310522,0.107933,0.350223,1.501234,0.287831
7.394958,-0.401437,-0.096145,0.006859,1.632751,1.554796
7.398960,-1.065223,-0.298434,-0.424481,1.764130,3.020637
7.402961,-0.890017,-0.495533,-0.071790,1.895435,-1.791418
7.406963,-0.371687,-0.684148,0.159539,2.026577,-0.593111
7.410964,-1.273473,-0.861143,0.145402,2.157725,0.156402
7.414966,-0.535264,-1.023577,0.032774,2.288694,1.314863
7.418968,-1.890295,-1.168753,-0.009437,2.419746,2.050539
7.422969,-0.871099,-1.294251,0.001347,2.550614,1.561841
7.426971,-2.023457,-1.397959,-0.225470,2.681635,-3.011654
7.430972,-1.174423,-1.478111,0.095522,2.812477,-0.853637
7.434974,-1.406420,-1.533305,-0.172129,2.943530,2.531826
7.438976,-1.592518,-1.562531,-0.041593,3.074423,-1.663178
7.442977,-0.345144,-1.565187,0.515634,-3.077614,0.225113
7.446979,-1.936196,-1.541094,-0.260304,-2.946598,2.306131
7.450980,-0.995128,-1.490505,0.123262,-2.815298,-1.171555
7.454982,-1.427767,-1.414110,0.207911,-2.684093,1.161935
7.458984,-2.177429,-1.313031,-0.580453,-2.552595,2.969772
7.462985,-1.527272,-1.188822,-0.093903,-2.421148,-1.805676
7.466987,-1.652540,-1.043448,0.063625,-2.289421,-1.313434
7.470988,-0.700547,-0.879264,0.473437,-2.157697,-0.369661
7.474990,-1.289916,-0.698986,0.192234,-2.025723,1.272685
7.478992,-1.398726,-0.505651,-0.545354,-1.893703,-3.060146
7.482993,-0.713028,-0.302569,0.397794,-1.761481,-0.452454
7.486995,-0.656491,-0.093271,-0.319078,-1.629164,2.005479
7.490996,-1.384579,0.118552,-0.779204,-1.496706,-2.357465
7.494998,1.212044,0.329119,0.964928,-1.364111,-0.589420
7.499000,0.363346,0.534628,0.358320,-1.231444,1.136814
7.503001,0.446287,0.731329,-0.264012,-1.098604,2.990994
7.507003,0.867835,0.915607,0.204734,-0.965764,1.039097
7.511004,0.447335,1.084046,-0.796769,-0.832726,2.748715
7.515006,1.012095,1.233510,-0.350364,-0.699758,-1.943921
7.519008,2.480783,1.361204,0.625566,-0.566578,-0.458509
7.523009,2.100960,1.464735,0.243495,-0.433534,0.535782
7.527011,2.324269,1.542166,0.302773,-0.300277,0.516378
7.531012,1.808896,1.592054,-0.101445,-0.167210,1.766676
7.535014,1.229706,1.613485,-0.418618,-0.033943,-3.018207
7.539016,1.832876,1.606084,0.065680,0.099094,-1.071409
7.543017,1.101466,1.570029,-0.208002,0.232304,2.400362
7.547019,1.211851,1.506035,-0.439957,0.365263,-2.378387
7.551020,1.658122,1.415345,0.467824,0.498357,-1.019307
7.555022,2.378015,1.299695,1.032907,0.631193,0.358194
7.559024,0.706272,1.161274,-0.248194,0.764115,1.788240
7.563025,-0.125468,1.002683,-0.958397,0.896788,-3.036581
7.567027,0.491965,0.826870,-0.048000,1.029490,-1.653835
7.571028,0.578628,0.637073,0.119034,1.161968,-1.055320
7.575030,0.499243,0.436755,0.375241,1.294411,-0.576455
7.579032,0.631177,0.229531,0.402416,1.426669,0.891723
7.583033,-0.799141,0.019103,-0.528389,1.558826,2.542438
7.587035,-0.358022,-0.190811,-0.222535,1.690845,-2.030766
7.591036,-0.349243,-0.396547,0.301602,1.822699,-0.376689
7.595038,-0.482233,-0.594556,0.132953,1.954470,0.894811
7.599040,-1.096710,-0.781464,-0.121510,2.086018,2.014297
7.603041,-1.402059,-0.954130,-0.407642,2.217538,-2.673759
7.607043,-0.834172,-1.109693,0.389926,2.348788,-0.900040
7.611044,-0.762206,-1.245615,0.449454,2.480065,0.919536
7.615046,-2.063458,-1.359717,-0.710440,2.611041,2.753943
7.619048,-1.409396,-1.450206,-0.074631,2.742093,-1.678030
7.623049,-0.800734,-1.515698,0.537923,2.872827,0.221672
7.627051,-1.635208,-1.555234,-0.247292,3.003681,2.265800
7.631052,-1.275864,-1.568283,-0.050382,3.134222,-1.738319
7.635054,-1.011485,-1.554750,0.303379,-3.018271,0.386923
7.639056,-1.200112,-1.514965,-0.184815,-2.887869,2.119414
7.643057,-1.405093,-1.449681,-0.315392,-2.757292,-2.709612
7.647059,-0.658522,-1.360051,0.060444,-2.626964,-1.392151
7.651060,-0.508634,-1.247614,0.334973,-2.496454,-0.001561
7.655062,-0.515348,-1.114268,-0.014472,-2.366133,1.620100
7.659064,-0.946013,-0.962244,-0.204907,-2.235634,-2.633622
7.663065,-0.206086,-0.794071,0.254197,-2.105253,-0.324608
7.667067,-0.758118,-0.612543,-0.036140,-1.974713,1.671856
7.671068,-0.760860,-0.420677,-0.348860,-1.844210,-2.790870
7.675070,-0.417543,-0.221671,0.159398,-1.713579,-0.904903
7.679072,-0.209286,-0.018856,-0.057955,-1.582904,2.047209
7.683073,-0.191143,0.184353,0.011098,-1.452142,-1.540905
7.687075,0.984794,0.384513,0.652814,-1.321258,0.262577
7.691076,0.072965,0.578208,-0.313058,-1.190336,1.937436
7.695078,0.160466,0.762108,-0.790348,-1.059224,-2.730326
7.699080,1.251885,0.933025,0.218716,-0.928126,-1.197120
7.703081,1.616217,1.087975,0.167285,-0.796782,-0.286785
7.707083,1.836588,1.224229,0.361147,-0.665504,-0.623049
7.711084,2.135120,1.339370,0.560650,-0.533939,0.788192
7.715086,1.262112,1.431343,-0.519916,-0.402489,2.282704
7.719088,1.249954,1.498490,-0.354904,-0.270728,-2.650889
7.723089,1.931653,1.539591,-0.325247,-0.139122,2.897275
7.727091,1.378855,1.553890,-0.520280,-0.007203,-2.139937
7.731092,3.662646,1.541111,1.057433,0.124532,-0.640065
7.735094,2.910106,1.501468,0.795451,0.256563,0.876601
7.739096,1.710291,1.435666,-0.580702,0.388395,2.366934
7.743097,1.663830,1.344885,-0.209814,0.520483,-2.555713
7.747099,1.477907,1.230760,-0.147602,0.652372,2.335654
7.751100,1.000326,1.095345,-0.421910,0.784462,-2.771290
7.755102,1.134653,0.941075,-0.052455,0.916369,-1.667816
7.759104,1.400005,0.770717,0.490340,1.048411,-0.619851
7.763105,1.378915,0.587314,0.557502,1.180299,0.490832
7.767107,0.160923,0.394126,-0.021826,1.312247,1.609217
7.771108,-0.085704,0.194567,-0.371920,1.444086,2.548221
7.775110,-0.987402,-0.007858,-0.439061,1.575905,-3.045707
7.779112,-0.482794,-0.209623,-0.311823,1.707670,-2.126278
7.783113,-0.498052,-0.407239,0.447680,1.839340,-0.920565
7.787115,0.305479,-0.597316,0.725051,1.971017,0.402308
7.791116,-1.211142,-0.776624,-0.121614,2.102533,1.740423
7.795118,-1.182368,-0.942138,-0.581277,2.234121,3.001025
7.799120,-1.467700,-1.091090,-0.271970,2.365494,-2.161451
7.803121,-0.497963,-1.221010,0.248038,2.497003,-1.021629
7.807123,-0.917653,-1.329759,0.430574,2.628259,0.316799
7.811124,-0.917772,-1.415561,-0.073551,2.759709,1.801644
7.815126,-1.588051,-1.477024,-0.072467,2.890889,-3.044474
7.819128,-1.031246,-1.513160,-0.085158,3.022310,1.968335
7.823129,-1.954570,-1.523397,-0.390799,-3.129722,-2.696290
7.827131,-0.849662,-1.507581,0.238314,-2.998295,-1.029730
7.831132,-1.284203,-1.465984,0.201255,-2.867110,0.729655
7.835134,-1.231037,-1.399292,-0.002249,-2.735633,-1.588527
7.839136,-0.902524,-1.308597,0.459806,-2.604354,0.461265
7.843137,-1.539669,-1.195387,-0.399864,-2.472782,2.110737
7.847139,-1.744293,-1.061517,-0.676594,-2.341344,-2.584287
7.851140,-0.405425,-0.909189,0.287249,-2.209629,-1.053559
7.855142,-0.332331,-0.740922,0.241833,-2.077971,0.328317
7.859144,-0.181883,-0.559513,0.066023,-1.946064,0.035991
7.863145,-0.097786,-0.368000,0.121642,-1.814126,0.500860
7.867147,-0.074077,-0.169616,0.085331,-1.681979,0.827810
7.871148,-0.085240,0.032257,0.064163,-1.549708,1.368072
7.875150,-0.702702,0.234140,-0.503850,-1.417276,2.632058
7.879152,-0.583661,0.432513,-0.480688,-1.284628,-2.267099
7.883153,0.461055,0.623872,0.495597,-1.151875,-0.879092
7.887155,0.671388,0.804787,0.595575,-1.018822,0.451929
7.891156,0.310907,0.971968,-0.014772,-0.885722,1.602704
7.895158,0.183622,1.122326,-0.231999,-0.752256,2.323059
7.899160,0.424530,1.253035,-0.411232,-0.618799,3.087765
7.903161,0.792542,1.361591,-0.209145,-0.484929,-2.052501
7.907163,1.558183,1.445873,0.186498,-0.351122,-0.963289
7.911164,1.815935,1.504186,0.200899,-0.216882,-0.723138
7.915166,2.164593,1.535315,0.558422,-0.082751,0.121314
7.919168,1.903767,1.538552,0.044814,0.051806,1.514337
7.923169,0.799095,1.513728,-0.770378,0.186217,3.043506
7.927171,1.760495,1.461218,-0.016357,0.321020,-1.603247
7.931172,1.749834,1.381948,0.133878,0.455654,0.630412
7.935174,1.370144,1.277380,-0.220947,0.590618,-2.554371
7.939176,1.797870,1.149485,0.206899,0.725402,-0.995568
7.943177,1.591142,1.000708,0.357504,0.860430,0.141754
7.947179,1.261670,0.833913,0.190312,0.995279,0.984958
7.951180,0.700593,0.652329,-0.064110,1.130265,1.750002
7.955182,-0.045287,0.459473,-0.347371,1.265085,2.435028
7.959184,-0.226295,0.259072,-0.691010,1.399919,-2.872404
7.963185,-0.205638,0.054985,-0.025445,1.534605,-1.597512
7.967187,1.081621,-0.148887,0.936672,1.669176,-0.227848
7.971188,-0.050891,-0.348685,0.353850,1.803622,1.055493
7.975190,-0.737008,-0.540679,-0.161589,1.937820,1.921494
7.979192,-1.069180,-0.721341,-0.478441,2.071915,2.728818
7.983193,-1.657796,-0.887425,-0.289350,2.205632,-2.158796
7.987195,-0.436342,-1.036030,0.282014,2.339264,-0.155248
7.991196,-2.114680,-1.164653,-0.378615,2.472398,3.012870
7.995198,-0.751511,-1.271236,0.172014,2.605458,-1.342795
7.999200,-1.017910,-1.354192,0.848233,2.737918,0.306285
8.003201,-1.510193,-1.412428,-0.182395,2.870305,1.846587
8.007203,-2.176208,-1.445346,-0.236879,3.002014,2.965179
8.011204,-1.808437,-1.452840,-0.284062,3.133638,2.593575
8.015206,-1.955283,-1.435277,-0.410133,-3.018648,-2.345650
8.019208,-0.760878,-1.393465,0.396162,-2.887857,-0.816511
8.023209,-0.270196,-1.328618,0.295803,-2.757807,0.730489
8.027211,-0.744289,-1.242313,-0.133738,-2.627893,2.194913
8.031212,0.098088,-1.136433,-0.198293,-2.498698,-2.702959
8.035214,-0.270052,-1.013123,0.155427,-2.369674,-1.120003
8.039216,0.857295,-0.874731,0.437106,-2.241309,0.528389
8.043217,-0.776880,-0.723757,-0.307775,-2.113150,2.202712
8.047219,-0.140826,-0.562809,-0.241527,-1.985557,-2.275815
8.051220,0.047467,-0.394552,0.236180,-1.858203,0.023337
8.055222,-0.100505,-0.221668,-0.175906,-1.731295,2.175957
8.059224,0.092850,-0.046824,-0.380495,-1.604656,-2.697182
8.063225,0.500227,0.127366,0.043715,-1.478320,-1.492679
8.067227,1.546078,0.298365,0.663342,-1.352276,-0.192329
8.071228,0.930027,0.463739,0.216312,-1.226379,1.222176
8.075230,0.333454,0.621175,-0.362375,-1.100784,2.750437
8.079232,0.762653,0.768496,0.055850,-0.975177,-1.002116
8.083233,0.407985,0.903677,-0.072060,-0.849868,1.796156
8.087235,0.340569,1.024857,-0.515912,-0.724390,-3.094663
8.091236,0.569973,1.130351,-0.206101,-0.599195,-1.916637
8.095238,1.651331,1.218662,0.443917,-0.473690,-0.850738
8.099240,2.021204,1.288493,0.748922,-0.348439,0.204870
8.103241,1.586924,1.338765,0.207779,-0.222759,1.332674
8.107243,0.706579,1.368630,-0.813787,-0.097293,2.568667
8.111244,0.655260,1.377487,-0.686865,0.028690,-2.380221
8.115246,1.952846,1.364996,0.431417,0.154512,-0.979132
8.119248,1.659526,1.331094,0.413210,0.280908,0.456174
8.123249,1.270518,1.276009,-0.023058,0.407209,1.836153
8.127251,1.238719,1.200272,0.225361,0.534103,0.316639
8.131253,0.788529,1.104723,-0.092773,0.660976,1.795789
8.135254,0.351956,0.990521,-0.392117,0.788429,-2.946498
8.139256,0.717185,0.859140,0.081621,0.915944,-1.181527
8.143257,0.599737,0.712364,-0.090723,1.043994,2.192581
8.147259,0.504206,0.552275,-0.182030,1.172191,-2.040271
8.151261,1.159259,0.381237,0.499001,1.300853,-0.366929
8.155262,0.712962,0.201869,0.130360,1.429745,1.295431
8.159264,-0.032253,0.017009,-0.277622,1.559008,2.990297
8.163265,-0.093208,-0.170324,-0.024357,1.688580,-2.069059
8.167267,-0.631296,-0.356980,-0.131927,1.818415,-2.277347
8.171269,-0.572108,-0.539735,0.421792,1.948626,-0.442495
8.175270,-0.969853,-0.715349,0.181053,2.078985,1.322835
8.179272,-2.471390,-0.880632,-0.889609,2.209775,2.979024
8.183273,-1.710600,-1.032509,-0.160308,2.340603,-1.754614
8.187275,-1.030240,-1.168084,0.666461,2.471899,-0.341344
8.191277,-1.643060,-1.284708,0.320015,2.603134,0.924291
8.195278,-2.039850,-1.380035,-0.258987,2.734856,2.244786
8.199280,-2.723210,-1.452077,-0.199954,2.866436,-2.309735
8.203281,-1.830241,-1.499255,0.261976,2.998502,0.092517
8.207283,-3.170380,-1.520435,-0.260560,3.130366,2.286016
8.211285,-2.644272,-1.514959,-0.270434,-3.020491,-2.145843
8.215286,-2.363619,-1.482665,0.444579,-2.888398,-0.362340
8.219288,-2.289256,-1.423893,0.034141,-2.755884,1.472729
8.223289,-2.425557,-1.339486,-0.171750,-2.623610,-2.680497
8.227291,-1.725214,-1.230769,0.161615,-2.490974,0.096872
8.231293,-1.583467,-1.099526,-0.159438,-2.358554,2.275127
8.235294,-1.342731,-0.947968,-0.166566,-2.225843,-2.192830
8.239296,-0.293927,-0.778685,0.238855,-2.093296,-0.417229
8.243297,-0.416550,-0.594598,0.020527,-1.960537,1.472035
8.247299,-0.052488,-0.398905,-0.174952,-1.827865,-2.786507
8.251301,0.168907,-0.195020,0.124197,-1.695059,-0.933508
8.255302,0.547920,0.013489,0.178365,-1.562245,0.678734
8.259304,0.070510,0.222959,-0.129460,-1.429372,2.220935
8.263305,0.251958,0.429697,-0.110787,-1.296381,-2.417551
8.267307,0.296612,0.630039,0.063868,-1.163400,-0.088578
8.271309,0.263120,0.820408,-0.096460,-1.030187,2.802606
8.275310,0.335316,0.997377,-0.014845,-0.897040,-1.684951
8.279312,0.449105,1.157719,0.046743,-0.763553,-0.383682
8.283313,0.654602,1.298463,0.054296,-0.630173,-1.212725
8.287315,0.844296,1.416946,0.372418,-0.496359,0.263169
8.291317,0.887880,1.510856,-0.093159,-0.362676,1.747284
8.295318,0.215109,1.578280,-0.508299,-0.228487,3.041877
8.299320,0.990563,1.617742,-0.375570,-0.094435,-2.424603
8.303321,1.219958,1.628237,0.062926,0.040168,-1.494845
8.307323,2.711772,1.609259,1.246267,0.174647,-0.135295
8.311325,1.764593,1.560826,0.291146,0.309690,1.370926
8.315326,0.038483,1.483490,-1.274774,0.444640,2.912052
8.319328,1.298935,1.378342,-0.248529,0.580137,-1.875900
8.323329,1.408746,1.247011,0.166115,0.715588,-0.893925
8.327331,1.629515,1.091641,0.182368,0.851539,-1.081874
8.331333,1.705312,0.914872,0.549027,0.987504,0.226196
8.335334,1.211509,0.719800,0.011965,1.123895,1.542218
8.339336,0.716189,0.509928,-0.074532,1.260369,1.897495
8.343337,0.567990,0.289107,-0.413090,1.397173,2.536800
8.347339,-0.126251,0.061467,-0.503796,1.534134,-2.369334
8.351341,1.290129,-0.168658,0.411365,1.671313,-0.918194
8.355342,0.572775,-0.396823,0.459402,1.808720,0.470518
8.359344,0.441810,-0.618555,-0.092687,1.946225,1.810456
8.363345,-0.663934,-0.829454,-0.364644,2.084021,-2.830001
8.367347,0.065375,-1.025288,0.340360,2.221794,-0.859361
8.371349,-0.661342,-1.202086,0.391341,2.359906,1.040740
8.375350,-2.115417,-1.356236,-0.937105,2.497880,2.837770
8.379352,-1.961630,-1.484568,-0.123730,2.636221,-1.692253
8.383353,-0.881139,-1.584431,0.860464,2.774323,0.018979
8.387355,-2.212452,-1.653757,-0.012028,2.912795,1.592803
8.391357,-2.092850,-1.691116,-0.204200,3.050950,2.434321
8.395358,-2.451855,-1.695745,-0.464819,-3.093732,3.053349
8.399360,-1.846996,-1.667571,-0.136550,-2.955600,-1.762204
8.403361,-0.726348,-1.607213,0.759058,-2.817165,-0.155956
8.407363,-1.240263,-1.515958,0.075697,-2.679128,1.444035
8.411365,-1.361934,-1.395738,-0.290914,-2.540854,2.887651
8.415366,-0.946357,-1.249074,-0.133289,-2.402977,3.069506
8.419368,-0.954677,-1.079017,-0.190908,-2.264953,-2.300175
8.423369,-0.047644,-0.889074,0.266457,-2.127294,-0.673875
8.427371,-0.297124,-0.683126,0.110310,-1.989594,1.180186
8.431373,-0.186203,-0.465335,-0.237812,-1.852208,-2.959682
8.435374,0.198686,-0.240053,0.175627,-1.714897,-0.889753
8.439376,0.548126,-0.011721,0.218239,-1.577828,0.803418
8.443377,0.390941,0.215224,-0.154796,-1.440958,2.213532
8.447379,0.637055,0.436442,-0.127188,-1.304248,2.773353
8.451381,0.754947,0.647778,-0.341664,-1.167855,3.017867
8.455382,1.046818,0.845345,-0.266812,-1.031539,-1.980193
8.459384,2.046916,1.025590,0.728536,-0.895648,-0.572922
8.463385,2.151225,1.185365,0.574176,-0.759752,0.793937
8.467387,0.901803,1.321966,-0.197063,-0.624372,1.924016
8.471389,1.141928,1.433183,-0.354576,-0.488915,2.458185
8.475390,0.287686,1.517318,-0.668009,-0.354040,-3.028784
8.479392,1.130242,1.573204,-0.247334,-0.219030,-1.876057
8.483393,1.757198,1.600210,0.617699,-0.084637,-0.733489
8.487395,1.981936,1.598234,0.784632,0.049925,0.347036
8.491397,1.262842,1.567689,0.033294,0.183868,1.532010
8.495398,0.126259,1.509479,-0.732045,0.317993,2.893567
8.499400,0.950507,1.424974,-0.130721,0.451527,-1.866984
8.503401,0.651859,1.315964,0.038679,0.585231,0.982597
8.507403,0.700368,1.184626,-0.243278,0.718407,-2.238250
8.511405,0.994209,1.033475,0.499377,0.851717,-0.541180
8.515406,0.871593,0.865316,0.183319,0.984588,1.207931
8.519408,-0.093735,0.683197,-0.303247,1.117536,-2.984366
8.523409,0.338137,0.490349,0.264345,1.250158,-0.315366
8.527411,-0.204225,0.290142,-0.025140,1.382784,1.643657
8.531413,-0.839732,0.086027,-0.255931,1.515211,2.948831
8.535414,-0.647739,-0.118518,-0.283156,1.647557,-2.862227
8.539416,-0.873846,-0.320036,-0.035019,1.779843,-1.634940
8.543417,0.211292,-0.515147,0.665840,1.911957,0.020027
8.547419,-1.046065,-0.700594,-0.215590,2.044149,1.960301
8.551421,-0.883914,-0.873290,-0.131948,2.176082,-1.857534
8.555422,-0.447540,-1.030367,0.556971,2.308218,0.585232
8.559424,-1.962382,-1.169217,-0.775444,2.440019,2.595512
8.563425,-1.700460,-1.287533,-0.247416,2.572127,-1.828431
8.567427,-0.714572,-1.383349,0.835172,2.703837,-0.036714
8.571429,-1.936271,-1.455072,-0.046528,2.835932,1.654389
8.575430,-2.118232,-1.501510,-0.239129,2.967585,2.933241
8.579432,-2.314896,-1.521899,-0.249356,3.099670,3.103792
8.583433,-2.437223,-1.515915,-0.169778,-3.051895,-1.943205
8.587435,-1.505479,-1.483688,0.530965,-2.919833,-0.485137
8.591437,-2.214383,-1.425803,0.363998,-2.788230,0.977023
8.595438,-2.484849,-1.343290,-0.506226,-2.656212,2.483161
8.599440,-2.772109,-1.237615,-0.318229,-2.524620,-2.170976
8.603441,-1.436489,-1.110650,0.404591,-2.392676,-0.385853
8.607443,-1.642126,-0.964645,0.042424,-2.261099,1.429023
8.611445,-1.595115,-0.802186,-0.151623,-2.129260,2.606174
8.615446,-1.029064,-0.626148,-0.353643,-1.997706,-3.048475
8.619448,-0.792330,-0.439639,0.018766,-1.866003,-1.544603
8.623449,0.798424,-0.245945,0.939487,-1.734484,0.130294
8.627451,-0.388618,-0.048465,-0.263867,-1.602939,1.882560
8.631453,-0.464219,0.149351,-0.345654,-1.471465,-2.403926
8.635454,0.723989,0.344063,0.206429,-1.340094,0.900318
8.639456,-0.596762,0.532306,-0.692326,-1.208670,3.139387
8.643457,1.146235,0.710848,0.145169,-1.077475,-1.382664
8.647459,1.280965,0.876648,0.512672,-0.946107,0.198284
8.651461,1.284524,1.026904,0.121950,-0.815078,0.913835
8.655462,1.408301,1.159102,0.077111,-0.683765,1.368358
8.659464,0.669448,1.271055,-0.459812,-0.552879,2.908450
8.663465,1.286096,1.360935,-0.025674,-0.421615,-1.664936
8.667467,1.056004,1.427298,-0.122889,-0.290836,3.005763
8.671469,0.928627,1.469105,0.059534,-0.159606,-1.460599
8.675470,2.055133,1.485729,0.787073,-0.028886,0.233821
8.679472,0.244402,1.476967,-0.221856,0.102331,1.845199
8.683473,0.636063,1.443032,-0.585125,0.233052,-3.024587
8.687475,0.119071,1.384550,-0.235132,0.364283,-2.252935
8.691477,1.001542,1.302546,0.002016,0.495069,-1.567071
8.695478,0.980408,1.198428,0.675633,0.626347,-0.322875
8.699480,1.015408,1.073963,0.380390,0.757264,0.957474
8.703481,-0.049299,0.931253,-0.173130,0.888622,1.936488
8.707483,-0.049800,0.772705,-0.426242,1.019732,2.581216
8.711485,-0.500118,0.600992,-0.584555,1.151203,-2.670022
8.715486,0.534351,0.419017,0.095288,1.282560,-1.423191
8.719488,0.623583,0.229869,0.415484,1.414173,-0.286219
8.723489,0.762207,0.036779,0.288122,1.545818,0.017778
8.727491,0.425758,-0.156933,0.420201,1.677593,0.709299
8.731493,-0.253507,-0.347908,-0.337655,1.809546,2.023676
8.735494,-1.322966,-0.532808,-0.731718,1.941494,-2.815186
8.739496,-0.407052,-0.708374,0.131085,2.073754,-1.342213
8.743497,-0.843172,-0.871484,0.295421,2.205870,0.084672
8.747499,-1.045858,-1.019217,0.042372,2.338415,0.768443
8.751501,-1.348538,-1.148907,0.128724,2.470686,0.414126
8.755502,-1.563444,-1.258201,-0.022588,2.603473,1.685269
8.759504,-1.931795,-1.345108,-0.185652,2.735872,2.978451
8.763505,-1.953750,-1.408044,-0.056936,2.868842,-1.979339
8.767507,-1.933601,-1.445870,0.052629,3.001334,-0.286107
8.771509,-2.248382,-1.457917,-0.102581,3.134412,-2.683872
8.775510,-1.970940,-1.444007,0.165638,-3.016231,-1.000490
8.779512,-1.911949,-1.404459,0.376209,-2.883131,0.577672
8.783513,-2.291662,-1.340084,-0.225399,-2.750588,2.102326
8.787515,-2.403117,-1.252172,-0.253328,-2.617556,-2.859483
8.791517,-1.882092,-1.142462,-0.176427,-2.485069,-2.994206
8.795518,-1.818493,-1.013104,-0.214759,-2.352200,-2.039684
8.799520,-0.757729,-0.866616,0.545178,-2.219828,-0.626117
8.803521,-0.400832,-0.705824,0.485380,-2.087215,0.764275
8.807523,-1.301130,-0.533799,-0.221365,-1.955018,1.981971
8.811525,-0.756927,-0.353792,-0.489463,-1.822746,3.051712
8.815526,-0.957981,-0.169159,-0.171010,-1.690784,-1.947017
8.819528,0.513526,0.016705,0.317723,-1.558930,-0.262223
8.823529,-0.370691,0.200439,-0.160222,-1.427262,2.422706
8.827531,0.488382,0.378785,0.052523,-1.295889,-1.447383
8.831533,0.959781,0.548652,0.550031,-1.164572,0.302997
8.835534,0.357916,0.707170,-0.141547,-1.033732,1.876979
8.839536,0.797215,0.851743,-0.129046,-0.902816,2.799477
8.843537,0.344654,0.980090,-0.312878,-0.772542,2.380006
8.847539,0.733284,1.090277,-0.686457,-0.642074,-2.478991
8.851541,1.483658,1.180741,0.611046,-0.512382,-0.979527
8.855542,2.583907,1.250303,0.905845,-0.382396,0.509438
8.859544,0.511137,1.298176,-0.262577,-0.253283,1.934687
8.863545,1.126207,1.323960,-0.355591,-0.123803,3.039427
8.867547,0.087036,1.327632,-0.310724,0.004755,-3.003328
8.871549,1.008989,1.309524,-0.132884,0.133724,-1.828246
8.875550,0.774777,1.270306,0.582745,0.261775,-0.236578
8.879552,1.070745,1.210953,0.034120,0.390245,1.504904
8.883553,0.065857,1.132722,-0.293999,0.517857,-2.849959
8.887555,1.212695,1.037115,0.140634,0.645860,0.390279
8.891557,0.202906,0.925850,-0.443579,0.773116,2.936123
8.895558,0.903575,0.800828,0.016718,0.900701,-1.547447
8.899560,1.343315,0.664104,0.736998,1.027696,0.146286
8.903561,0.242489,0.517855,-0.130291,1.154927,1.847575
8.907563,0.242365,0.364350,0.031365,1.281761,-1.254799
8.911565,0.010558,0.205923,0.067066,1.408715,1.445935
8.915566,-0.827912,0.044948,-0.831097,1.535492,3.024605
8.919568,-0.234646,-0.116192,-0.195544,1.662258,-1.813299
8.923569,0.569374,-0.275123,0.434954,1.789079,-0.633396
8.927571,0.455975,-0.429511,0.402255,1.915754,-0.178497
8.931573,0.540867,-0.577078,0.512051,2.042717,0.652333
8.935574,-0.535444,-0.715629,-0.284497,2.169402,1.950698
8.939576,-1.114134,-0.843079,-0.623279,2.296588,-2.930218
8.943577,-0.699719,-0.957474,0.001797,2.423378,-1.565133
8.947579,-0.958150,-1.057018,-0.064650,2.550853,-2.242469
8.951581,-0.768115,-1.140104,0.125324,2.677837,-1.255849
8.955582,-0.348927,-1.205333,0.555167,2.805647,0.274148
8.959584,-1.122073,-1.251544,-0.191289,2.932905,1.906301
8.963585,-1.105268,-1.277837,-0.387053,3.061081,-2.614625
8.967587,-0.827834,-1.283594,0.227883,-3.094504,-0.518328
8.971589,-0.661620,-1.268499,-0.138378,-2.965949,2.257672
8.975590,-1.325323,-1.232559,-0.054805,-2.837949,-1.733918
8.979592,-0.035777,-1.176108,0.405506,-2.709018,0.147589
8.983593,-1.541851,-1.099822,-0.116800,-2.580579,1.873127
8.987595,-0.844167,-1.004717,-0.319906,-2.451288,-2.846278
8.991597,-1.303863,-0.892144,0.033134,-2.322387,-1.471998
8.995598,-0.114354,-0.763779,0.458399,-2.192764,-0.059811
8.999600,-0.849113,-0.621604,0.052148,-2.063398,1.490396
9.003601,-1.111634,-0.467877,-0.792758,-1.933482,3.089939
9.007603,-0.255145,-0.305102,-0.023734,-1.803663,-1.600830
9.011605,0.754217,-0.135985,0.601656,-1.673498,-0.054088
9.015606,0.474971,0.036612,0.061706,-1.543256,1.353864
9.019608,0.611077,0.209720,0.064972,-1.412890,0.704055
9.023609,1.016154,0.380327,0.054437,-1.282267,1.406364
9.027611,0.404627,0.545427,-0.462055,-1.151741,2.581870
9.031613,0.886795,0.702083,-0.600775,-1.020787,-2.458595
9.035614,1.724482,0.847484,0.466306,-0.890142,-1.084459
9.039616,2.828564,0.978999,1.013037,-0.758915,0.408226
9.043617,1.195692,1.094234,-0.403854,-0.628181,1.984468
9.047619,1.128159,1.191074,-0.624082,-0.496744,-2.654224
9.051621,1.910173,1.267728,0.196737,-0.365944,-0.873836
9.055622,1.366295,1.322762,-0.117999,-0.234360,2.913969
9.059624,1.704237,1.355123,0.104827,-0.103509,-1.282731
9.063625,1.770096,1.364165,0.449017,0.028160,0.267837
9.067627,1.431761,1.349651,-0.003936,0.159054,1.580492
9.071629,1.196872,1.311764,-0.229749,0.290749,2.434005
9.075630,1.078060,1.251100,-0.365932,0.421682,2.963024
9.079632,1.222357,1.168653,-0.442033,0.553346,-2.404533
9.083633,1.690038,1.065799,0.271324,0.684317,-1.250457
9.087635,2.626529,0.944267,1.076771,0.815900,0.032571
9.091637,1.068902,0.806112,0.198800,0.946907,1.393980
9.095638,0.036328,0.653671,-0.902238,1.078363,2.778759
9.099640,-0.454553,0.489525,-0.379328,1.209403,-2.182433
9.103641,0.564689,0.316450,0.195830,1.340699,-1.069718
9.107643,-0.429632,0.137371,0.338010,1.471772,0.046369
9.111645,0.112661,-0.044692,-0.060426,1.602890,1.745940
9.115646,-1.296111,-0.226667,-0.339235,1.734000,-2.447096
9.119648,0.623753,-0.405487,0.554357,1.864943,-0.479720
9.123649,-0.696277,-0.578131,0.173770,1.996097,1.338261
9.127651,-0.906719,-0.741675,-0.741022,2.126884,3.117707
9.131653,-0.602446,-0.893337,0.144532,2.258092,-1.331299
9.135654,-0.097389,-1.030516,0.364457,2.388756,0.675897
9.139656,-1.196405,-1.150834,-0.418836,2.520026,2.814114
9.143657,-0.811374,-1.252176,0.014881,2.650614,-1.541430
9.147659,-0.563530,-1.332720,0.511615,2.781953,0.145493
9.151661,-1.327085,-1.390971,-0.035985,2.912518,1.663436
9.155662,-1.528106,-1.425790,-0.134498,3.043928,2.630202
9.159664,-1.867349,-1.436410,-0.218131,-3.108661,2.482336
9.163665,-1.688910,-1.422465,-0.397934,-2.977181,-2.425074
9.167667,-1.303355,-1.383990,0.411303,-2.846497,-0.838212
9.171669,-0.435538,-1.321439,0.349436,-2.714950,0.817872
9.175670,-1.826381,-1.235674,-0.237805,-2.584125,2.511269
9.179672,-0.436757,-1.127965,-0.051265,-2.452515,-2.184401
9.183673,-1.435898,-0.999973,-0.034267,-2.321500,-2.275691
9.187675,-0.306270,-0.853729,0.105640,-2.189828,-0.292655
9.191677,-1.213347,-0.691605,-0.075110,-2.058580,1.980039
9.195678,-0.847094,-0.516284,-0.213462,-1.926849,-2.285255
9.199680,-0.311327,-0.330713,0.435484,-1.795336,-0.566285
9.203681,-0.085036,-0.138060,0.443685,-1.663547,0.944315
9.207683,-0.984783,0.058341,-0.767293,-1.531753,2.379280
9.211685,-0.946116,0.255048,-1.051303,-1.399908,-2.444467
9.215686,1.200439,0.448575,0.895711,-1.267834,-0.944506
9.219688,1.993146,0.635451,1.168104,-1.135939,0.560636
9.223689,0.326479,0.812293,-0.363636,-1.003600,1.979055
9.227691,0.833309,0.975869,-0.384375,-0.871659,2.810278
9.231693,0.560499,1.123160,-0.585941,-0.739088,3.107457
9.235694,1.213672,1.251422,-0.238238,-0.607106,-1.849204
9.239696,2.554389,1.358244,0.800283,-0.474347,-0.287049
9.243697,1.749993,1.441591,0.067218,-0.342331,1.445585
9.247699,1.919867,1.499851,-0.177188,-0.209441,-2.352453
9.251701,2.200732,1.531870,0.415921,-0.077396,0.263314
9.255702,1.738225,1.536967,-0.248295,0.055558,1.975613
9.259704,1.181143,1.514959,-0.621873,0.187625,-2.764562
9.263705,1.914940,1.466154,0.169247,0.320575,-1.255729
9.267707,2.094702,1.391352,0.287822,0.452655,0.211693
9.271709,1.607052,1.291821,0.064521,0.585531,-0.100862
9.275710,1.878211,1.169280,0.265217,0.717617,0.655258
9.279712,0.887260,1.025856,-0.333471,0.850353,2.263810
9.283713,0.751034,0.864049,-0.386843,0.982435,-2.324110
9.287715,1.076158,0.686676,0.393039,1.114974,-0.594505
9.291717,0.696501,0.496826,0.129424,1.247044,1.095360
9.295718,0.011091,0.297793,-0.027419,1.379342,1.975704
9.299720,-0.022821,0.093024,-0.107228,1.511392,2.117586
9.303721,-0.728559,-0.113948,-0.254309,1.643424,-2.389323
9.307723,0.139392,-0.319559,0.398079,1.775450,-0.396729
9.311725,-0.759289,-0.520281,-0.046152,1.907210,1.657894
9.315726,-1.103731,-0.712671,-0.597225,2.039214,-2.689834
9.319728,-0.323129,-0.893432,0.448189,2.170721,-0.932727
9.323729,-0.117544,-1.059458,0.569773,2.302709,0.641246
9.327731,-0.896071,-1.207888,-0.199312,2.434001,1.940163
9.331733,-1.154999,-1.336140,-0.453873,2.565984,2.826295
9.335734,-0.895561,-1.441958,-0.462052,2.697120,-2.432459
9.339736,-0.216926,-1.523442,0.354281,2.829113,-1.026564
9.343737,0.153255,-1.579081,0.426110,2.960166,0.677431
9.347739,-1.012398,-1.607775,-0.373405,3.092185,3.120350
9.351741,-0.087395,-1.608863,0.514699,-3.059950,-0.708859
9.355742,-0.474573,-1.582131,0.518392,-2.927890,1.055490
9.359744,-2.097400,-1.527833,-1.019045,-2.796760,2.640212
9.363745,-1.680139,-1.446687,-0.516727,-2.664648,-2.143647
9.367747,-0.692897,-1.339884,0.383672,-2.533365,-0.767789
9.371749,-0.792890,-1.209069,0.133026,-2.401196,-0.331949
9.375750,-0.409073,-1.056329,0.321173,-2.269697,-0.428670
9.379752,-0.210902,-0.884166,0.400501,-2.137471,0.726732
9.383754,-0.650211,-0.695458,-0.171048,-2.005706,1.865530
9.387755,-0.937431,-0.493423,-0.597853,-1.873427,2.929463
9.391757,-0.683852,-0.281561,-0.418543,-1.741364,-2.262599
9.395758,0.399123,-0.063597,0.323172,-1.609040,-1.081357
9.399760,0.715868,0.156585,0.640774,-1.476667,0.170301
9.403762,0.696528,0.375012,0.070942,-1.344307,1.430130
9.407763,0.329313,0.587703,-0.216005,-1.211634,2.484004
9.411765,1.111723,0.790746,-0.145760,-1.079254,2.411546
9.415766,0.795973,0.980376,-0.436052,-0.946311,-3.110444
9.419768,1.747096,1.153056,-0.172561,-0.813927,-1.839537
9.423770,2.681716,1.305550,0.666160,-0.680765,-0.434088
9.427771,2.570612,1.434995,0.282963,-0.548398,1.092210
9.431773,2.232730,1.538962,-0.282765,-0.415088,3.004898
9.435774,2.614041,1.615509,0.370198,-0.282759,0.185985
9.439776,2.207497,1.663221,-0.436374,-0.149386,2.078392
9.443778,1.161581,1.681242,-1.009374,-0.017118,-2.514883
9.447779,3.372606,1.669288,0.863548,0.116225,-0.815558
9.451781,2.717589,1.627654,0.516453,0.248408,0.983287
9.455782,1.590863,1.557198,-0.495913,0.381618,-3.024279
9.459784,2.666392,1.459327,0.621122,0.513693,-0.239077
9.463786,1.449977,1.335956,-0.112580,0.646667,1.680775
9.467787,0.474423,1.189463,-1.180394,0.778605,-2.950289
9.471789,1.475624,1.022638,0.231436,0.911244,-1.363637
9.475790,1.961128,0.838617,0.819668,1.043018,0.250730
9.479792,0.722351,0.640814,-0.245100,1.175230,2.122126
9.483794,0.557528,0.432853,0.069696,1.306808,-1.381017
9.487795,0.967035,0.218489,0.513359,1.438515,0.735487
9.491797,-0.767339,0.001539,-0.670691,1.569865,2.407479
9.495798,-0.663444,-0.214195,-0.583050,1.701007,-2.313187
9.499800,0.072799,-0.424996,0.407583,1.832095,-0.858363
9.503802,-0.042088,-0.627293,0.339123,1.962634,0.340406
9.507803,-0.366704,-0.817722,0.081594,2.093431,1.231217
9.511805,-0.760474,-0.993180,-0.155250,2.223354,2.467603
9.515806,-0.809095,-1.150866,-0.044133,2.353835,-1.979400
9.519808,-0.849845,-1.288326,0.058387,2.483156,0.658681
9.523810,-1.133248,-1.403476,-0.039873,2.613300,2.631100
9.527811,-1.176001,-1.494630,-0.019690,2.742061,1.807713
9.531813,-1.317715,-1.560514,-0.248018,2.871855,-2.791662
9.535814,-0.925141,-1.600278,0.232572,3.000123,-0.991325
9.539816,-0.395349,-1.613492,0.348063,3.129568,0.819730
9.543818,-1.298782,-1.600150,-0.419485,-3.025752,2.587970
9.547819,-0.668430,-1.560656,-0.179202,-2.896644,-2.057237
9.551821,-0.330830,-1.495814,0.174159,-2.769068,-0.794589
9.555822,-0.294014,-1.406808,0.244493,-2.640272,0.034856
9.559824,-0.237241,-1.295186,0.079450,-2.512860,1.314674
9.563826,-0.986745,-1.162830,-0.282331,-2.384338,2.946563
9.567827,-0.324982,-1.011937,0.041188,-2.256958,-1.355546
9.571829,-0.488379,-0.844982,0.116835,-2.128663,0.821852
9.575830,-0.571488,-0.664689,-0.140339,-2.001189,2.222366
9.579832,-0.659473,-0.473995,-0.433736,-1.873068,-2.920603
9.583834,-0.335719,-0.276007,0.034773,-1.745385,-1.526780
9.587835,1.169014,-0.073960,1.089887,-1.617386,-0.039006
9.591837,0.019545,0.128830,0.151839,-1.489399,1.443172
9.595838,-0.720826,0.329019,-1.015199,-1.361468,2.867119
9.599840,0.027031,0.523284,-0.402698,-1.233109,-2.124265
9.603842,0.995414,0.708385,0.231795,-1.105195,-1.095710
9.607843,1.596387,0.881214,0.387808,-0.976424,-0.272347
9.611845,1.751270,1.038857,0.286663,-0.848482,0.614798
9.615846,1.848458,1.178648,0.060630,-0.719293,1.360923
9.619848,1.973686,1.298222,-0.131114,-0.591284,1.970031
9.623850,1.566971,1.395561,-0.473637,-0.461700,2.909466
9.627851,2.205030,1.469041,-0.357865,-0.333588,-2.166673
9.631853,2.601067,1.517457,0.468972,-0.203661,-0.829650
9.635854,3.204024,1.540060,0.509699,-0.075414,0.494157
9.639856,2.218152,1.536565,0.059672,0.054780,1.401289
9.643858,2.307247,1.507163,-0.097735,0.183190,1.779311
9.647859,1.385896,1.452515,-0.793947,0.313556,2.958491
9.651861,1.565663,1.373738,-0.322747,0.442152,-1.908581
9.655862,2.820329,1.272381,0.764870,0.572584,-0.511821
9.659864,1.830097,1.150390,0.505447,0.701385,0.633715
9.663866,1.626063,1.010070,0.094813,0.831770,1.406220
9.667867,0.235334,0.854037,-0.600698,0.960787,2.542778
9.671869,0.439572,0.685159,-0.441371,1.091014,-2.248700
9.675870,0.993451,0.506501,0.401078,1.220251,-0.541930
9.679872,0.603298,0.321263,-0.014019,1.350215,1.635718
9.683874,0.371973,0.132719,-0.092051,1.479667,-2.080524
9.687875,0.768492,-0.055847,0.146398,1.609279,-0.626503
9.691877,0.390831,-0.241200,0.248342,1.738927,-0.025084
9.695878,0.627734,-0.420208,0.189342,1.868115,1.150488
9.699880,-0.782924,-0.589906,-0.509551,1.997928,2.626032
9.703882,-0.242014,-0.747534,-0.260024,2.126643,-2.110496
9.707883,-0.250514,-0.890592,0.215382,2.256574,-0.610922
9.711885,-0.399128,-1.016873,0.030685,2.384794,-1.077030
9.715886,-0.167432,-1.124496,0.278222,2.514784,-0.268021
9.719888,-0.630826,-1.211933,0.173568,2.642520,1.143780
9.723890,-0.725607,-1.278027,-0.360303,2.772503,2.536695
9.727891,-1.304773,-1.322003,-0.292559,2.899798,-2.422426
9.731893,-0.067128,-1.343471,0.126759,3.029701,-1.197469
9.735894,-0.590801,-1.342429,0.366805,-3.126551,0.047781
9.739896,0.136771,-1.319251,0.049876,-2.996794,1.452974
9.743898,-1.170590,-1.274671,-0.486282,-2.870110,2.994245
9.747899,0.298751,-1.209769,-0.053086,-2.740560,-1.661784
9.751901,0.429233,-1.125944,0.705744,-2.613978,-0.000411
9.755902,0.420568,-1.024886,-0.063833,-2.484679,1.650816
9.759904,-0.563926,-0.908546,-0.780081,-2.358027,-3.028156
9.763906,0.448901,-0.779102,0.004873,-2.229003,-1.563244
9.767907,1.086129,-0.638920,0.436136,-2.102087,-0.490707
9.771909,0.932213,-0.490519,0.585688,-1.973342,0.349035
9.775910,0.833875,-0.336529,-0.039422,-1.845956,1.614104
9.779912,-0.510899,-0.179650,-1.014908,-1.717465,3.101981
9.783914,0.865891,-0.022606,-0.052279,-1.589404,-1.637770
9.787915,1.194200,0.131893,0.247594,-1.461119,-0.335432
9.791917,1.057065,0.281200,0.179924,-1.332187,-1.112883
9.795918,2.019798,0.422773,0.776077,-1.204030,0.299326
9.799920,0.826315,0.554223,-0.125290,-1.074055,1.727927
9.803922,0.948002,0.673352,-0.411707,-0.945922,2.690766
9.807923,0.811618,0.778200,-0.624074,-0.814758,2.880507
9.811925,1.032867,0.867079,-0.672733,-0.686515,-2.185799
9.815926,3.032171,0.938609,0.980323,-0.554063,-0.746064
9.819928,2.928162,0.991750,0.830417,-0.425549,0.627193
9.823930,2.265247,1.025827,0.068920,-0.291761,1.448446
9.827931,1.807433,1.040546,-0.265210,-0.162783,1.931989
9.831933,1.132392,1.036003,-0.957534,-0.027669,-3.082766
9.835934,1.750805,1.012685,-0.062546,0.101995,-1.658165
9.839936,2.344643,0.971461,0.108002,0.238361,-0.969158
9.843938,1.912393,0.913564,0.270186,0.368968,-1.136049
9.847939,3.341327,0.840563,1.058434,0.506439,0.323942
9.851941,1.237758,0.754331,-0.302794,0.638269,1.833341
9.855942,0.982933,0.656997,-0.815166,0.776620,-3.097345
9.859944,1.038242,0.550895,-0.393817,0.909968,-2.391815
9.863946,1.084931,0.438507,0.035943,1.048891,-1.525951
9.867947,2.049714,0.322402,0.959998,1.184060,-0.100427
9.871949,0.458800,0.205169,0.093172,1.323168,1.446579
9.875950,0.143925,0.089354,-0.224704,1.460443,3.038345
9.879952,-0.041406,-0.022605,0.065747,1.599276,1.397190
9.883954,-1.089533,-0.128438,-0.783106,1.738903,2.986644
9.887955,-0.420629,-0.226101,-0.133777,1.876942,-1.729983
9.891957,-0.088908,-0.313819,0.537655,2.019098,-0.279578
9.895958,-0.190805,-0.390130,0.208218,2.155794,0.301860
9.899960,-0.543311,-0.453910,0.355228,2.300550,0.545567
9.903962,-0.742737,-0.504395,-0.098506,2.435356,1.749804
9.907963,-1.628067,-0.541183,-0.454145,2.582638,2.929672
9.911965,-1.042843,-0.564237,-0.270956,2.715054,-2.577920
9.915966,-1.193452,-0.573870,-0.148504,2.864602,-1.942138
9.919968,-0.218986,-0.570716,0.412183,2.994238,-0.737624
9.923970,-0.059960,-0.555700,0.461982,-3.137607,0.581513
9.927971,-0.520988,-0.530000,-0.055195,-3.010953,1.693795
9.931973,-0.437500,-0.494993,-0.391131,-2.858531,2.711585
9.935974,-0.620441,-0.452211,-0.235600,-2.734773,-2.190480
9.939976,0.400084,-0.403289,0.250981,-2.582243,-0.441744
9.943978,-0.364907,-0.349907,-0.077446,-2.460853,2.129758
9.947979,0.188999,-0.293746,0.047346,-2.309482,-1.428075
9.951981,0.497899,-0.236434,0.601146,-2.189215,0.329130
9.955982,-0.053483,-0.179507,-0.274702,-2.040625,1.940408
9.959984,-0.179753,-0.124372,-0.490903,-1.918923,-2.720608
9.963986,0.713468,-0.072272,0.070744,-1.775233,-0.612580
9.967987,0.515726,-0.024262,-0.366120,-1.646716,-2.875696
9.971989,1.339976,0.018805,0.219425,-1.510893,-1.239368
9.975990,1.755053,0.056290,0.706523,-1.362860,0.341008
9.979992,0.979973,0.087771,-0.208190,-1.239666,2.065924
9.983994,1.166094,0.113037,0.379148,-1.034872,-0.383137
9.987995,1.409150,0.132080,0.148383,-0.934232,1.438452
9.991997,0.080587,0.145076,-1.166420,-0.514024,2.972028
9.995998,1.989371,0.152365,-0.235658,-0.469162,-1.977815
10.000000,3.014787,0.154428,-0.000257,0.863449,-1.572291
