time_s,eeg_uv,theta_filtered,gamma_filtered,theta_phase_rad,gamma_phase_rad
0.000000,6.409303,-0.168189,0.000776,1.845905,-1.566710
0.004002,6.533769,-0.297543,0.212944,2.026031,-0.910800
0.008003,6.342655,-0.424684,0.691010,2.175645,0.266475
0.012005,5.871968,-0.546614,-0.136311,2.329179,1.757532
0.016006,4.206787,-0.660400,-0.342306,2.465989,3.115848
0.020008,5.255277,-0.763260,-0.227080,2.607946,3.086225
0.024010,3.428853,-0.852640,-0.066494,2.738646,-1.744456
0.028011,5.135706,-0.926293,0.355913,2.874154,0.189622
0.032013,2.760673,-0.982345,-0.211537,3.001478,2.392715
0.036014,3.791434,-1.019344,-0.041603,3.132949,-1.695188
0.040016,3.370995,-1.036309,0.411783,-3.024892,-0.045076
0.044018,3.085959,-1.032748,0.167379,-2.896118,1.134844
0.048019,3.174537,-1.008676,-0.175259,-2.771941,1.977971
0.052021,2.168161,-0.964607,-0.553902,-2.645027,-3.130697
0.056022,4.029530,-0.901533,-0.035760,-2.521495,-1.650236
0.060024,3.394626,-0.820895,0.105341,-2.395871,0.261747
0.064026,4.366339,-0.724530,-0.159162,-2.272615,-2.102400
0.068027,4.054912,-0.614620,0.432464,-2.147856,-0.693948
0.072029,4.629232,-0.493623,0.554091,-2.024592,0.456310
0.076030,3.297584,-0.364208,0.128904,-1.900358,1.343312
0.080032,2.957466,-0.229176,-0.264158,-1.776856,2.006319
0.084034,1.984454,-0.091395,-0.836072,-1.652857,2.899926
0.088035,2.525649,0.046280,-0.621841,-1.528925,-2.212150
0.092037,3.984187,0.181069,0.624570,-1.404917,-0.915901
0.096038,4.514771,0.310337,0.722702,-1.280400,0.497334
0.100040,3.731404,0.431652,-0.286902,-1.156172,2.194304
0.104042,3.917281,0.542834,-0.009679,-1.030945,-1.601161
0.108043,4.141032,0.641998,0.371901,-0.906315,0.561795
0.112045,2.936706,0.727586,-0.255478,-0.780288,2.268299
0.116046,2.944420,0.798382,-0.044188,-0.655100,-1.815589
0.120048,2.766397,0.853530,0.169234,-0.528217,1.140545
0.124050,1.956455,0.892525,-0.790360,-0.402354,2.800310
0.128051,2.396072,0.915213,-0.431592,-0.274608,-1.960601
0.132053,4.176297,0.921768,1.054644,-0.148005,-0.444959
0.136054,3.614365,0.912677,0.395864,-0.019457,1.126946
0.140056,2.785135,0.888707,-0.503436,0.107877,2.974873
0.144058,3.256493,0.850872,0.323669,0.237081,-0.572020
0.148059,3.007764,0.800402,0.064249,0.365054,1.469169
0.152061,1.497610,0.738695,-0.699239,0.494682,2.953275
0.156062,2.079400,0.667285,-0.394286,0.623110,-2.185944
0.160064,1.975462,0.587792,0.323660,0.752846,-1.160067
0.164066,3.104582,0.501889,1.043317,0.881458,0.085650
0.168067,1.538252,0.411266,0.094230,1.010920,1.491995
0.172069,0.537956,0.317589,-1.166040,1.139368,2.978822
0.176070,1.260275,0.222478,-0.186560,1.268125,-1.753986
0.180072,2.364942,0.127476,0.799230,1.396009,-0.116342
0.184074,1.415621,0.034030,-0.070386,1.523618,1.687009
0.188075,1.177379,-0.056526,-0.406134,1.650516,-2.533320
0.192077,1.757298,-0.142987,0.470807,1.776558,-0.295741
0.196078,1.103120,-0.224280,-0.217325,1.902060,1.966223
0.200080,0.417373,-0.299478,-0.385705,2.026169,-2.138287
0.204082,1.444638,-0.367795,0.871270,2.149910,-0.181406
0.208083,0.433390,-0.428594,0.007777,2.271800,1.562119
0.212085,-0.875546,-0.481382,-0.690172,2.393485,3.093700
0.216086,0.281632,-0.525808,-0.213407,2.512971,-2.047940
0.220088,-0.035037,-0.561653,0.289440,2.632394,-0.964827
0.224090,1.187226,-0.588832,0.466558,2.749394,0.782096
0.228091,-0.867984,-0.607375,-0.881245,2.866452,2.880036
0.232093,0.711315,-0.617425,0.236705,2.980984,-1.391509
0.236094,1.557527,-0.619224,1.465335,3.095662,0.475414
0.240096,-1.398485,-0.613104,-1.095343,-3.075359,2.301087
0.244098,-0.898557,-0.599480,-0.660756,-2.962998,-2.094133
0.248099,-0.066549,-0.578836,0.914291,-2.853043,-0.029214
0.252101,-0.745988,-0.551717,-0.395931,-2.742884,2.249221
0.256102,-1.055397,-0.518719,-0.011907,-2.634944,-1.597995
0.260104,0.185876,-0.480479,0.129088,-2.526830,1.238225
0.264106,-1.161895,-0.437661,-0.572159,-2.420679,-2.621410
0.268107,1.171826,-0.390949,0.688047,-2.314412,-0.712665
0.272109,0.482467,-0.341030,0.528082,-2.209792,0.989519
0.276110,-0.224792,-0.288590,-0.682368,-2.105127,2.536780
0.280112,-0.206050,-0.234298,-0.495181,-2.001743,-2.407957
0.284114,0.382819,-0.178806,0.239008,-1.898389,-1.196424
0.288115,1.145412,-0.122736,0.734459,-1.795908,0.179528
0.292117,-0.139661,-0.066681,-0.093084,-1.693526,1.694949
0.296118,-0.024171,-0.011198,-0.571788,-1.591579,-3.125250
0.300120,-0.173969,0.043190,-0.209708,-1.489789,-2.216943
0.304122,0.866966,0.095997,0.033184,-1.387978,-1.511429
0.308123,1.200939,0.146772,0.917170,-1.286362,-0.000068
0.312125,0.765477,0.195095,-0.241643,-1.184264,1.785438
0.316126,-0.361620,0.240581,-0.991313,-1.082377,-2.542721
0.320128,1.859385,0.282871,1.097748,-0.979553,-0.466870
0.324130,1.039368,0.321631,-0.058793,-0.876929,1.616503
0.328131,-0.866321,0.356551,-1.160303,-0.772936,-2.659174
0.332133,2.434626,0.387339,0.900173,-0.669103,-0.748916
0.336134,0.657241,0.413726,0.511280,-0.563510,1.048177
0.340136,1.008654,0.435456,-0.655956,-0.458015,2.709153
0.344138,0.391543,0.452294,-0.198285,-0.350430,-2.103036
0.348139,1.426238,0.464028,0.028428,-0.242859,-1.336049
0.352141,1.278008,0.470469,0.015436,-0.132949,-1.498481
0.356142,1.173636,0.471457,0.340383,-0.022954,-0.224544
0.360144,1.613205,0.466869,0.060825,0.089531,1.368467
0.364146,0.294508,0.456628,-0.050918,0.202209,-1.915536
0.368147,1.947852,0.440704,0.481883,0.317416,0.608549
0.372149,-0.168112,0.419132,-0.691981,0.432929,2.294699
0.376150,0.684038,0.392012,-0.852851,0.550893,-2.380164
0.380152,1.908598,0.359524,0.596567,0.669275,-0.798522
0.384154,1.826705,0.321931,0.134417,0.789907,0.764458
0.388155,2.134890,0.279590,0.356388,0.911060,-0.835000
0.392157,2.095740,0.232955,0.738269,1.034145,0.692367
0.396158,1.043247,0.182576,-0.511250,1.157837,2.191432
0.400160,0.523915,0.129098,-0.293415,1.283054,-2.804840
0.404162,0.971286,0.073259,-0.422967,1.408952,2.427186
0.408163,-0.123763,0.015871,-0.992052,1.535909,-2.440958
0.412165,2.594528,-0.042181,0.983540,1.663611,-0.934499
0.416166,2.538680,-0.099962,1.257717,1.791891,0.591802
0.420168,1.033972,-0.156500,-0.525146,1.920966,2.147478
0.424170,1.161971,-0.210808,-0.160111,2.050151,-2.300463
0.428171,0.998766,-0.261907,-0.055925,2.180163,1.697235
0.432173,0.285041,-0.308846,-0.800486,2.309861,-3.004208
0.436174,0.591143,-0.350732,0.001978,2.440401,-1.568493
0.440176,1.590497,-0.386752,0.674162,2.570279,-0.261998
0.444178,0.630005,-0.416194,0.313548,2.700998,0.879912
0.448179,0.593823,-0.438469,-0.123910,2.830806,1.979924
0.452181,0.188022,-0.453125,-0.047571,2.961437,-2.760710
0.456182,0.684462,-0.459865,0.074834,3.091013,1.361694
0.460184,-0.154484,-0.458552,-0.761741,-3.061803,2.893647
0.464186,0.700398,-0.449217,-0.242633,-2.932522,-1.814823
0.468187,2.118360,-0.432056,0.838803,-2.802489,-0.191400
0.472189,1.469257,-0.407429,0.000863,-2.673463,1.568376
0.476190,1.962602,-0.375844,0.287911,-2.543731,-0.393785
0.480192,1.703084,-0.337954,0.082696,-2.414824,1.466996
0.484194,0.863888,-0.294535,-0.885611,-2.285258,-2.995452
0.488195,1.798717,-0.246476,0.396246,-2.156246,-0.868218
0.492197,1.479866,-0.194755,-0.284754,-2.026627,2.074595
0.496198,0.838002,-0.140422,-0.374392,-1.897222,-1.935493
0.500200,2.671602,-0.084577,1.207902,-1.767261,-0.038495
0.504202,1.056143,-0.028349,-0.241224,-1.637122,1.871803
0.508203,0.966071,0.027129,0.146071,-1.506475,-1.088823
0.512205,1.769588,0.080743,0.023251,-1.375221,1.549936
0.516206,-0.952174,0.131419,-1.647704,-1.243499,-2.917355
0.520208,2.997491,0.178149,0.674064,-1.110720,-1.149173
0.524210,2.270804,0.220013,0.793148,-0.977499,0.724801
0.528211,1.925118,0.256203,-0.478701,-0.842768,-2.901931
0.532213,3.156179,0.286039,0.851124,-0.707590,-0.194803
0.536214,1.758369,0.308992,-0.072260,-0.570450,1.630280
0.540216,1.245285,0.324693,-1.217120,-0.432812,-2.975543
0.544218,1.618935,0.332944,0.278068,-0.292770,-1.295808
0.548219,2.843367,0.333726,0.643735,-0.152110,0.470855
0.552221,1.274369,0.327196,-0.322238,-0.008635,2.422759
0.556222,2.007183,0.313688,0.024455,0.135662,-1.460650
0.560224,2.427758,0.293704,0.054522,0.283133,1.306543
0.564226,1.749015,0.267906,-0.203335,0.431725,-2.873133
0.568227,2.833455,0.237096,-0.031319,0.583774,-2.065626
0.572229,1.856841,0.202200,-0.121570,0.737352,-1.901664
0.576230,3.321067,0.164243,0.771997,0.894564,-0.243589
0.580232,1.986238,0.124323,0.065722,1.053829,1.507450
0.584234,0.886004,0.083580,-0.964466,1.216776,-2.903968
0.588235,2.550859,0.043169,0.589086,1.382421,-0.774992
0.592237,1.752659,0.004220,0.071440,1.551660,1.487397
0.596238,1.445526,-0.032191,-0.922204,1.724356,-2.808985
0.600240,2.656039,-0.065070,0.458799,1.900435,-1.031698
0.604242,3.315976,-0.093540,0.463149,2.080826,0.663822
0.608243,2.471179,-0.116863,-0.149599,2.264318,2.315398
0.612245,2.781979,-0.134468,-0.029891,2.453044,2.191221
0.616246,2.278589,-0.145964,-0.140738,2.644632,-2.287398
0.620248,2.814222,-0.151162,0.522418,2.842405,-0.296996
0.624250,2.139977,-0.150079,0.147918,3.043026,1.415587
0.628251,0.809223,-0.142944,-1.200722,-3.032407,3.026084
0.632253,1.764563,-0.130197,-0.148474,-2.821369,-1.703541
0.636255,2.845989,-0.112476,0.657306,-2.602335,-0.271572
0.640256,2.325369,-0.090597,0.239042,-2.378962,-0.031937
0.644258,2.938559,-0.065534,0.628915,-2.147027,0.433406
0.648259,1.888100,-0.038382,-0.304404,-1.909228,1.870151
0.652261,1.257951,-0.010324,-0.999092,-1.663158,-2.887778
0.656263,2.490030,0.017414,0.159275,-1.410053,-1.361015
0.660264,2.916630,0.043601,0.410414,-1.150831,0.069366
0.664266,2.698520,0.067055,0.098308,-0.885318,0.998646
0.668267,3.076980,0.086681,-0.049950,-0.618482,1.821588
0.672269,2.496887,0.101520,-0.265203,-0.349046,-2.856080
0.676271,3.831354,0.110786,0.163638,-0.084609,-1.115122
0.680272,3.108498,0.113900,0.409447,0.177179,0.529969
0.684274,3.566057,0.110519,-0.259951,0.429189,2.076251
0.688275,2.148729,0.100551,-0.500270,0.674567,-2.776718
0.692277,3.629128,0.084161,0.022637,0.908803,-1.528428
0.696279,3.491357,0.061777,0.630717,1.134857,-0.317949
0.700280,3.564237,0.034072,0.405037,1.351017,1.106923
0.704282,2.269969,0.001945,-1.002661,1.559165,2.712911
0.708283,2.441309,-0.033508,-0.310090,1.759633,-1.851573
0.712285,4.407030,-0.071036,0.906662,1.952982,-0.007678
0.716287,2.264873,-0.109273,-0.321144,2.140792,2.156245
0.720288,3.254639,-0.146789,0.058019,2.322538,-1.464272
0.724290,3.243865,-0.182145,0.603719,2.500444,0.697820
0.728291,1.832189,-0.213943,-0.695257,2.673281,2.481980
0.732293,2.350396,-0.240882,-0.412532,2.843500,-2.176441
0.736295,2.230242,-0.261806,0.294837,3.009534,-0.713449
0.740296,2.768059,-0.275747,0.065472,-3.109408,-0.900918
0.744298,1.986592,-0.281966,0.430338,-2.948574,-0.315740
0.748299,2.632855,-0.279976,0.290416,-2.789001,1.163170
0.752301,0.654669,-0.269566,-0.760058,-2.632157,2.792358
0.756303,2.043305,-0.250805,-0.029585,-2.476261,-1.615223
0.760304,2.080601,-0.224041,0.381840,-2.322496,0.829881
0.764306,1.422351,-0.189889,-0.919693,-2.169516,-3.071457
0.768307,2.995087,-0.149203,0.588981,-2.018139,-1.141626
0.772309,4.393143,-0.103050,1.379373,-1.867482,0.647520
0.776311,1.977890,-0.052662,-1.259437,-1.717960,2.392900
0.780312,2.899141,0.000601,-0.746073,-1.569151,-2.156848
0.784314,4.399306,0.055304,0.641183,-1.421062,-0.381075
0.788315,3.734142,0.109980,-0.146519,-1.273706,-2.864236
0.792317,4.215777,0.163180,0.678015,-1.126711,-0.493856
0.796319,3.922411,0.213514,0.381333,-0.980476,1.218150
0.800320,1.699801,0.259691,-1.032550,-0.834299,2.898192
0.804322,2.788526,0.300549,-0.089287,-0.688900,-1.685008
0.808323,2.686048,0.335082,0.491981,-0.543321,0.077175
0.812325,2.318515,0.362464,-0.097929,-0.398525,1.844108
0.816327,2.020372,0.382057,-0.390188,-0.253387,-2.850066
0.820328,2.490487,0.393427,0.145061,-0.109027,-1.304545
0.824330,3.600061,0.396342,0.655098,0.035753,0.315670
0.828331,2.107352,0.390775,-0.315736,0.179768,1.998335
0.832333,2.495156,0.376897,-0.666224,0.324195,-2.588657
0.836335,2.862643,0.355065,0.459741,0.467880,-0.950679
0.840336,3.617379,0.325809,0.666857,0.611884,0.588973
0.844338,1.935078,0.289813,-0.383294,0.755181,2.066671
0.848339,1.947198,0.247898,-0.698689,0.898633,-2.723903
0.852341,2.597187,0.200993,0.268623,1.041421,-1.131584
0.856343,2.784573,0.150119,0.293396,1.184150,0.767025
0.860344,2.035099,0.096355,-0.331346,1.326268,-2.772895
0.864346,3.076260,0.040824,0.623278,1.468080,-0.504397
0.868347,2.475625,-0.015341,0.240158,1.609343,1.346989
0.872349,1.222489,-0.071015,-1.255379,1.750045,-3.135284
0.876351,2.320843,-0.125103,0.332686,1.890263,-1.278207
0.880352,3.050072,-0.176564,0.610434,2.029680,0.771035
0.884354,1.192902,-0.224431,-0.657355,2.168681,-3.054513
0.888355,2.712690,-0.267821,0.620057,2.306679,-0.672647
0.892357,2.167164,-0.305960,0.201876,2.444326,1.330677
0.896359,1.016784,-0.338186,-0.593623,2.580817,-3.052734
0.900360,2.474801,-0.363963,0.150359,2.717017,-0.474492
0.904362,1.080194,-0.382890,-0.445928,2.851967,2.946880
0.908363,2.677080,-0.394703,0.043163,2.986674,-1.512689
0.912365,2.543893,-0.399278,0.744992,3.120101,0.191591
0.916367,2.257048,-0.396630,-0.178816,-3.029866,1.879729
0.920368,1.432315,-0.386911,-0.367550,-2.897902,-2.706463
0.924370,1.845665,-0.370404,0.160056,-2.766135,-1.071206
0.928371,1.701190,-0.347518,0.334073,-2.635551,0.448796
0.932373,0.825142,-0.318778,-0.165783,-2.505182,1.979364
0.936375,0.803827,-0.284813,-0.332939,-2.375893,-2.655951
0.940376,1.265611,-0.246344,0.213373,-2.246867,-0.661820
0.944378,1.623313,-0.204164,-0.044380,-2.118796,1.720030
0.948379,1.473451,-0.159121,-0.390960,-1.991064,-2.656019
0.952381,2.885406,-0.112096,0.282249,-1.864141,-0.983685
0.956383,2.910186,-0.063986,0.327544,-1.737644,0.768672
0.960384,2.606268,-0.015675,-0.402117,-1.611792,2.883025
0.964386,2.585740,0.031978,0.151616,-1.486454,-1.323948
0.968387,3.452170,0.078160,0.881924,-1.361581,0.359359
0.972389,1.334731,0.122119,-0.362508,-1.237300,1.885609
0.976391,0.844249,0.163173,-1.150190,-1.113297,-2.926634
0.980392,1.350455,0.200722,0.053023,-0.989956,-1.513898
0.984394,2.419974,0.234252,0.521009,-0.866720,-0.326824
0.988395,1.993784,0.263342,0.409382,-0.744215,0.197429
0.992397,2.235209,0.287668,0.213489,-0.621672,1.242842
0.996399,1.373207,0.307001,-0.795850,-0.499929,2.808576
1.000400,1.813332,0.321210,-0.151776,-0.378049,-1.744040
1.004402,3.471495,0.330259,0.823807,-0.257037,0.001578
1.008403,1.850294,0.334201,-0.027752,-0.135837,1.609901
1.012405,2.246685,0.333172,-0.611583,-0.015568,2.941411
1.016407,1.606463,0.327384,-0.376811,0.104888,-2.129421
1.020408,3.423486,0.317116,0.690485,0.224365,-0.703959
1.024410,2.714602,0.302700,0.636052,0.343982,0.908517
1.028411,1.402989,0.284509,-0.895294,0.462599,2.628515
1.032413,1.598039,0.262947,-0.269529,0.581275,-1.871460
1.036415,2.466666,0.238432,0.721601,0.698972,-0.071502
1.040416,1.382927,0.211387,-0.065754,0.816636,1.709875
1.044418,1.205678,0.182225,-0.145609,0.933403,-2.670428
1.048419,1.190243,0.151344,0.013919,1.050056,1.504050
1.052421,0.700946,0.119116,-0.530738,1.165966,-3.002167
1.056423,1.333557,0.085883,0.172549,1.281712,-1.343975
1.060424,1.971154,0.051961,0.803106,1.396943,0.331032
1.064426,0.780658,0.017637,-0.381637,1.512008,2.071416
1.068427,0.407916,-0.016825,-0.497377,1.626852,-2.373149
1.072429,1.559802,-0.051179,0.559449,1.741574,-0.496727
1.076431,0.767387,-0.085183,0.195440,1.856417,1.259701
1.080432,0.154702,-0.118597,-0.634114,1.971228,2.850385
1.084434,0.238329,-0.151168,-0.233302,2.086522,-1.909588
1.088435,1.377672,-0.182624,0.707248,2.201909,-0.322778
1.092437,0.743639,-0.212662,0.128926,2.318131,1.401996
1.096439,-0.171268,-0.240941,-0.772707,2.434591,-3.005075
1.100440,1.220849,-0.267084,0.425931,2.552198,-1.033095
1.104442,1.030379,-0.290668,0.552454,2.670186,0.933695
1.108443,-0.081727,-0.311235,-0.969955,2.789569,2.853947
1.112445,0.312627,-0.328293,0.039369,2.909463,-1.532070
1.116447,1.671544,-0.341332,0.854853,3.030920,0.383523
1.120448,-0.537287,-0.349837,-0.542526,-3.130184,2.374417
1.124450,0.388997,-0.353306,-0.110423,-3.006455,-1.758891
1.128451,0.143403,-0.351276,0.462423,-2.882007,0.548007
1.132453,-0.580536,-0.343343,-0.585623,-2.755897,2.739817
1.136455,-0.691644,-0.329190,-0.032487,-2.628987,-1.612371
1.140456,0.474838,-0.308609,0.886644,-2.500462,0.113142
1.144458,-0.929998,-0.281524,-0.119122,-2.371059,1.698598
1.148459,-1.380927,-0.248013,-0.911049,-2.240127,-3.077824
1.152461,-0.520479,-0.208318,-0.020093,-2.108237,-1.594728
1.156463,0.592209,-0.162862,0.728655,-1.974929,-0.119726
1.160464,0.349639,-0.112247,0.173752,-1.840575,1.297284
1.164466,-0.343052,-0.057254,-0.548800,-1.704918,2.599618
1.168467,0.015427,0.001164,-0.569441,-1.568119,-2.413629
1.172469,0.512900,0.061898,0.424275,-1.430128,-1.093950
1.176471,1.134116,0.123702,0.959072,-1.290893,0.214478
1.180472,-0.173958,0.185218,0.163902,-1.150564,1.388020
1.184474,-1.284858,0.245011,-0.626517,-1.008897,2.386446
1.188475,-1.147251,0.301597,-0.854588,-0.866222,-2.783473
1.192477,-0.800330,0.353486,0.125069,-0.722136,-1.407269
1.196479,0.637137,0.399222,0.270964,-0.577121,0.351711
1.200480,-0.683432,0.437431,-0.168476,-0.430659,-1.978182
1.204482,1.515368,0.466863,0.856877,-0.283346,-0.230391
1.208483,-0.138613,0.486439,0.117314,-0.134596,1.429760
1.212485,-0.073936,0.495289,-0.270647,0.014934,-2.943068
1.216487,-0.191610,0.492792,0.209270,0.165841,1.187888
1.220488,-1.097853,0.478604,-1.101236,0.317463,2.916851
1.224490,-0.623063,0.452682,-0.164231,0.470355,-1.711882
1.228491,1.259372,0.415298,0.695240,0.623901,0.002396
1.232493,-0.621230,0.367046,-0.192538,0.778559,2.925833
1.236495,1.167907,0.308838,0.388933,0.933810,-0.799296
1.240496,-0.063218,0.241891,0.635559,1.089974,0.523865
1.244498,-0.045578,0.167700,0.024730,1.246667,1.542468
1.248499,-1.998723,0.088007,-1.027813,1.404044,2.706800
1.252501,-1.744999,0.004753,-0.677017,1.561890,-2.162056
1.256503,0.052972,-0.079968,0.785299,1.720181,-0.566247
1.260504,-1.280596,-0.163973,0.052965,1.878884,1.447301
1.264506,-0.422231,-0.245045,-0.062663,2.037806,-1.717541
1.268507,-0.533478,-0.321000,0.720205,2.197088,0.270154
1.272509,-0.839059,-0.389746,-0.342623,2.356387,2.000341
1.276511,-1.927436,-0.449352,-0.545321,2.515996,-2.473997
1.280512,-0.423485,-0.498102,0.525043,2.675459,-0.403520
1.284514,-1.682476,-0.534552,-0.081738,2.835181,1.700922
1.288515,-1.810629,-0.557579,-0.668370,2.994640,-2.778528
1.292517,-1.536855,-0.566417,0.227926,-3.128877,-1.213897
1.296519,-0.623146,-0.560683,0.481190,-2.969538,0.073126
1.300520,-1.811433,-0.540399,0.185526,-2.810038,1.102503
1.304522,-1.611253,-0.505992,-0.341751,-2.650883,2.516227
1.308523,-2.100546,-0.458286,-0.031200,-2.491620,-1.651798
1.312525,-1.265710,-0.398486,0.367095,-2.332674,0.828227
1.316527,-2.272609,-0.328139,-0.805429,-2.173674,2.958299
1.320528,-1.387917,-0.249093,0.287337,-2.014930,-1.262135
1.324530,0.206507,-0.163447,0.555929,-1.856191,0.951779
1.328531,-2.188151,-0.073480,-1.074387,-1.697623,-3.046376
1.332533,1.130711,0.018407,0.761673,-1.539118,-0.918471
1.336535,0.223570,0.109769,0.586413,-1.380687,1.090477
1.340536,-0.948836,0.198185,-1.092871,-1.222373,3.072560
1.344538,0.175723,0.281331,0.250588,-1.064038,-1.261765
1.348539,-0.141819,0.357040,0.424815,-0.905870,0.496178
1.352541,-0.215782,0.423366,0.085783,-0.747597,1.127127
1.356543,-0.975856,0.478635,-0.088821,-0.589539,1.754095
1.360544,-1.148452,0.521488,-0.709189,-0.431319,-3.011735
1.364546,-0.316677,0.550912,0.124614,-0.273360,-1.379422
1.368547,0.136243,0.566267,0.300728,-0.115225,0.470449
1.372549,0.142816,0.567295,-0.164825,0.042599,-2.301079
1.376551,0.770362,0.554126,0.634171,0.200566,-0.210344
1.380552,0.684664,0.527264,0.031728,0.358167,1.535558
1.384554,-0.781339,0.487567,-0.912495,0.515825,-2.978341
1.388555,0.801458,0.436220,0.361299,0.673059,-1.094973
1.392557,0.342544,0.374688,0.368274,0.830216,0.952314
1.396559,-0.548865,0.304674,-0.551549,0.986892,3.077469
1.400560,0.009253,0.228062,0.209279,1.143322,-1.139699
1.404562,-0.128339,0.146862,0.283478,1.299213,0.877037
1.408563,-0.897908,0.063145,-0.393585,1.454669,2.833858
1.412565,-0.840911,-0.021007,-0.057726,1.609534,-1.706408
1.416567,-0.464377,-0.103566,0.459592,1.763770,-0.254139
1.420568,-0.725542,-0.182605,0.296831,1.917375,1.029542
1.424570,-1.630865,-0.256349,-0.504698,2.070170,2.337103
1.428571,-1.640995,-0.323211,-0.692575,2.222308,-2.522904
1.432573,-0.381499,-0.381824,0.479706,2.373489,-0.956955
1.436575,-0.272410,-0.431064,0.416407,2.524006,0.852267
1.440576,-0.818727,-0.470065,-0.466298,2.673467,-3.005119
1.444578,0.068174,-0.498223,0.598855,2.822278,-0.610587
1.448579,0.387720,-0.515195,0.318698,2.969990,1.249890
1.452581,-1.259713,-0.520890,-0.961983,3.117087,2.955268
1.456583,0.301438,-0.515458,-0.038265,-3.020083,-1.636280
1.460584,0.212832,-0.499268,-0.015130,-2.874631,1.713307
1.464586,0.029167,-0.472894,-0.291837,-2.730184,-2.044790
1.468587,1.406177,-0.437085,0.858077,-2.586232,-0.586228
1.472589,0.833024,-0.392745,0.916477,-2.443152,0.732111
1.476591,-0.313092,-0.340910,-0.571820,-2.300486,2.014671
1.480592,-1.557172,-0.282722,-1.260362,-2.158518,-2.925462
1.484594,-0.041012,-0.219407,0.064055,-2.016878,-1.507630
1.488595,0.804839,-0.152257,0.555911,-1.875731,-0.072252
1.492597,0.052612,-0.082604,0.074632,-1.734824,1.029192
1.496599,1.102468,-0.011802,0.049369,-1.594191,0.953031
1.500600,0.261313,0.058796,-0.008711,-1.453707,-1.644670
1.504602,1.863888,0.127854,0.497371,-1.313268,0.277585
1.508603,0.089568,0.194077,-0.371211,-1.172884,1.989689
1.512605,0.440614,0.256221,-0.912970,-1.032318,-2.565066
1.516607,1.262845,0.313117,0.686088,-0.891710,-0.796028
1.520608,1.849068,0.363685,0.352537,-0.750706,1.019580
1.524610,0.391916,0.406949,-0.294359,-0.609564,2.818830
1.528611,1.581198,0.442055,-0.089299,-0.467835,3.100125
1.532613,0.660037,0.468284,-0.145710,-0.325870,-2.023576
1.536615,2.035038,0.485069,0.548408,-0.183161,-0.072310
1.540616,0.646903,0.492007,-0.254356,-0.040121,1.954826
1.544618,0.576165,0.488874,-0.461443,0.103781,-2.268747
1.548619,1.526029,0.475631,0.646283,0.248108,-0.223346
1.552621,0.759308,0.452438,-0.112134,0.393370,1.812469
1.556623,0.790371,0.419661,-0.061283,0.539142,-1.913722
1.560624,1.367071,0.377868,0.054173,0.685877,1.406076
1.564626,0.612622,0.327836,-0.502579,0.833197,-2.994339
1.568627,1.987371,0.270545,0.036540,0.981458,-1.478614
1.572629,1.660505,0.207164,0.105379,1.130366,-1.117700
1.576631,2.591587,0.139036,0.554737,1.280147,-0.272239
1.580632,1.832092,0.067660,0.192038,1.430616,1.321974
1.584634,0.856817,-0.005345,-0.660423,1.581855,-3.056103
1.588635,1.822659,-0.078274,0.493797,1.733804,-0.517335
1.592637,0.912191,-0.149374,-0.214518,1.886393,1.799072
1.596639,-0.023332,-0.216897,-1.158429,2.039699,-2.653445
1.600640,1.983297,-0.279144,0.786099,2.193505,-0.957880
1.604642,1.963801,-0.334519,0.862675,2.348024,0.697299
1.608643,0.658033,-0.381576,-0.524840,2.502910,2.327146
1.612645,0.315463,-0.419071,-0.365096,2.658488,-2.413475
1.616647,0.845953,-0.446000,0.222335,2.814319,-1.014799
1.620648,0.221784,-0.461645,0.463271,2.970805,0.497717
1.624650,-0.569675,-0.465596,-0.399707,3.127450,2.226559
1.628651,-1.349446,-0.457778,-0.387303,-2.998483,-2.131839
1.632653,0.334451,-0.438456,0.817285,-2.841133,-0.067008
1.636655,-1.111622,-0.408232,-0.340745,-2.683238,1.933798
1.640656,-0.680343,-0.368030,-0.775229,-2.525268,-2.483982
1.644658,0.726323,-0.319067,0.589723,-2.366820,-0.654116
1.648659,1.223327,-0.262812,0.026539,-2.208280,1.493615
1.652661,0.839016,-0.200935,-0.022391,-2.049327,-1.635271
1.656663,2.549165,-0.135254,0.533040,-1.890220,0.341942
1.660664,0.768336,-0.067669,-0.208521,-1.730756,1.979775
1.664666,2.001169,-0.000102,-0.240623,-1.571041,-2.792031
1.668667,0.923938,0.065566,-0.035679,-1.411014,2.031883
1.672669,1.824474,0.127556,-0.327360,-1.250611,-3.015009
1.676671,1.105701,0.184239,-0.100218,-1.089934,-1.802098
1.680672,2.153497,0.234191,0.314999,-0.928748,-0.804025
1.684674,1.989281,0.276225,0.531183,-0.767317,0.023649
1.688675,1.667397,0.309424,0.382267,-0.605252,1.015800
1.692677,1.028015,0.333160,-0.529638,-0.442965,2.210948
1.696679,0.109703,0.347099,-0.834499,-0.279947,-2.825012
1.700680,1.593705,0.351202,-0.083890,-0.116729,-1.687066
1.704682,1.555536,0.345716,0.458951,0.047268,-0.733081
1.708683,2.185343,0.331147,0.567489,0.211434,0.372560
1.712685,1.075082,0.308242,-0.133359,0.376354,1.852957
1.716687,0.992354,0.277948,-0.136744,0.541393,-2.162789
1.720688,1.220814,0.241380,0.329130,0.707073,0.594025
1.724690,0.340531,0.199774,-0.395859,0.872802,2.376511
1.728691,0.321667,0.154445,-0.296114,1.038965,-2.416281
1.732693,0.884599,0.106746,-0.108650,1.205082,-2.309913
1.736695,0.752712,0.058026,-0.063749,1.371340,-1.699093
1.740696,2.094132,0.009591,0.665330,1.537428,-0.301443
1.744698,1.527384,-0.037328,0.337525,1.703294,1.016261
1.748699,1.051383,-0.081604,-0.253606,1.868836,2.032998
1.752701,0.557371,-0.122237,-0.720353,2.033752,-3.128494
1.756703,0.751790,-0.158374,-0.042904,2.198171,-1.619727
1.760704,1.845529,-0.189322,0.831840,2.361561,0.067931
1.764706,0.500842,-0.214556,-0.119667,2.524276,1.804455
1.768707,0.759108,-0.233717,0.044052,2.685606,0.605184
1.772709,0.592557,-0.246615,-0.398727,2.846099,2.157080
1.776711,-0.196144,-0.253215,-0.935255,3.004940,-2.442176
1.780712,2.236747,-0.253628,0.924108,-3.120372,-0.791839
1.784714,1.663639,-0.248096,0.665002,-2.964304,0.786490
1.788715,0.940406,-0.236975,-0.114960,-2.809289,1.935963
1.792717,1.183498,-0.220712,-0.019247,-2.656103,1.615091
1.796719,-0.006768,-0.199833,-0.675019,-2.504010,2.993165
1.800720,1.322681,-0.174919,-0.094428,-2.353654,-1.763486
1.804722,0.797033,-0.146593,-0.007592,-2.204388,-1.733252
1.808723,1.709950,-0.115504,0.007474,-2.056668,-1.556028
1.812725,1.871904,-0.082309,0.744406,-1.909992,-0.057505
1.816727,1.974879,-0.047669,0.160276,-1.764586,1.325170
1.820728,0.715175,-0.012231,-0.317681,-1.620137,2.290351
1.824730,1.076674,0.023372,-0.585935,-1.476628,-3.128353
1.828731,0.618037,0.058526,-0.119433,-1.333955,-1.737693
1.832733,1.955029,0.092642,0.631490,-1.191870,-0.078032
1.836735,0.636738,0.125151,-0.096364,-1.050484,1.834198
1.840736,0.788270,0.155513,-0.013247,-0.909346,-1.647927
1.844738,1.149304,0.183212,0.113827,-0.768767,1.106636
1.848739,0.085736,0.207760,-0.267667,-0.628140,-3.032632
1.852741,1.575351,0.228704,0.166206,-0.487942,-0.745140
1.856743,0.519133,0.245626,0.017484,-0.347466,1.498391
1.860744,1.417085,0.258152,-0.253626,-0.207312,-2.960586
1.864746,1.372805,0.265960,0.065413,-0.066734,-1.273330
1.868747,1.738566,0.268790,0.092838,0.073600,1.009596
1.872749,1.700500,0.266452,-0.359680,0.214417,-2.735736
1.876751,1.827398,0.258837,0.518125,0.355041,-0.883774
1.880752,2.858785,0.245926,0.781507,0.496128,0.839257
1.884754,0.018216,0.227795,-1.001596,0.637054,2.567264
1.888756,1.319931,0.204621,-0.223990,0.778363,-1.862998
1.892757,1.174114,0.176686,0.109904,0.919538,1.244924
1.896759,0.284953,0.144372,-0.770074,1.060976,-2.417253
1.900760,2.411782,0.108168,1.296991,1.202305,-0.637045
1.904762,1.705993,0.068655,0.889322,1.343759,1.025178
1.908764,-0.214192,0.026507,-1.108050,1.485128,2.600770
1.912765,0.415608,-0.017521,-0.422613,1.626476,-2.416968
1.916767,0.244621,-0.062607,-0.439643,1.767768,-2.616412
1.920768,1.253284,-0.107878,0.189818,1.908907,-1.386099
1.924770,1.676343,-0.152420,1.143197,2.050021,0.175946
1.928772,0.919819,-0.195302,-0.250850,2.190875,1.877192
1.932773,0.108899,-0.235592,-0.126863,2.331736,-1.969954
1.936775,1.380763,-0.272377,0.351865,2.472255,1.019817
1.940776,-0.925526,-0.304787,-1.025037,2.612809,2.741679
1.944778,0.228764,-0.332013,-0.580711,2.752972,-2.065803
1.948780,1.093751,-0.353332,0.757743,2.893194,-0.809842
1.952781,1.479689,-0.368120,1.018584,3.033011,0.245332
1.956783,0.714635,-0.375874,0.207805,-3.110277,1.392154
1.960784,-1.092413,-0.376226,-1.120666,-2.970762,2.739451
1.964786,-0.105398,-0.368955,-0.517699,-2.831151,-2.077389
1.968788,0.665225,-0.353997,0.655833,-2.691874,-0.545845
1.972789,0.579073,-0.331453,0.235802,-2.552490,0.992715
1.976791,0.544952,-0.301587,-0.085589,-2.413362,2.093609
1.980792,0.143417,-0.264829,-0.216799,-2.274120,2.515401
1.984794,1.091058,-0.221764,-0.328045,-2.135033,-2.204803
1.988796,1.064879,-0.173129,0.744113,-1.995819,-0.444438
1.992797,1.943840,-0.119793,0.173743,-1.856641,1.388060
1.996799,-0.506211,-0.062748,-0.864167,-1.717319,-2.926034
2.000800,2.145498,-0.003088,0.596391,-1.577903,-0.646617
2.004802,0.468459,0.058010,-0.204930,-1.438322,1.804420
2.008804,0.229762,0.119307,-0.863434,-1.298513,-2.345589
2.012805,2.445189,0.179530,1.358244,-1.158514,-0.426610
2.016807,1.050282,0.237392,0.237715,-1.018161,1.415977
2.020808,-0.109307,0.291620,-1.412237,-0.877591,-3.034524
2.024810,1.413096,0.340985,0.480923,-0.736552,-1.175308
2.028812,2.238595,0.384324,0.870337,-0.595268,0.695226
2.032813,0.515347,0.420572,-0.867889,-0.453420,2.507404
2.036815,0.940933,0.448782,-0.466578,-0.311296,-2.061318
2.040816,2.462202,0.468158,0.725385,-0.168537,-0.435111
2.044818,1.507707,0.478071,0.236193,-0.025467,1.102281
2.048820,1.358901,0.478082,-0.211012,0.118283,2.483709
2.052821,0.747974,0.467956,-0.119441,0.262384,-2.529273
2.056823,1.209810,0.447678,0.135404,0.407188,-0.608583
2.060824,0.587561,0.417460,0.061042,0.552387,1.369140
2.064826,0.480395,0.377744,-0.435894,0.698294,-3.120180
2.068828,0.802943,0.329201,0.124123,0.844645,-1.294633
2.072829,1.649191,0.272729,0.296353,0.991685,0.702815
2.076831,0.950573,0.209437,-0.323906,1.139219,2.845150
2.080832,1.905886,0.140633,0.041427,1.287405,-1.423540
2.084834,1.852060,0.067802,0.106254,1.436128,0.581322
2.088836,1.786933,-0.007428,-0.022591,1.585450,-1.746131
2.092837,1.944296,-0.083315,0.299189,1.735342,0.044279
2.096839,1.273812,-0.158046,0.020264,1.885765,1.502251
2.100840,1.172449,-0.229784,-0.078397,2.036784,2.223896
2.104842,0.732599,-0.296718,-0.154142,2.188264,2.071205
2.108844,0.495319,-0.357110,-0.636176,2.340356,-2.981062
2.112845,0.945078,-0.409355,-0.063725,2.492848,-1.647932
2.116847,1.934989,-0.452024,0.753540,2.645964,-0.374236
2.120848,1.647082,-0.483917,0.519951,2.799434,0.701520
2.124850,0.899683,-0.504100,0.007502,2.953537,1.559892
2.128852,0.075877,-0.511946,-0.802368,3.107969,2.638944
2.132853,-0.400449,-0.507159,-0.747639,-3.020149,-2.265557
2.136855,1.572956,-0.489795,0.992642,-2.864755,-0.726755
2.140856,0.942265,-0.460266,0.865569,-2.708728,0.888125
2.144858,-0.416855,-0.419340,-1.054051,-2.552351,2.523876
2.148860,-0.269928,-0.368119,-0.585979,-2.395346,-2.142742
2.152861,1.651126,-0.308015,0.632604,-2.237943,-0.584799
2.156863,1.162663,-0.240705,0.278984,-2.079914,0.797795
2.160864,1.446887,-0.168085,0.020630,-1.921412,1.462316
2.164866,1.357106,-0.092209,-0.160992,-1.762282,2.279020
2.168868,1.600979,-0.015225,-0.183739,-1.602579,-2.339496
2.172869,2.425499,0.060693,0.260547,-1.442236,-0.238452
2.176871,2.235041,0.133417,-0.065465,-1.281199,1.757121
2.180872,2.377600,0.200927,-0.415800,-1.119498,-2.880701
2.184874,2.947831,0.261382,0.053206,-0.956968,-1.447795
2.188876,3.436820,0.313172,0.375531,-0.793733,-0.125090
2.192877,3.175828,0.354967,0.089639,-0.629527,1.259671
2.196879,2.452713,0.385760,-0.206900,-0.464558,3.130836
2.200880,2.965281,0.404888,0.202657,-0.298475,-0.833933
2.204882,2.313713,0.412047,0.329600,-0.131553,0.913027
2.208884,1.988296,0.407298,-0.543807,0.036614,2.462062
2.212885,1.405324,0.391053,-0.418949,0.205711,-2.287260
2.216887,3.066218,0.364056,0.267209,0.376152,-0.593174
2.220888,1.934614,0.327352,-0.236982,0.547617,3.055122
2.224890,3.108835,0.282253,0.116032,0.720479,-1.395952
2.228892,3.030153,0.230287,0.856489,0.894441,0.067835
2.232893,2.696383,0.173151,0.166455,1.069784,1.337506
2.236895,1.454159,0.112657,-0.237647,1.246273,2.075688
2.240896,1.385257,0.050672,-0.576170,1.424046,2.650597
2.244898,1.006748,-0.010937,-0.655014,1.602964,-2.482772
2.248900,2.251644,-0.070355,0.235326,1.782990,-1.210907
2.252901,2.567459,-0.125876,0.250234,1.964101,-0.448814
2.256903,2.688353,-0.175942,0.389551,2.146071,-0.573302
2.260904,3.285104,-0.219185,0.605921,2.328996,0.620270
2.264906,2.018628,-0.254459,-0.221457,2.512471,1.904642
2.268908,1.971411,-0.280867,-0.349664,2.696700,2.767651
2.272909,1.770717,-0.297779,-0.450998,2.881138,2.878001
2.276911,1.277225,-0.304844,-0.595222,3.066069,-2.399366
2.280912,2.937466,-0.301993,0.358042,-3.032307,-1.202341
2.284914,2.759479,-0.289438,1.032434,-2.847296,-0.039115
2.288916,3.404785,-0.267654,0.491100,-2.662687,1.057126
2.292917,1.447924,-0.237368,-0.448077,-2.478169,2.060787
2.296919,2.034140,-0.199532,-1.010023,-2.294254,2.986949
2.300920,1.680972,-0.155294,-0.790803,-2.110698,-2.232983
2.304922,4.037822,-0.105972,0.920495,-1.927861,-0.943105
2.308924,4.549088,-0.053010,1.472061,-1.745607,0.499738
2.312925,2.193642,0.002052,-0.720808,-1.564106,2.043023
2.316927,1.797747,0.057623,-1.201848,-1.383352,-2.614294
2.320928,3.026494,0.112093,0.731366,-1.203320,-0.924162
2.324930,3.048207,0.163878,0.757866,-1.024140,0.791450
2.328932,0.973119,0.211453,-0.738183,-0.845616,2.518058
2.332933,1.534777,0.253388,-0.245420,-0.667999,-1.964870
2.336935,1.980603,0.288387,0.315124,-0.490964,0.183877
2.340936,1.790887,0.315321,-0.248965,-0.314853,-2.995767
2.344938,2.491479,0.333258,0.370166,-0.139267,-0.472414
2.348940,2.570731,0.341493,-0.146019,0.035407,1.815574
2.352941,1.988072,0.339575,-0.618184,0.209585,-2.348628
2.356943,4.007841,0.327322,1.045769,0.382884,-0.428415
2.360944,2.949888,0.304843,0.232498,0.555687,1.386111
2.364946,1.243093,0.272534,-1.211541,0.727662,-3.126612
2.368948,2.652093,0.231084,0.188943,0.899121,-1.393561
2.372949,2.653329,0.181462,0.893812,1.069820,0.264518
2.376951,2.006387,0.124896,-0.198550,1.239975,1.826851
2.380952,1.057575,0.062849,-0.581148,1.409457,-2.941156
2.384954,2.321492,-0.003015,0.057318,1.578370,-1.371894
2.388956,2.018081,-0.070876,-0.114190,1.746706,2.865898
2.392957,2.419105,-0.138802,-0.010190,1.914461,-1.592488
2.396959,3.057353,-0.204805,0.584772,2.081743,0.110394
2.400960,1.894900,-0.266896,-0.225611,2.248447,2.157516
2.404962,2.386875,-0.323144,0.215160,2.414779,-1.117224
2.408964,1.943602,-0.371742,0.612991,2.580554,0.952503
2.412965,0.433658,-0.411062,-1.324466,2.746047,2.701730
2.416967,0.380419,-0.439717,-0.419740,2.911024,-1.858779
2.420968,2.912799,-0.456610,1.146955,3.075800,-0.057710
2.424970,0.609228,-0.460979,-0.285438,-3.043061,1.953130
2.428972,1.367408,-0.452433,-0.369838,-2.878868,-2.215506
2.432973,1.582104,-0.430970,0.509224,-2.715045,-0.530913
2.436975,1.595287,-0.396994,0.479324,-2.551291,0.708225
2.440976,0.487294,-0.351308,-0.315087,-2.387810,1.976469
2.444978,-0.527634,-0.295101,-0.859830,-2.224351,-2.822061
2.448980,0.585873,-0.229915,0.269937,-2.061061,-1.233582
2.452981,0.748015,-0.157604,0.533414,-1.897762,0.292435
2.456983,0.365670,-0.080278,0.102534,-1.734529,1.244041
2.460984,0.762582,-0.000234,-0.187685,-1.571271,1.969260
2.464986,0.272703,0.080120,-0.691855,-1.407983,-2.881487
2.468988,2.203222,0.158347,0.200165,-1.244665,-1.285352
2.472989,2.341943,0.232066,0.399171,-1.081234,0.363965
2.476991,2.634016,0.299039,-0.045432,-0.917773,-3.008182
2.480992,2.651168,0.357249,0.307253,-0.754127,0.056777
2.484994,2.871718,0.404968,0.091928,-0.590454,1.314556
2.488996,1.861174,0.440827,-0.153666,-0.426537,1.915898
2.492997,1.690503,0.463853,-0.902621,-0.262588,3.003513
2.496999,1.231708,0.473505,-0.315066,-0.098352,-1.806950
2.501000,3.648883,0.469690,1.422294,0.065924,-0.246558
2.505002,1.669058,0.452756,0.335201,0.230513,1.283844
2.509004,1.146827,0.423482,-0.546561,0.395158,2.536784
2.513005,0.783569,0.383040,-0.544571,0.560120,2.997674
2.517007,0.924855,0.332946,-0.442909,0.725160,-2.095753
2.521008,2.160989,0.275006,0.887877,0.890501,-0.407979
2.525010,1.325227,0.211243,-0.034708,1.055950,1.614137
2.529012,0.337714,0.143822,-0.515010,1.221664,-2.307121
2.533013,2.117919,0.074975,0.938624,1.387521,-0.172173
2.537015,0.063926,0.006916,-0.100210,1.553592,1.672200
2.541016,-0.058562,-0.058237,-0.727528,1.719844,-2.879675
2.545018,-0.058764,-0.118533,0.141947,1.886254,-1.159322
2.549020,0.260428,-0.172253,-0.031588,2.052894,2.674585
2.553021,0.187319,-0.217972,0.115527,2.219642,-1.085997
2.557023,0.486582,-0.254590,0.223930,2.386684,0.772423
2.561024,0.323704,-0.281371,-0.278801,2.553808,2.729949
2.565026,0.232178,-0.297953,-0.020247,2.721311,-1.641222
2.569028,1.050709,-0.304351,0.238110,2.888910,0.025671
2.573029,0.068163,-0.300939,0.045662,3.057003,1.274543
2.577031,0.461235,-0.288431,-0.062140,-3.057918,2.071161
2.581032,-0.322692,-0.267836,-0.118834,-2.889001,-3.062272
2.585034,0.037666,-0.240418,-0.015187,-2.719743,-2.107080
2.589036,-0.243928,-0.207632,-0.128673,-2.549600,-2.765582
2.593037,-0.010456,-0.171069,0.115146,-2.378803,-1.153594
2.597039,0.548074,-0.132389,0.301421,-2.206756,0.488165
2.601040,0.127420,-0.093251,-0.093576,-2.033504,1.926079
2.605042,0.385984,-0.055252,-0.165180,-1.858382,2.447280
2.609044,0.340863,-0.019864,-0.475258,-1.681082,-2.950918
2.613045,0.479957,0.011620,0.035987,-1.500782,-1.523342
2.617047,1.791469,0.038132,0.812703,-1.316509,-0.044846
2.621048,0.016244,0.058865,0.146380,-1.126999,1.320163
2.625050,0.325346,0.073292,-0.121718,-0.929931,2.007473
2.629052,-0.957664,0.081186,-0.311138,-0.722728,2.301589
2.633053,-0.833004,0.082612,-0.654535,-0.499968,-2.765383
2.637055,-0.432370,0.077918,0.144915,-0.255080,-1.372976
2.641056,0.181209,0.067710,0.595033,0.025282,0.125270
2.645058,-0.403200,0.052826,-0.136989,0.358218,1.910859
2.649060,-0.796411,0.034291,-0.225862,0.768093,-2.171132
2.653061,0.156394,0.013274,0.561032,1.257743,-0.339692
2.657063,-0.583787,-0.008960,0.325112,1.775436,1.145524
2.661064,-1.643200,-0.031105,-0.749933,2.239298,2.504660
2.665066,-1.892091,-0.051869,-0.780550,2.618334,-2.416683
2.669068,-0.463239,-0.070019,0.607754,2.929284,-0.965903
2.673069,-0.192662,-0.084436,0.761143,-3.090276,0.599687
2.677071,-1.061926,-0.094155,-0.381556,-2.856328,2.311940
2.681072,-0.517161,-0.098399,0.066846,-2.643010,-1.086564
2.685074,-0.289223,-0.096611,-0.240216,-2.442933,1.992256
2.689076,-1.024783,-0.088476,-0.834928,-2.252825,-2.505659
2.693077,1.098531,-0.073932,0.851065,-2.069424,-0.800182
2.697079,0.665130,-0.053177,0.671731,-1.891356,0.902546
2.701080,-0.773101,-0.026662,-0.646836,-1.717076,2.691608
2.705082,-0.100816,0.004916,0.075491,-1.545831,-1.370104
2.709084,-0.633927,0.040633,0.166295,-1.376912,1.161103
2.713085,-1.002273,0.079368,-0.548389,-1.209767,2.962181
2.717087,-1.273488,0.119829,-0.141560,-1.044148,-1.817138
2.721088,-0.135933,0.160600,0.458705,-0.879562,-0.434140
2.725090,-0.776837,0.200179,0.242429,-0.716034,0.880520
2.729092,-0.804055,0.237033,-0.133833,-0.553094,2.165570
2.733093,-0.832463,0.269646,-0.074902,-0.390922,-2.819923
2.737095,-0.718086,0.296577,-0.040139,-0.229070,1.911296
2.741096,-0.848034,0.316510,-0.328668,-0.067799,-2.781853
2.745098,-0.110811,0.328307,0.295573,0.093301,-1.032977
2.749100,0.166552,0.331055,0.517762,0.253945,0.827747
2.753101,-0.683634,0.324110,-0.837247,0.414485,2.761461
2.757103,-0.214087,0.307126,0.021462,0.574655,-1.548590
2.761104,1.499076,0.280085,0.834026,0.734733,0.463901
2.765106,-0.721699,0.243305,-0.686210,0.894498,2.569660
2.769108,0.907552,0.197448,0.078842,1.054145,-1.463437
2.773109,0.905299,0.143506,0.595065,1.213520,0.735119
2.777111,-0.124693,0.082777,-0.794807,1.372727,2.639774
2.781112,0.138521,0.016835,-0.429780,1.531687,-2.053546
2.785114,1.021087,-0.052523,0.679392,1.690420,-0.764164
2.789116,1.562447,-0.123324,1.020714,1.848921,0.426132
2.793117,-0.232507,-0.193493,-0.224066,2.007130,1.735822
2.797119,-0.937425,-0.260914,-1.427399,2.165113,3.114474
2.801120,-0.607051,-0.323506,-0.341943,2.322744,-1.853771
2.805122,1.254981,-0.379298,0.658352,2.480146,-0.790247
2.809124,0.381256,-0.426497,0.920511,2.637145,0.067323
2.813125,0.954942,-0.463552,0.406412,2.793904,1.180315
2.817127,-1.595669,-0.489211,-0.787452,2.950220,2.472116
2.821128,-0.277160,-0.502571,-0.588548,3.106277,-2.594482
2.825130,-0.823949,-0.503109,-0.142548,-3.021329,-1.919777
2.829132,0.419815,-0.490705,0.135821,-2.866041,-1.313485
2.833133,0.441163,-0.465648,0.628388,-2.711254,-0.185679
2.837135,0.898572,-0.428625,0.350730,-2.556799,0.937021
2.841136,-0.013539,-0.380699,-0.171993,-2.402865,1.876265
2.845138,0.269144,-0.323270,-0.657072,-2.249314,2.910944
2.849140,-0.205271,-0.258023,-0.426767,-2.096300,-2.167905
2.853141,1.719639,-0.186873,0.435007,-1.943737,-0.973270
2.857143,1.121810,-0.111889,0.796941,-1.791736,0.156539
2.861144,1.720845,-0.035229,0.201365,-1.640268,1.341660
2.865146,0.087237,0.040946,-0.777179,-1.489398,2.617333
2.869148,1.163002,0.114538,-0.564875,-1.339167,-2.389448
2.873149,2.138691,0.183591,0.215706,-1.189592,-1.188784
2.877151,2.355563,0.246354,0.367454,-1.040785,0.036350
2.881152,2.832021,0.301337,-0.058371,-0.892722,2.377474
2.885154,2.517294,0.347356,0.376646,-0.745589,-0.728538
2.889156,3.819408,0.383567,0.659303,-0.599325,0.909023
2.893157,1.037691,0.409481,-1.199140,-0.454182,2.571071
2.897159,2.514859,0.424965,-0.498038,-0.310075,-1.944886
2.901160,3.387101,0.430228,0.975711,-0.167316,0.122743
2.905162,1.981007,0.425797,-0.855766,-0.025812,2.704785
2.909164,2.571125,0.412475,0.238163,0.114078,-1.402752
2.913165,3.868630,0.391289,1.546527,0.252439,0.413706
2.917167,1.038358,0.363440,-0.764766,0.388881,2.115340
2.921168,0.635911,0.330235,-0.732243,0.523467,-2.520855
2.925170,1.483516,0.293026,0.150192,0.655802,-0.987629
2.929172,0.599535,0.253148,-0.039220,0.785923,-1.908809
2.933173,1.359177,0.211862,0.115286,0.913458,-0.194337
2.937175,0.389494,0.170308,-0.161562,1.038420,-2.563863
2.941176,1.491801,0.129468,0.371187,1.160504,-0.726991
2.945178,1.164136,0.090137,0.338915,1.279720,0.961694
2.949180,0.444119,0.052911,-0.366489,1.395885,2.778259
2.953181,1.517443,0.018185,0.222860,1.509045,-0.371150
2.957183,0.711741,-0.013839,-0.193771,1.619212,1.865934
2.961184,1.062682,-0.043127,-0.960613,1.726522,-2.789991
2.965186,2.004273,-0.069788,0.382174,1.831246,-1.222411
2.969188,3.367486,-0.094036,0.831534,1.933654,0.419448
2.973189,1.754569,-0.116150,-0.409562,2.034297,2.446584
2.977191,2.432307,-0.136433,0.230936,2.133567,-1.149514
2.981192,2.531084,-0.155173,0.625294,2.232242,0.785490
2.985194,0.797804,-0.172607,-0.648464,2.330751,2.352310
2.989196,0.750926,-0.188897,-0.551498,2.429976,-2.657364
2.993197,0.974207,-0.204102,-0.272813,2.530263,-2.265449
2.997199,0.961064,-0.218174,0.028665,2.632460,-1.534479
3.001200,2.664424,-0.230943,1.074883,2.736731,-0.256128
3.005202,1.239760,-0.242128,0.535211,2.843787,1.113658
3.009204,0.831697,-0.251349,-0.899117,2.953575,2.500731
3.013205,-0.128586,-0.258143,-0.654895,3.066635,-2.389428
3.017207,1.709559,-0.261998,0.313669,-3.100459,-1.017199
3.021208,0.883367,-0.262381,0.293696,-2.980947,0.226888
3.025210,0.831548,-0.258778,0.058296,-2.858368,0.930128
3.029212,0.982635,-0.250729,0.124976,-2.732446,0.111139
3.033213,0.362813,-0.237868,0.183918,-2.603570,1.091306
3.037215,0.436542,-0.219956,-0.638535,-2.471548,2.553745
3.041216,-0.549352,-0.196912,-0.560878,-2.336743,-2.111350
3.045218,2.208712,-0.168837,1.116029,-2.199026,-0.423479
3.049220,0.677433,-0.136029,0.296087,-2.058691,1.297034
3.053221,0.286714,-0.098991,-0.722019,-1.915664,3.026239
3.057223,0.951480,-0.058427,-0.000362,-1.770142,-1.572323
3.061224,0.885676,-0.015230,-0.192031,-1.622107,-2.778570
3.065226,1.505660,0.029540,0.209841,-1.471642,-1.071680
3.069228,1.589343,0.074688,0.282916,-1.318791,0.785051
3.073229,1.043409,0.118919,-0.227650,-1.163522,-2.965572
3.077231,1.905739,0.160887,0.444637,-1.005937,-0.184185
3.081232,1.103697,0.199243,-0.057031,-0.845899,1.641993
3.085234,0.459044,0.232684,-1.022568,-0.683569,-3.028637
3.089236,1.371108,0.260007,0.075231,-0.518721,-1.500455
3.093237,2.340291,0.280157,0.912493,-0.351572,-0.045146
3.097239,1.850644,0.292280,0.196543,-0.181841,1.239113
3.101240,1.303140,0.295755,-0.125555,-0.009790,1.917023
3.105242,1.657979,0.290237,-0.431385,0.164874,2.590549
3.109244,1.310658,0.275674,-0.427677,0.341858,-2.443686
3.113245,2.451408,0.252324,0.061700,0.521415,-1.350574
3.117247,2.029125,0.220755,-0.116363,0.703233,-1.832266
3.121248,3.153577,0.181839,0.973186,0.887468,-0.504618
3.125250,2.725981,0.136723,0.765335,1.073800,1.044094
3.129252,0.307732,0.086801,-1.283582,1.262237,2.638774
3.133253,0.700116,0.033668,-0.445681,1.452469,-2.039670
3.137255,1.646733,-0.020938,0.309708,1.644324,-0.518958
3.141257,0.463687,-0.075190,0.058165,1.837523,-1.179605
3.145258,1.802409,-0.127242,0.280606,2.031714,0.394782
3.149260,-0.169332,-0.175288,-0.259043,2.226670,2.713517
3.153261,1.641739,-0.217630,0.171495,2.421896,-1.126495
3.157263,0.358110,-0.252738,0.355407,2.617236,0.837120
3.161265,0.491041,-0.279304,-0.477577,2.812121,2.642932
3.165266,-0.070466,-0.296288,-0.126603,3.006478,-1.819282
3.169268,1.238816,-0.302958,0.585843,-3.083439,0.017939
3.173269,0.246368,-0.298914,-0.151123,-2.891251,1.762283
3.177271,0.035629,-0.284103,-0.978562,-2.700624,-2.840380
3.181273,1.422943,-0.258823,0.452741,-2.511491,-1.147830
3.185274,2.375878,-0.223710,0.743968,-2.324204,0.633897
3.189276,0.861305,-0.179722,-0.527413,-2.138668,2.722819
3.193277,2.112573,-0.128103,0.333092,-1.955086,-0.835933
3.197279,1.494803,-0.070348,0.105870,-1.773372,1.428460
3.201281,0.587223,-0.008156,-0.864865,-1.593587,-2.942464
3.205282,1.473618,0.056623,0.384172,-1.415677,-1.100382
3.209284,1.778053,0.122042,0.559835,-1.239584,0.716642
3.213285,0.228544,0.186113,-0.521348,-1.065304,2.474575
3.217287,0.987871,0.246868,-0.332379,-0.892687,-2.111745
3.221289,1.192039,0.302416,0.611571,-0.721776,-0.380939
3.225290,1.518389,0.350995,0.048622,-0.552363,1.494920
3.229292,0.182588,0.391028,-0.526175,-0.384530,-2.657340
3.233293,2.012814,0.421167,0.638769,-0.218037,-0.300708
3.237295,0.719619,0.440329,-0.295805,-0.052991,1.892317
3.241297,0.126559,0.447734,-0.916440,0.110854,-2.435287
3.245298,2.138394,0.442922,1.051800,0.273386,-0.598507
3.249300,1.014491,0.425771,0.370601,0.434832,1.210040
3.253301,0.099555,0.396498,-0.598678,0.595095,-3.110614
3.257303,0.780656,0.355658,0.368204,0.754368,-0.127378
3.261305,-0.319227,0.304124,-0.489762,0.912580,2.235028
3.265306,-0.255170,0.243070,-0.751844,1.069883,-2.281952
3.269308,0.874670,0.173934,1.041509,1.226240,-0.605127
3.273309,1.189032,0.098385,0.536796,1.381754,1.083958
3.277311,-1.224396,0.018278,-0.868057,1.536427,2.854316
3.281313,0.552936,-0.064396,0.028045,1.690312,-1.531405
3.285314,0.260605,-0.147561,0.635650,1.843450,0.346567
3.289316,-0.143421,-0.229110,-0.305284,1.995845,2.005705
3.293317,-0.838568,-0.306962,-0.694161,2.147573,-2.782110
3.297319,-0.143821,-0.379119,0.125850,2.298596,-1.368673
3.301321,0.246779,-0.443714,0.341068,2.449019,-0.183682
3.305322,-0.592187,-0.499067,0.253480,2.598771,-0.216579
3.309324,-0.345735,-0.543726,0.377015,2.747974,0.766506
3.313325,-1.720522,-0.576506,-0.309622,2.896534,2.203429
3.317327,-1.673123,-0.596527,-0.143867,3.044582,-2.654838
3.321329,-1.700065,-0.603231,-0.237392,-3.091175,2.239892
3.325330,-2.175119,-0.596399,-0.646881,-2.944237,-2.545149
3.329332,-0.738885,-0.576157,0.359027,-2.797897,-1.104786
3.333333,-0.304551,-0.542966,0.524554,-2.652034,-0.033078
3.337335,-0.559053,-0.497609,0.498810,-2.506745,0.499497
3.341337,-0.610940,-0.441166,-0.152508,-2.361924,1.762653
3.345338,-2.043679,-0.374980,-0.660716,-2.217653,-2.839319
3.349340,-0.490792,-0.300619,0.298977,-2.073850,-0.463015
3.353341,-1.795680,-0.219834,-0.489481,-1.930572,2.664144
3.357343,-1.268237,-0.134509,-0.009137,-1.787770,-1.580702
3.361345,0.314029,-0.046610,0.947461,-1.645475,0.323709
3.365346,-1.818182,0.041866,-0.530247,-1.503673,2.297354
3.369348,-0.057591,0.128947,-0.080051,-1.362366,-1.727024
3.373349,-0.526120,0.212731,0.303633,-1.221574,0.878410
3.377351,-0.432295,0.291440,-0.605804,-1.081273,2.983615
3.381353,-0.410071,0.363456,-0.057677,-0.941514,-1.662803
3.385354,0.272500,0.427358,0.472153,-0.802246,-0.448973
3.389356,0.203237,0.481956,0.493972,-0.663550,0.383021
3.393357,-0.535005,0.526306,0.140550,-0.525352,1.364276
3.397359,-0.980867,0.559727,-0.610571,-0.387754,2.494515
3.401361,-1.270520,0.581806,-0.646506,-0.250664,-2.729948
3.405362,-0.375715,0.592394,-0.218249,-0.114201,-1.918068
3.409364,0.206015,0.591597,0.334386,0.021736,-1.135017
3.413365,1.005459,0.579765,1.045247,0.157020,-0.031881
3.417367,0.291340,0.557466,0.305091,0.291755,1.299661
3.421369,-1.371079,0.525464,-0.876182,0.425815,2.788884
3.425370,-0.497602,0.484686,-0.056113,0.559300,-1.689110
3.429372,-1.090032,0.436191,0.015398,0.692100,1.529654
3.433373,-1.531507,0.381136,-0.758383,0.824309,-2.672470
3.437375,-0.732420,0.320741,0.678931,0.955841,-0.924265
3.441377,-0.185040,0.256261,0.702230,1.086778,0.899145
3.445378,-2.714365,0.188951,-1.045454,1.217069,2.939008
3.449380,-0.751204,0.120044,0.388838,1.346779,-1.258289
3.453381,-0.660272,0.050730,1.359066,1.475897,0.574116
3.457383,-2.404333,-0.017864,-1.069165,1.604473,2.197002
3.461385,-3.569689,-0.084687,-1.513932,1.732540,-2.605375
3.465386,-0.666754,-0.148771,0.466274,1.860130,-1.256094
3.469388,-0.462518,-0.209237,1.222688,1.987321,-0.023203
3.473389,-0.542136,-0.265298,0.378345,2.114126,1.170073
3.477391,-1.794521,-0.316252,-0.469002,2.240664,2.342591
3.481393,-1.485046,-0.361487,-0.388767,2.366925,-3.126615
3.485394,-1.567763,-0.400474,-0.397645,2.493057,-2.574294
3.489396,-1.142803,-0.432767,0.222676,2.619029,-1.224298
3.493397,-0.683153,-0.458002,0.563179,2.745009,0.536207
3.497399,-1.978014,-0.475899,-0.499841,2.870942,2.665244
3.501401,-1.555103,-0.486263,0.149947,2.997004,-1.315795
3.505402,-1.184959,-0.488986,0.473332,3.123121,0.763613
3.509404,-2.857661,-0.484055,-0.510574,-3.033722,2.727337
3.513405,-1.983300,-0.471559,0.051035,-2.907247,-1.420541
3.517407,-2.522832,-0.451688,0.087367,-2.780482,1.217819
3.521409,-2.684967,-0.424747,-0.307322,-2.653530,-2.952764
3.525410,-2.322890,-0.391150,0.023637,-2.526261,-1.500151
3.529412,-2.032557,-0.351426,0.416548,-2.398778,-0.285635
3.533413,-1.762399,-0.306214,0.226015,-2.270979,1.203680
3.537415,-3.046192,-0.256256,-0.774062,-2.142961,2.924631
3.541417,-1.848408,-0.202388,0.041807,-2.014657,-1.520996
3.545418,-1.388976,-0.145527,0.677596,-1.886149,0.414453
3.549420,-2.420677,-0.086656,-0.455335,-1.757407,2.553809
3.553421,-1.775824,-0.026802,0.135533,-1.628490,-1.267373
3.557423,-1.662275,0.032985,0.254936,-1.499411,1.027741
3.561425,-1.916713,0.091654,-0.390838,-1.370202,3.080814
3.565426,-1.452476,0.148174,0.150353,-1.240914,-0.185646
3.569428,-1.283283,0.201565,-0.503816,-1.111551,2.739195
3.573429,-1.447964,0.250914,-0.192913,-0.982203,-1.771256
3.577431,0.891188,0.295401,1.095108,-0.852841,-0.140509
3.581433,-1.035697,0.334314,0.153562,-0.723586,1.398151
3.585434,-0.692631,0.367063,-0.415400,-0.594379,2.731603
3.589436,-1.449681,0.393193,-0.168323,-0.465358,2.581193
3.593437,-1.195510,0.412386,-0.523385,-0.336436,-3.063182
3.597439,-1.481901,0.424460,-0.221848,-0.207763,-1.845648
3.601441,0.043308,0.429370,0.934956,-0.079226,-0.538775
3.605442,-0.382751,0.427195,0.857012,0.049023,0.873983
3.609444,-1.976395,0.418136,-1.065788,0.177113,2.378283
3.613445,-2.401751,0.402496,-1.020768,0.304905,-2.355150
3.617447,-0.046772,0.380669,0.852978,0.432537,-0.815629
3.621449,-0.786714,0.353127,0.748437,0.559891,0.641144
3.625450,-1.111318,0.320403,-0.206618,0.687108,1.905506
3.629452,-1.911200,0.283078,-0.446923,0.814100,2.933617
3.633453,-1.064531,0.241769,-0.242165,0.941002,-2.256938
3.637455,-1.005599,0.197116,0.154878,1.067765,-0.880014
3.641457,-0.759497,0.149778,-0.043870,1.194511,2.093384
3.645458,-1.133351,0.100418,-0.117743,1.321232,-1.890563
3.649460,-0.289984,0.049708,0.616654,1.448032,-0.447999
3.653461,-0.768011,-0.001683,0.563935,1.574947,0.903054
3.657463,-1.926182,-0.053085,-0.609748,1.702053,2.205673
3.661465,-2.743735,-0.103831,-0.997995,1.829434,-2.806185
3.665466,-1.362873,-0.153254,0.034681,1.957139,-1.537096
3.669468,-0.853455,-0.200690,0.930418,2.085294,-0.238699
3.673469,-0.622268,-0.245473,0.380985,2.213923,1.103066
3.677471,-2.060793,-0.286938,-0.562809,2.343188,2.487865
3.681473,-0.906846,-0.324420,-0.409602,2.473084,-2.366545
3.685474,-0.808887,-0.357256,0.276951,2.603796,-0.900812
3.689476,0.114922,-0.384793,0.275145,2.735293,0.517963
3.693477,-0.573820,-0.406397,0.011036,2.867768,1.517917
3.697479,-0.258240,-0.421467,-0.172472,3.001168,2.167412
3.701481,-0.691648,-0.429448,-0.538205,3.135679,-2.828611
3.705482,-0.144613,-0.429858,0.186367,-3.011958,-1.334162
3.709484,0.745669,-0.422307,0.862511,-2.875203,0.179997
3.713485,-0.822554,-0.406525,-0.052238,-2.737327,1.638057
3.717487,-1.057182,-0.382386,-0.571843,-2.598191,2.966765
3.721489,-1.220859,-0.349936,-0.219028,-2.457884,-2.109616
3.725490,-0.545912,-0.309414,0.252363,-2.316302,-0.710758
3.729492,-0.730826,-0.261271,0.078542,-2.173530,1.261130
3.733493,-1.044264,-0.206180,-0.289579,-2.029503,-2.744331
3.737495,-0.247378,-0.145044,0.257203,-1.884290,-0.886984
3.741497,-0.260555,-0.078986,0.302659,-1.737866,0.663204
3.745498,-0.453313,-0.009340,-0.063964,-1.590277,1.786425
3.749500,-0.816745,0.062376,-0.344681,-1.441534,2.692785
3.753501,-0.597913,0.134491,-0.343985,-1.291660,-2.193158
3.757503,0.271299,0.205220,0.642567,-1.140701,-0.587580
3.761505,0.725513,0.272717,0.465908,-0.988651,1.005338
3.765506,-0.651330,0.335128,-0.672867,-0.835592,2.467725
3.769508,0.370565,0.390652,-0.660564,-0.681493,-2.542710
3.773509,0.784328,0.437600,0.139380,-0.526460,-1.385763
3.777511,2.059223,0.474458,0.638015,-0.370443,-0.244055
3.781513,1.391439,0.499947,0.372979,-0.213568,0.592514
3.785514,1.499925,0.513071,0.337884,-0.055772,0.970365
3.789516,0.455413,0.513166,-0.550199,0.102813,2.125467
3.793517,-0.175944,0.499932,-1.129382,0.262251,-2.677190
3.797519,1.554072,0.473454,0.530174,0.422417,-1.056621
3.801521,1.756795,0.434217,0.428807,0.583368,0.777030
3.805522,0.948650,0.383097,-0.250052,0.744988,-2.692992
3.809524,2.089894,0.321346,0.448060,0.907319,-0.165143
3.813525,1.197366,0.250566,-0.029614,1.070263,1.632255
3.817527,0.794396,0.172659,-0.363128,1.233837,-3.043536
3.821529,1.047578,0.089777,-0.001784,1.397969,-1.576354
3.825530,0.737580,0.004251,0.477519,1.562648,0.037598
3.829532,0.702133,-0.081477,-0.158392,1.727831,1.778140
3.833533,-1.096900,-0.164933,-0.932289,1.893478,-2.751232
3.837535,1.212438,-0.243695,0.576140,2.059577,-0.967232
3.841537,0.472527,-0.315464,0.455133,2.226062,0.940579
3.845538,-0.325219,-0.378148,-0.504883,2.392952,-3.057403
3.849540,0.643286,-0.429922,0.434143,2.560154,-0.604485
3.853541,-0.258573,-0.469292,0.130978,2.727713,1.349328
3.857543,-0.379365,-0.495140,-0.498539,2.895521,2.975009
3.861545,-0.752683,-0.506762,-0.176164,3.063637,-2.089345
3.865546,0.237475,-0.503888,0.150342,-3.051237,-1.192809
3.869548,0.608898,-0.486687,0.643253,-2.882663,0.148782
3.873549,0.291907,-0.455761,-0.133762,-2.713938,1.717806
3.877551,-0.049624,-0.412117,-1.060991,-2.544994,-2.963619
3.881553,1.111801,-0.357136,0.184471,-2.375926,-1.390429
3.885554,2.512602,-0.292518,0.717906,-2.206679,0.089385
3.889556,1.296334,-0.220234,0.155265,-2.037325,1.060146
3.893557,1.828397,-0.142452,0.098458,-1.867825,1.323777
3.897559,0.530694,-0.061477,-0.522331,-1.698223,2.762872
3.901561,1.274670,0.020327,-0.011028,-1.528509,-1.594553
3.905562,1.331969,0.100602,0.222948,-1.358694,0.964403
3.909564,0.962856,0.177068,-0.517591,-1.188800,-2.967285
3.913565,1.754187,0.247586,0.329244,-1.018810,-0.883374
3.917567,2.423917,0.310220,0.024591,-0.848780,1.510095
3.921569,1.211190,0.363287,-0.355545,-0.678669,-2.339456
3.925570,3.554584,0.405401,0.521066,-0.508559,-0.540685
3.929572,1.723076,0.435506,0.390122,-0.338392,0.731662
3.933573,2.750135,0.452901,0.017861,-0.168270,1.540275
3.937575,0.398060,0.457249,-0.775881,0.001878,2.711329
3.941577,1.469592,0.448577,-0.497999,0.171938,-2.116436
3.945578,2.100004,0.427268,0.673098,0.341985,-0.561420
3.949580,1.622715,0.394039,0.224730,0.511906,1.086732
3.953581,1.457580,0.349919,-0.244245,0.681765,3.077603
3.957583,1.269033,0.296210,0.133525,0.851464,-1.043046
3.961585,1.988448,0.234451,0.352892,1.021047,0.512433
3.965586,1.033104,0.166373,-0.178078,1.190439,1.928184
3.969588,1.129114,0.093853,-0.456157,1.359660,-2.946593
3.973589,1.693060,0.018860,-0.012938,1.528663,-1.624409
3.977591,1.770998,-0.056585,-0.093472,1.697443,-2.658816
3.981593,2.137326,-0.130469,-0.044158,1.865986,-1.680745
3.985594,2.578250,-0.200828,0.546569,2.034258,-0.423530
3.989596,2.462967,-0.265794,0.442059,2.202278,0.833494
3.993597,1.459787,-0.323643,-0.280075,2.369985,2.093161
3.997599,1.219603,-0.372833,-0.312547,2.537429,-2.945160
4.001601,1.481714,-0.412043,-0.015718,2.704527,2.726258
4.005602,1.306416,-0.440203,-0.297875,2.871351,2.688399
4.009604,1.146710,-0.456524,-0.537614,3.037812,-2.498513
4.013605,2.461698,-0.460514,0.289067,-3.079192,-1.297550
4.017607,3.214339,-0.451994,1.409371,-2.913374,0.043938
4.021609,2.459771,-0.431104,0.123520,-2.747833,1.486534
4.025610,0.509880,-0.398298,-1.108311,-2.582643,2.982530
4.029612,1.787689,-0.354339,-0.122354,-2.417724,-1.828698
4.033613,1.477886,-0.300287,-0.190306,-2.253135,-2.951692
4.037615,1.449337,-0.237471,-0.033833,-2.088814,-1.631892
4.041617,2.507509,-0.167462,0.475708,-1.924800,-0.233737
4.045618,1.636984,-0.092037,0.240462,-1.761054,0.213791
4.049620,2.602911,-0.013137,0.439139,-1.597591,0.711562
4.053621,1.342107,0.067185,-0.392233,-1.434400,2.075556
4.057623,1.484216,0.146815,-0.634218,-1.271472,-2.928948
4.061625,2.001763,0.223628,-0.397437,-1.108824,-2.491347
4.065626,2.263952,0.295552,-0.072686,-0.946429,-1.642293
4.069628,4.194073,0.360621,1.392348,-0.784329,-0.222364
4.073629,3.132005,0.417031,0.392159,-0.622481,1.272029
4.077631,2.025076,0.463195,-0.645879,-0.460949,2.583367
4.081633,2.672699,0.497782,-0.472898,-0.299678,2.704744
4.085634,1.713751,0.519764,-0.911766,-0.138746,-2.526755
4.089636,4.425016,0.528442,0.843726,0.021905,-0.911963
4.093637,3.582268,0.523472,0.673935,0.182190,0.948169
4.097639,3.026409,0.504872,-0.829324,0.342162,-2.993799
4.101641,3.856695,0.473030,0.910857,0.501735,-0.518722
4.105642,3.936993,0.428691,0.123807,0.660953,1.476622
4.109644,1.497481,0.372935,-1.135330,0.819737,-2.970611
4.113645,3.934245,0.307149,0.311271,0.978116,-0.984814
4.117647,1.953019,0.232986,-0.370009,1.136027,2.655802
4.121649,3.327669,0.152317,0.062571,1.293481,-1.506425
4.125650,2.805333,0.067176,1.018792,1.450435,0.293158
4.129652,2.177008,-0.020294,-0.408989,1.606881,2.305752
4.133653,1.394596,-0.107905,0.494544,1.762798,-0.602961
4.137655,2.177865,-0.193483,0.196540,1.918163,1.431181
4.141657,-1.342990,-0.274925,-1.856291,2.072976,3.071635
4.145658,1.622649,-0.350255,-0.245715,2.227204,-1.715418
4.149660,2.065492,-0.417670,1.010577,2.380872,-0.475033
4.153661,2.590530,-0.475583,0.807599,2.533939,0.192925
4.157663,2.195955,-0.522656,0.515462,2.686453,1.069373
4.161665,0.489138,-0.557822,-0.840970,2.838369,2.384403
4.165666,1.196460,-0.580302,-0.668413,2.989751,-2.437562
4.169668,1.424377,-0.589620,0.249602,3.140555,-0.850154
4.173669,1.874561,-0.585600,-0.137849,-2.992330,-2.964299
4.177671,2.115638,-0.568363,0.263371,-2.842570,-0.976011
4.181673,2.504780,-0.538319,0.340598,-2.693271,0.990114
4.185674,1.891439,-0.496141,-0.784119,-2.544455,-3.133316
4.189676,2.371017,-0.442758,0.503082,-2.396044,-1.080875
4.193677,3.512946,-0.379318,0.846761,-2.248046,0.820502
4.197679,0.262499,-0.307174,-1.012778,-2.100386,2.725347
4.201681,1.991583,-0.227847,0.117928,-1.953059,-1.416916
4.205682,1.402354,-0.143005,0.279189,-1.806002,1.131731
4.209684,0.470741,-0.054426,-0.769039,-1.659195,-2.872441
4.213685,2.158615,0.036030,0.552277,-1.512592,-0.831121
4.217687,1.579131,0.126457,0.247223,-1.366161,1.238693
4.221689,1.205277,0.214937,-0.769565,-1.219874,-3.020824
4.225690,1.983716,0.299576,0.267756,-1.073685,-1.225025
4.229692,2.064035,0.378542,0.576897,-0.927586,0.405530
4.233693,1.714164,0.450101,-0.100587,-0.781521,2.080169
4.237695,0.997680,0.512652,0.432305,-0.635497,0.154963
4.241697,1.687418,0.564763,-0.154728,-0.489452,1.714079
4.245698,-1.017978,0.605201,-1.464423,-0.343406,-3.081366
4.249700,2.006151,0.632966,-0.147860,-0.197299,-1.673986
4.253701,2.386965,0.647316,1.010084,-0.051161,-0.449682
4.257703,3.082168,0.647793,0.793112,0.095063,0.519685
4.261705,2.158073,0.634241,-0.025957,0.241332,1.598817
4.265706,0.949676,0.606819,-0.841756,0.387693,2.966621
4.269708,1.935876,0.566005,-0.125369,0.534103,-1.767513
4.273709,1.633629,0.512593,0.449074,0.680597,-0.088154
4.277711,1.441255,0.447678,-0.017587,0.827135,1.613661
4.281713,0.606538,0.372640,-0.482868,0.973741,-3.049532
4.285714,1.135372,0.289110,0.072429,1.120378,-1.435620
4.289716,1.661034,0.198938,0.443608,1.267057,0.199734
4.293717,0.954821,0.104149,-0.035155,1.413750,1.720961
4.297719,0.853435,0.006893,-0.044447,1.560452,1.891450
4.301721,0.586900,-0.090604,-0.367633,1.707142,-3.053233
4.305722,0.290430,-0.186104,0.215046,1.853799,-1.185734
4.309724,1.173347,-0.277407,0.493280,2.000412,0.728127
4.313725,-1.110319,-0.362415,-0.492574,2.146944,2.693161
4.317727,0.299764,-0.439186,0.119016,2.293393,-1.151950
4.321729,-0.848878,-0.505985,-0.137800,2.439710,1.908755
4.325730,-0.779147,-0.561333,-0.454354,2.585898,-2.332405
4.329732,-0.029865,-0.604043,0.522279,2.731897,-0.531015
4.333733,-0.704880,-0.633253,0.064099,2.877719,1.294720
4.337735,-0.482567,-0.648445,0.246083,3.023296,-0.470560
4.341737,-0.969233,-0.649454,0.165103,-3.114545,1.311031
4.345738,-1.731743,-0.636469,-0.692368,-2.969504,3.061136
4.349740,-0.988687,-0.610023,0.116412,-2.824755,-1.316377
4.353741,-0.773851,-0.570969,0.073398,-2.680367,1.261857
4.357743,-0.635127,-0.520451,-0.197371,-2.536334,-2.443737
4.361745,-0.201124,-0.459864,0.094278,-2.392720,-0.262101
4.365746,0.255517,-0.390807,-0.170373,-2.249521,-2.158408
4.369748,0.500244,-0.315035,0.655766,-2.106792,-0.321569
4.373749,0.744307,-0.234402,-0.001728,-1.964535,1.572918
4.377751,-1.049859,-0.150813,-0.561461,-1.822792,-2.448400
4.381753,1.503369,-0.066166,0.995729,-1.681572,0.031844
4.385754,-1.181759,0.017692,-0.679847,-1.540905,2.039068
4.389756,-0.957354,0.099010,-1.338974,-1.400810,-2.480264
4.393758,0.954100,0.176174,0.915426,-1.261300,-0.817547
4.397759,0.985300,0.247738,0.412693,-1.122407,0.692462
4.401761,0.848724,0.312452,0.431420,-0.984130,-0.298304
4.405762,1.132873,0.369280,0.495168,-0.846506,1.151615
4.409764,-1.189525,0.417412,-1.515122,-0.709521,2.749450
4.413766,-0.154252,0.456267,-0.578685,-0.573214,-1.910381
4.417767,1.918627,0.485488,1.593419,-0.437555,-0.270640
4.421769,0.480616,0.504934,0.293004,-0.302584,1.376930
4.425770,-0.617217,0.514669,-1.361288,-0.168258,3.013764
4.429772,-0.127514,0.514934,-0.106158,-0.034612,-1.662630
4.433774,1.967871,0.506137,0.827036,0.098410,-0.106682
4.437775,-0.286766,0.488818,0.109904,0.230782,1.318241
4.441777,0.917867,0.463635,-0.072284,0.362571,2.026598
4.445778,-1.066763,0.431330,-0.181386,0.493766,2.621369
4.449780,0.406828,0.392714,-0.055234,0.624445,-1.829425
4.453782,-0.783174,0.348641,0.242334,0.754614,0.550924
4.457783,-0.177845,0.299989,-0.365787,0.884361,2.466206
4.461785,-0.882593,0.247649,-0.354831,1.013710,-2.221191
4.465786,0.727327,0.192512,0.404509,1.142752,-0.789469
4.469788,0.693245,0.135458,0.432948,1.271530,0.484003
4.473790,0.391340,0.077357,-0.029153,1.400125,1.640314
4.477791,0.401981,0.019059,-0.353350,1.528594,2.814962
4.481793,-0.021747,-0.038603,-0.210176,1.657006,-2.329323
4.485794,0.689169,-0.094821,0.024764,1.785421,-1.482041
4.489796,0.172703,-0.148809,0.345559,1.913890,-0.505680
4.493798,0.434760,-0.199812,0.331275,2.042476,0.845005
4.497799,-0.511048,-0.247109,-0.281048,2.171209,2.331291
4.501801,-0.494687,-0.290019,-0.047744,2.300149,-2.653085
4.505802,-0.154991,-0.327913,-0.325997,2.429302,2.328978
4.509804,-1.405298,-0.360220,-0.730233,2.558728,-2.453186
4.513806,1.050635,-0.386438,0.622420,2.688410,-0.987560
4.517807,-0.040876,-0.406146,0.869747,2.818401,0.367523
4.521809,0.019490,-0.419012,0.149836,2.948668,1.274845
4.525810,-1.192583,-0.424807,0.101222,3.079254,1.409285
4.529812,-1.910003,-0.423415,-0.902348,-3.073078,2.466581
4.533814,-2.400494,-0.414838,-1.137340,-2.941928,-2.451541
4.537815,-0.441319,-0.399204,0.788133,-2.810543,-0.971045
4.541817,-0.068054,-0.376769,0.721203,-2.678903,0.645039
4.545818,-1.124286,-0.347915,-0.267647,-2.547073,3.139281
4.549820,0.071828,-0.313143,0.699747,-2.415041,-0.001592
4.553822,-0.696974,-0.273064,-0.213480,-2.282865,1.766663
4.557823,-1.799991,-0.228387,-1.000907,-2.150541,-2.832418
4.561825,0.085660,-0.179906,0.286631,-2.018120,-1.120252
4.565826,-0.413287,-0.128484,0.127279,-1.885603,0.874897
4.569828,-0.021839,-0.075029,-0.016920,-1.753027,-1.691327
4.573830,0.346475,-0.020484,0.117856,-1.620399,0.196708
4.577831,-0.078328,0.034202,0.052897,-1.487739,-1.105739
4.581833,1.188375,0.088086,0.368872,-1.355054,0.452667
4.585834,-0.806943,0.140250,-0.253705,-1.222342,1.996080
4.589836,0.145903,0.189816,-0.664736,-1.089613,-2.836545
4.593838,-0.883554,0.235960,0.051221,-0.956843,-1.500517
4.597839,1.117298,0.277922,0.786861,-0.824043,-0.196763
4.601841,-0.688549,0.315017,0.328673,-0.691171,1.198697
4.605842,-1.110482,0.346637,-0.870264,-0.558237,2.719663
4.609844,-0.945829,0.372265,-0.312844,-0.425187,-1.922356
4.613846,0.282027,0.391474,0.784108,-0.292031,-0.170347
4.617847,0.160969,0.403932,-0.033116,-0.158708,1.621076
4.621849,-0.857100,0.409407,-0.461628,-0.025228,-3.014912
4.625850,0.757320,0.407769,-0.126354,0.108473,-2.166462
4.629852,-0.525108,0.398994,-0.147679,0.242386,-1.879634
4.633854,1.437813,0.383161,0.783684,0.376575,-0.548581
4.637855,-0.105394,0.360455,0.713723,0.511036,0.910372
4.641857,-1.201811,0.331166,-0.808004,0.645834,2.386999
4.645858,-1.876333,0.295684,-0.572144,0.780973,-2.393481
4.649860,-0.961023,0.254501,0.235312,0.916519,-0.688592
4.653862,-1.469178,0.208202,-0.238895,1.052488,3.020878
4.657863,-1.064988,0.157465,0.072419,1.188943,-1.437591
4.661865,-0.310217,0.103060,0.568234,1.325909,0.199719
4.665866,-0.847943,0.045842,-0.140300,1.463439,1.996584
4.669868,-0.788566,-0.013252,0.096740,1.601565,-1.000810
4.673870,-0.355223,-0.073211,0.130408,1.740325,1.275963
4.677871,-1.618781,-0.132958,-0.515847,1.879751,2.986188
4.681873,-0.485648,-0.191362,-0.033097,2.019866,-1.669699
4.685874,-1.003637,-0.247260,0.014780,2.160702,-1.004739
4.689876,-0.437339,-0.299469,0.068261,2.302265,-1.304116
4.693878,-0.462805,-0.346813,0.335701,2.444584,0.471078
4.697879,-1.115341,-0.388150,-0.341845,2.587648,2.521625
4.701881,-1.075961,-0.422399,-0.061730,2.731483,-1.673993
4.705882,-0.234922,-0.448573,0.909685,2.876062,0.142718
4.709884,-1.963049,-0.465810,-0.313409,3.021404,1.831295
4.713886,-2.383642,-0.473408,-1.227926,-3.115714,-2.756724
4.717887,-1.430759,-0.470853,0.653096,-2.968913,-0.969285
4.721889,-0.392862,-0.457846,0.410979,-2.821419,1.031013
4.725890,-2.442242,-0.434328,-0.503877,-2.673233,-2.895050
4.729892,-0.524933,-0.400496,0.332732,-2.524398,-0.352562
4.733894,-1.736468,-0.356811,-0.300767,-2.374920,2.995144
4.737895,-1.102200,-0.304001,0.590385,-2.224844,-0.757350
4.741897,-0.403015,-0.243057,0.548519,-2.074184,1.137597
4.745898,-3.814827,-0.175217,-1.373971,-1.922982,2.883370
4.749900,-0.860987,-0.101943,-0.216902,-1.771263,-1.774115
4.753902,-1.692450,-0.024890,0.438558,-1.619067,-0.564534
4.757903,0.012727,0.054132,0.527510,-1.466428,-0.189810
4.761905,-0.699689,0.133209,0.311252,-1.313384,1.188567
4.765906,-1.217518,0.210372,-0.797701,-1.159974,2.911897
4.769908,0.083304,0.283652,0.079265,-1.006233,-1.417088
4.773910,-0.161300,0.351140,0.022794,-0.852205,1.485637
4.777911,0.145661,0.411041,-0.274594,-0.697921,-2.125447
4.781913,0.747655,0.461729,0.682856,-0.543429,-0.200546
4.785914,0.262836,0.501797,-0.039361,-0.388752,1.633704
4.789916,-0.199484,0.530100,-0.354259,-0.233942,-2.673330
4.793918,0.291452,0.545789,0.252591,-0.079019,-0.211902
4.797919,0.214972,0.548339,-0.091023,0.075970,1.897890
4.801921,-0.242498,0.537563,-0.247049,0.231007,3.091277
4.805922,0.312065,0.513622,-0.323128,0.386046,-2.557569
4.809924,0.290196,0.477019,0.196081,0.541069,-1.290669
4.813926,1.604964,0.428586,0.889385,0.696036,0.236584
4.817927,-0.380781,0.369461,-0.256867,0.850929,1.875932
4.821929,-0.180636,0.301058,-0.474088,1.005711,-2.621573
4.825930,-0.527972,0.225023,0.196316,1.160364,-0.130510
4.829932,-0.526529,0.143193,-0.305110,1.314862,3.082415
4.833934,-1.104969,0.057542,0.190326,1.469189,-1.076943
4.837935,-0.352215,-0.029870,0.103432,1.623326,1.238848
4.841937,-1.581887,-0.116949,-0.218738,1.777261,-2.182342
4.845938,0.185728,-0.201621,0.697391,1.930986,0.037280
4.849940,-1.002813,-0.281883,-0.291963,2.084492,1.880960
4.853942,-1.481065,-0.355844,-0.929864,2.237781,-2.709970
4.857943,0.733933,-0.421773,0.400191,2.390847,-1.122191
4.861945,0.067327,-0.478133,0.717915,2.543699,0.420695
4.865946,0.563787,-0.523611,-0.354387,2.696337,2.067983
4.869948,-1.561964,-0.557146,-0.653761,2.848774,-2.432852
4.873950,1.405186,-0.577949,0.824885,3.001011,-0.719842
4.877951,-0.251989,-0.585520,0.873745,-3.130121,0.818475
4.881953,-0.726123,-0.579650,-0.742043,-2.978248,2.161838
4.885954,-2.226270,-0.560434,-1.365681,-2.826540,-2.924560
4.889956,-0.042411,-0.528262,-0.162512,-2.674993,-1.676194
4.893958,1.218856,-0.483809,1.490781,-2.523588,-0.259502
4.897959,0.868737,-0.428024,0.284490,-2.372321,1.334800
4.901961,-0.745913,-0.362107,-0.700111,-2.221171,-3.021736
4.905962,1.068238,-0.287482,0.497550,-2.070129,-0.431816
4.909964,-0.224488,-0.205772,-0.050237,-1.919177,1.636709
4.913966,-0.628471,-0.118762,-0.805083,-1.768302,-3.045880
4.917967,-0.072289,-0.028367,-0.057523,-1.617488,-1.654623
4.921969,0.556102,0.063409,0.497818,-1.466722,-0.346796
4.925970,0.642476,0.154516,0.154298,-1.315993,1.101622
4.929972,0.279099,0.242899,-0.110787,-1.165287,-2.925315
4.933974,1.091213,0.326542,0.229714,-1.014595,0.337860
4.937975,0.727317,0.403515,-0.223816,-0.863904,2.229828
4.941977,0.904744,0.472016,-0.091152,-0.713205,-1.933409
4.945978,1.513791,0.530411,0.087918,-0.562486,1.323975
4.949980,0.081753,0.577275,-0.900056,-0.411739,-2.943995
4.953982,1.795945,0.611423,0.430356,-0.260951,-1.267787
4.957983,2.313745,0.631944,1.612297,-0.110116,0.320419
4.961985,0.268502,0.638223,-0.463434,0.040780,1.867265
4.965986,-0.721775,0.629958,-1.104852,0.191745,-2.877704
4.969988,0.473823,0.607173,0.165529,0.342792,-1.245593
4.973990,0.459957,0.570226,-0.143628,0.493931,2.404392
4.977991,0.497231,0.519800,-0.150234,0.645172,-1.810384
4.981993,2.022604,0.456903,0.801172,0.796523,-0.139095
4.985994,1.117186,0.382847,-0.072965,0.947992,1.678451
4.989996,1.138115,0.299226,-0.293866,1.099582,-2.211059
4.993998,1.942484,0.207891,0.736589,1.251294,0.311489
4.997999,0.105348,0.110900,-0.790525,1.403129,2.267761
5.002001,-0.164797,0.010481,-0.915164,1.555084,-2.211953
5.006002,1.342770,-0.091021,1.408625,1.707155,-0.437591
5.010004,0.544989,-0.191205,0.293668,1.859339,1.341329
5.014006,-1.701671,-0.287673,-0.812965,2.011628,-3.118145
5.018007,0.120238,-0.378085,0.156900,2.164017,-1.028783
5.022009,-1.171060,-0.460228,-0.141717,2.316499,2.565670
5.026010,0.011426,-0.532068,0.110277,2.469067,-1.074666
5.030012,-0.632546,-0.591807,-0.074644,2.621716,1.787077
5.034014,-0.721008,-0.637929,-0.498579,2.774439,-2.360909
5.038015,0.482969,-0.669241,0.773774,2.927230,-0.603948
5.042017,-0.273546,-0.684909,0.436868,3.080083,1.027490
5.046018,-0.978877,-0.684478,-0.350057,-3.050197,2.564831
5.050020,-1.210813,-0.667888,0.055328,-2.897243,1.234435
5.054022,-1.479438,-0.635479,-0.554507,-2.744253,2.566938
5.058023,-1.900633,-0.587987,-0.620062,-2.591233,-2.315382
5.062025,-0.160563,-0.526522,0.502789,-2.438198,-0.996142
5.066026,0.024199,-0.452544,0.782239,-2.285154,0.208199
5.070028,-0.055022,-0.367822,0.178712,-2.132114,1.289922
5.074030,-0.444971,-0.274393,-0.310685,-1.979084,2.206162
5.078031,-0.568021,-0.174503,-0.547109,-1.826075,3.019801
5.082033,0.010179,-0.070553,-0.382143,-1.673094,-2.134908
5.086034,0.719061,0.034963,0.640489,-1.520148,-0.650279
5.090036,0.902162,0.139522,0.294837,-1.367243,1.150879
5.094038,-0.497679,0.240635,-0.625964,-1.214383,-2.908899
5.098039,0.934093,0.335905,0.654245,-1.061575,-0.650523
5.102041,0.439046,0.423091,0.272041,-0.908818,1.299700
5.106042,-1.141692,0.500155,-0.958758,-0.756119,-3.125254
5.110044,0.758374,0.565313,0.311982,-0.603475,-1.098994
5.114046,-0.013141,0.617074,0.128107,-0.450891,1.349521
5.118047,0.183867,0.654275,-0.750936,-0.298365,-2.837468
5.122049,0.503080,0.676105,0.302365,-0.145903,-1.218361
5.126050,1.841650,0.682121,0.752702,0.006500,0.081816
5.130052,0.541861,0.672263,0.337769,0.158834,1.006905
5.134054,0.497100,0.646842,-0.200901,0.311107,1.858033
5.138055,-0.791044,0.606537,-0.797752,0.463310,2.938489
5.142057,-0.217075,0.552375,-0.450667,0.615452,-2.176682
5.146058,0.427448,0.485698,0.330234,0.767528,-1.036002
5.150060,0.336079,0.408134,0.436309,0.919547,-0.005093
5.154062,0.457041,0.321553,0.207838,1.071506,0.531450
5.158063,-0.283759,0.228026,0.264172,1.223414,0.725258
5.162065,-0.002572,0.129772,-0.121763,1.375271,1.785951
5.166066,-1.510221,0.029104,-0.625051,1.527085,3.076610
5.170068,-0.151838,-0.071621,-0.174165,1.678860,-1.941347
5.174070,-0.550554,-0.170060,0.143330,1.830601,-1.034516
5.178071,0.440115,-0.263938,0.238963,1.982318,-0.391531
5.182073,-0.211191,-0.351098,0.128371,2.134014,0.936293
5.186074,0.263588,-0.429552,-0.048890,2.285699,-2.209679
5.190076,-0.115950,-0.497522,0.353101,2.437372,0.357732
5.194078,-0.260083,-0.553490,-0.338142,2.589045,2.119898
5.198079,-1.521988,-0.596226,-0.556923,2.740711,-2.400039
5.202081,0.241883,-0.624821,0.581972,2.892381,-0.598030
5.206082,-1.010728,-0.638711,0.202268,3.044042,1.197378
5.210084,-1.015076,-0.637689,-0.321484,-3.087482,2.835156
5.214086,-1.151211,-0.621912,-0.132387,-2.935840,-2.857024
5.218087,-1.224087,-0.591897,-0.286137,-2.784210,-2.448255
5.222089,-0.443920,-0.548508,0.337931,-2.632613,-1.067453
5.226090,-0.215617,-0.492934,0.895781,-2.481049,0.425311
5.230092,-1.317210,-0.426654,-0.478836,-2.329542,1.995385
5.234094,-2.093176,-0.351406,-1.025721,-2.178095,-2.613214
5.238095,-0.199935,-0.269129,0.739185,-2.026735,-0.808557
5.242097,-0.268598,-0.181921,0.397656,-1.875473,1.109089
5.246098,-1.299488,-0.091974,-0.679940,-1.724335,3.008020
5.250100,-0.255075,-0.001517,-0.052890,-1.573341,-1.708263
5.254102,0.160672,0.087245,0.033914,-1.422517,-1.473980
5.258103,0.785850,0.172194,0.848767,-1.271889,-0.220564
5.262105,1.053866,0.251354,0.194849,-1.121481,1.419628
5.266106,-1.487750,0.322946,-1.381460,-0.971325,3.118493
5.270108,1.293494,0.385429,0.149298,-0.821442,-1.431263
5.274110,0.379143,0.437541,0.449304,-0.671871,0.473566
5.278111,0.581515,0.478324,-0.219055,-0.522627,-2.423026
5.282113,0.472367,0.507143,0.596787,-0.373757,-0.374772
5.286114,0.531589,0.523691,0.397148,-0.225272,1.013494
5.290116,-0.627782,0.527991,-0.361271,-0.077223,2.036960
5.294118,-1.224773,0.520377,-1.082159,0.070380,3.092665
5.298119,-0.501484,0.501477,-0.394985,0.217484,-1.860300
5.302121,1.488432,0.472181,1.343953,0.364077,-0.367534
5.306122,0.626410,0.433605,0.391639,0.510099,1.240252
5.310124,-0.488063,0.387054,-0.810254,0.655533,3.010952
5.314126,0.384224,0.333974,0.182348,0.800317,-1.197690
5.318127,0.113292,0.275904,0.198918,0.944423,1.027418
5.322129,-0.497283,0.214429,-0.267302,1.087789,2.907513
5.326130,-0.932284,0.151129,-0.079918,1.230379,-2.737975
5.330132,-0.904865,0.087536,-0.254807,1.372134,-2.421918
5.334134,-1.145226,0.025089,0.412601,1.513010,-0.852176
5.338135,-0.316186,-0.034900,0.541536,1.652955,0.768048
5.342137,-2.295455,-0.091274,-0.444448,1.791920,2.328053
5.346138,-1.188642,-0.143057,-0.326240,1.929866,-2.703835
5.350140,-1.848137,-0.189462,-0.260823,2.066743,-2.500134
5.354142,-0.642193,-0.229903,0.136332,2.202528,-1.359493
5.358143,-0.298987,-0.263984,0.837511,2.337174,0.199917
5.362145,-1.150085,-0.291496,-0.276963,2.470684,1.890778
5.366146,-1.733082,-0.312399,-0.704225,2.603017,-2.607066
5.370148,-0.705414,-0.326802,0.537424,2.734203,-0.795855
5.374150,-0.766930,-0.334940,0.420219,2.864217,0.949135
5.378151,-2.070124,-0.337148,-0.525957,2.993122,2.651054
5.382153,-1.090347,-0.333838,-0.053492,3.120915,-1.724070
5.386154,-1.349956,-0.325470,0.077632,-3.035486,1.306444
5.390156,-1.110204,-0.312534,-0.652857,-2.909680,-2.826366
5.394158,-0.667559,-0.295521,0.441133,-2.784706,-1.104283
5.398159,0.681705,-0.274914,0.814701,-2.660492,0.583795
5.402161,-1.542735,-0.251170,-0.483803,-2.536851,2.375804
5.406162,-0.547980,-0.224716,0.013272,-2.413673,-1.529738
5.410164,-1.089370,-0.195945,0.151553,-2.290744,1.194977
5.414166,-1.719027,-0.165217,-0.472097,-2.167925,2.996844
5.418167,-1.418822,-0.132871,-0.123858,-2.044999,-2.018401
5.422169,-1.631544,-0.099231,-0.129997,-1.921814,-1.994271
5.426170,-0.784996,-0.064615,0.477048,-1.798173,-0.814559
5.430172,-0.606367,-0.029352,0.723978,-1.673927,0.691280
5.434174,-1.996009,0.006214,-0.606183,-1.548915,2.263793
5.438175,-1.554080,0.041708,-0.552637,-1.423006,-2.395151
5.442177,-1.245855,0.076723,0.379791,-1.296089,-0.618025
5.446178,-0.643793,0.110812,-0.026751,-1.168057,1.657240
5.450180,-2.222860,0.143490,-0.392671,-1.038858,-2.548516
5.454182,0.080429,0.174240,0.412474,-0.908412,-1.022942
5.458183,-0.741706,0.202517,1.100045,-0.776723,0.414512
5.462185,-0.715560,0.227767,-0.511283,-0.643734,1.901582
5.466186,-2.920584,0.249437,-1.615077,-0.509499,-2.840570
5.470188,0.334844,0.266994,0.416747,-0.373981,-1.268014
5.474190,0.358675,0.279948,0.704455,-0.237274,0.283921
5.478191,0.113946,0.287870,0.133860,-0.099358,-0.045371
5.482193,0.636974,0.290415,0.459204,0.039645,0.839809
5.486194,-0.923687,0.287336,-0.776430,0.179741,2.618095
5.490196,-0.102021,0.278506,-0.026550,0.320800,-1.604047
5.494198,0.290091,0.263923,0.558651,0.462816,0.755179
5.498199,-1.326475,0.243721,-0.876491,0.605662,2.951001
5.502201,-0.053667,0.218169,0.189752,0.749325,-1.348148
5.506202,-0.073027,0.187674,0.469753,0.893686,0.664208
5.510204,-0.626937,0.152771,-0.319628,1.038723,3.057448
5.514206,-0.564109,0.114112,0.198518,1.184335,-0.516250
5.518207,-0.765185,0.072456,-0.127180,1.330486,2.763405
5.522209,-0.897077,0.028644,0.406294,1.477097,-0.621616
5.526210,-0.650233,-0.016414,0.338864,1.624121,1.221993
5.530212,-2.853113,-0.061766,-1.254571,1.771505,2.904845
5.534214,-1.304606,-0.106441,-0.247857,1.919192,-1.770000
5.538215,-0.415023,-0.149468,0.901722,2.067156,-0.241972
5.542217,-0.758079,-0.189900,0.231693,2.215331,1.115221
5.546218,-1.152355,-0.226834,-0.148124,2.363720,2.102625
5.550220,-1.350453,-0.259427,-0.270461,2.512245,-3.064524
5.554222,-1.104395,-0.286917,0.039648,2.660931,-1.444784
5.558223,-0.727822,-0.308635,0.426176,2.809695,0.177914
5.562225,-1.426651,-0.324018,-0.032981,2.958576,1.622987
5.566226,-1.753777,-0.332622,-0.887904,3.107491,3.030835
5.570228,-1.509082,-0.334128,-0.248138,-3.026694,-1.791650
5.574230,0.800657,-0.328350,1.196899,-2.877688,-0.267827
5.578231,-0.547836,-0.315238,0.291451,-2.728618,1.318925
5.582233,-1.209451,-0.294880,-0.945411,-2.579551,2.991341
5.586234,-0.389825,-0.267507,0.071514,-2.430431,-1.468664
5.590236,-0.180544,-0.233487,0.445172,-2.281310,0.576260
5.594238,-0.681164,-0.193332,-0.445493,-2.132140,2.661998
5.598239,-1.323591,-0.147686,-0.105571,-1.982956,-1.780569
5.602241,0.248481,-0.097329,0.445762,-1.833727,-0.251338
5.606242,-1.398951,-0.043165,0.263910,-1.684469,0.942554
5.610244,-0.698984,0.013783,-0.347850,-1.535168,2.202320
5.614246,-2.227627,0.072391,-0.603098,-1.385826,-2.490726
5.618247,0.176249,0.131445,0.657164,-1.236450,-0.669619
5.622249,-0.903263,0.189662,0.222032,-1.087025,1.302100
5.626251,-1.099066,0.245713,-0.761317,-0.937578,-2.948782
5.630252,-0.287759,0.298254,0.387219,-0.788080,-0.887102
5.634254,0.013203,0.345952,0.051614,-0.638575,1.432598
5.638255,-0.847296,0.387517,-0.150735,-0.489021,-2.026011
5.642257,0.463103,0.421741,0.427965,-0.339471,0.201328
5.646259,-1.086969,0.447528,-0.162394,-0.189878,2.116897
5.650260,-0.101104,0.463931,0.065239,-0.040297,-0.532188
5.654262,-0.899339,0.470181,-0.147441,0.109323,1.932785
5.658263,-0.855226,0.465722,-0.563999,0.258925,-2.815885
5.662265,-0.238369,0.450235,-0.020902,0.408560,-1.608829
5.666267,0.145274,0.423661,0.393030,0.558174,-0.806006
5.670268,0.748758,0.386215,0.749566,0.707810,0.227746
5.674270,-0.143374,0.338400,0.042022,0.857420,1.519112
5.678271,-0.690056,0.281004,-0.515402,1.007035,2.766399
5.682273,-0.181551,0.215096,-0.261544,1.156618,3.039521
5.686275,-0.660133,0.142007,-0.575805,1.306185,-2.827605
5.690276,0.560314,0.063305,0.007595,1.455710,-1.562423
5.694278,1.167326,-0.019238,0.919738,1.605194,-0.176839
5.698279,0.711949,-0.103688,0.173986,1.754622,1.313195
5.702281,-0.159740,-0.187997,-0.269058,1.903973,-2.869250
5.706283,0.326153,-0.270063,0.530636,2.053245,0.184758
5.710284,-0.816929,-0.347784,-0.328690,2.202397,1.891072
5.714286,-2.023146,-0.419125,-1.211720,2.351436,-2.849521
5.718287,-0.746682,-0.482183,0.216978,2.500307,-1.367333
5.722289,-0.192119,-0.535239,0.555278,2.649025,-0.060788
5.726291,-1.024552,-0.576821,0.253861,2.797526,-0.319435
5.730292,0.133296,-0.605745,0.645961,2.945830,0.441893
5.734294,-1.641431,-0.621156,-0.125806,3.093868,1.696136
5.738295,-1.579977,-0.622554,-1.129790,-3.041525,2.949813
5.742297,-1.858005,-0.609815,-0.553566,-2.894050,-2.036859
5.746299,0.616640,-0.583190,0.974767,-2.746871,-0.612461
5.750300,-0.116787,-0.543301,0.516410,-2.600060,0.991605
5.754302,-0.758667,-0.491118,-0.568993,-2.453598,2.970407
5.758303,0.394971,-0.427927,0.408770,-2.307549,-0.704585
5.762305,0.228802,-0.355293,0.167638,-2.161904,1.370133
5.766307,-0.619735,-0.275008,-1.025893,-2.016715,3.090349
5.770308,0.569766,-0.189035,0.011819,-1.871982,-1.558736
5.774310,1.506019,-0.099453,0.726883,-1.727745,0.084899
5.778311,1.029813,-0.008392,-0.119427,-1.584017,1.894610
5.782313,1.065779,0.082025,0.018223,-1.440821,-1.466394
5.786315,1.640471,0.169742,0.201595,-1.298180,0.950206
5.790316,0.845156,0.252826,-0.364802,-1.156102,2.640062
5.794318,1.116978,0.329508,-0.197817,-1.014620,-2.191214
5.798319,1.523125,0.398230,0.114209,-0.873726,-1.107092
5.802321,1.210553,0.457675,0.295867,-0.733461,0.041690
5.806323,1.475569,0.506791,-0.069112,-0.593803,1.755763
5.810324,-0.002072,0.544805,-0.410264,-0.454802,-2.535807
5.814326,2.015330,0.571231,0.553996,-0.316420,-0.629542
5.818327,0.465860,0.585867,0.363706,-0.178714,1.106535
5.822329,0.707937,0.588786,-0.681953,-0.041639,2.707958
5.826331,0.058908,0.580322,-0.277385,0.094747,-2.177761
5.830332,1.535305,0.561046,-0.030031,0.230493,-1.685800
5.834334,1.275457,0.531741,0.275728,0.365539,-1.014330
5.838335,2.361590,0.493377,0.681995,0.499935,0.446451
5.842337,1.124258,0.447072,-0.376482,0.633619,2.082892
5.846339,0.883145,0.394063,-0.448915,0.766636,-2.486179
5.850340,1.535866,0.335669,0.148428,0.898931,-0.810842
5.854342,0.603081,0.273255,-0.050632,1.030541,-1.789419
5.858343,1.480539,0.208199,0.683216,1.161424,-0.106033
5.862345,0.008675,0.141855,-0.087354,1.291607,1.655193
5.866347,-0.805134,0.075528,-1.105760,1.421065,-2.843700
5.870348,0.501512,0.010443,0.561820,1.549816,-0.988399
5.874350,0.629376,-0.052274,0.385770,1.677860,1.045351
5.878351,-0.522703,-0.111614,-0.636190,1.805205,-3.018172
5.882353,0.688676,-0.166697,0.336694,1.931876,-1.010168
5.886355,0.853947,-0.216777,0.461728,2.057869,0.584626
5.890356,0.248956,-0.261250,-0.062181,2.183238,1.699486
5.894358,0.077107,-0.299647,-0.586920,2.307963,2.795411
5.898359,-0.066846,-0.331638,-0.336719,2.432121,-2.016379
5.902361,1.542665,-0.357020,0.742181,2.555680,-0.307416
5.906363,0.297113,-0.375715,-0.027712,2.678732,1.613042
5.910364,0.048880,-0.387757,-0.481275,2.801229,-2.602252
5.914366,0.582556,-0.393287,0.372464,2.923276,-0.687342
5.918367,0.044085,-0.392545,0.205151,3.044805,0.763041
5.922369,0.125859,-0.385857,0.188710,-3.117263,0.818098
5.926371,-1.038630,-0.373628,-0.264575,-2.996644,1.977292
5.930372,-0.886448,-0.356335,-0.878291,-2.876424,-2.764062
5.934374,-0.453723,-0.334515,0.425553,-2.756707,-1.101998
5.938375,0.964806,-0.308754,0.494205,-2.637408,0.789097
5.942377,-1.277386,-0.279678,-0.580757,-2.518643,-3.089806
5.946379,1.371348,-0.247938,0.530482,-2.400344,-0.910595
5.950380,0.197107,-0.214199,0.796862,-2.282634,0.802984
5.954382,0.047896,-0.179126,-0.828086,-2.165472,2.316584
5.958383,-1.444643,-0.143372,-0.945061,-2.048980,-2.596855
5.962385,1.011304,-0.107567,0.190115,-1.933155,-1.362166
5.966387,0.462579,-0.072304,0.709509,-1.818117,-0.207255
5.970388,1.004510,-0.038132,0.306974,-1.703905,0.856178
5.974390,0.281389,-0.005539,0.139069,-1.590629,1.034931
5.978391,0.563451,0.025050,0.010549,-1.478374,1.554690
5.982393,-0.183752,0.053286,-1.009993,-1.367237,2.858360
5.986395,0.263302,0.078895,-0.477919,-1.257349,-2.006519
5.990396,2.286314,0.101686,0.637239,-1.148785,-0.652942
5.994398,1.498910,0.121548,0.335848,-1.041719,-0.146196
5.998399,2.696001,0.138451,0.781038,-0.936186,0.121333
6.002401,1.515989,0.152438,0.161372,-0.832384,1.445713
6.006403,0.128639,0.163619,-1.400003,-0.730281,2.864569
6.010404,0.733118,0.172161,-0.610230,-0.630069,-2.055322
6.014406,1.871424,0.178271,0.731248,-0.531628,-0.824395
6.018407,2.283843,0.182183,0.906549,-0.435116,0.330288
6.022409,0.987679,0.184146,-0.007196,-0.340300,1.578676
6.026411,0.677537,0.184408,-0.794779,-0.247275,2.900268
6.030412,0.497549,0.183203,-0.392550,-0.155678,-2.151849
6.034414,2.067194,0.180742,0.420645,-0.065524,-1.005312
6.038415,1.869214,0.177199,0.991727,0.023674,0.342188
6.042417,1.480292,0.172713,-0.405105,0.111977,1.881137
6.046419,-0.137880,0.167379,-1.332568,0.199958,-2.793306
6.050420,2.382814,0.161252,0.456869,0.287719,-1.187212
6.054422,2.454515,0.154348,0.732321,0.375861,0.340974
6.058423,1.574365,0.146656,0.034812,0.464476,1.459187
6.062425,1.998074,0.138140,-0.042510,0.554117,1.734920
6.066427,0.821761,0.128754,-0.267451,0.644824,3.115932
6.070428,2.245306,0.118450,0.085947,0.737045,-0.780385
6.074430,1.194239,0.107194,-0.104366,0.830744,2.120369
6.078431,2.379013,0.094971,-0.137024,0.926231,-2.654498
6.082433,1.841859,0.081801,-0.274688,1.023385,3.126308
6.086435,2.922520,0.067745,-0.137513,1.122364,-1.739687
6.090436,3.800720,0.052913,1.236248,1.222978,-0.108164
6.094438,3.117625,0.037464,-0.043498,1.325228,1.604096
6.098439,1.201786,0.021607,-0.951676,1.428878,-2.832200
6.102441,3.071279,0.005594,0.484581,1.533791,-0.614942
6.106443,1.311835,-0.010287,-0.233158,1.639716,2.034449
6.110444,1.603937,-0.025731,-0.269801,1.746396,-2.034366
6.114446,1.962565,-0.040422,0.519557,1.853591,-0.102194
6.118447,1.646345,-0.054054,0.011022,1.960925,1.532707
6.122449,1.687178,-0.066346,-0.029449,2.068177,1.693792
6.126451,1.185108,-0.077055,-0.656748,2.174842,2.925518
6.130452,1.583700,-0.085987,-0.238683,2.280696,-1.793590
6.134454,3.122994,-0.093014,1.204723,2.385075,-0.274528
6.138455,2.140442,-0.098073,0.507606,2.487715,1.101902
6.142457,1.174854,-0.101176,-0.503643,2.587735,2.190100
6.146459,0.830751,-0.102409,-0.813354,2.684758,3.007453
6.150460,0.957932,-0.101930,-0.629434,2.777605,-2.292341
6.154462,2.441140,-0.099964,0.413205,2.865703,-1.139682
6.158463,2.576477,-0.096793,0.842670,2.947497,0.049772
6.162465,2.292247,-0.092741,0.216307,3.022146,1.139347
6.166467,1.894357,-0.088160,0.135596,3.087693,1.098281
6.170468,1.285346,-0.083417,-0.161003,-3.140068,1.766502
6.174470,0.434595,-0.078873,-1.345749,-3.096806,-3.101425
6.178471,0.925203,-0.074869,0.054312,-3.066175,-1.535610
6.182473,3.329638,-0.071709,1.329859,-3.048965,0.101301
6.186475,0.827538,-0.069643,-0.166018,-3.043154,1.773078
6.190476,1.862699,-0.068854,-0.217773,-3.046134,-2.924031
6.194478,1.407328,-0.069449,-0.166948,-3.052122,2.246703
6.198479,1.396476,-0.071446,-0.362067,-3.055911,-2.462244
6.202481,2.009878,-0.074775,0.153959,-3.051414,-1.103225
6.206483,1.385982,-0.079275,0.185217,-3.035553,-0.936050
6.210484,2.068453,-0.084698,0.725324,-3.005890,0.157864
6.214486,0.647317,-0.090721,-0.107236,-2.962889,1.678051
6.218487,-0.413978,-0.096951,-0.908228,-2.906897,-3.025946
6.222489,0.799416,-0.102946,0.072310,-2.839856,-1.434793
6.226491,0.255800,-0.108229,0.094341,-2.762850,0.337377
6.230492,0.882409,-0.112308,-0.045409,-2.677797,-1.878511
6.234494,0.362012,-0.114693,0.068162,-2.585628,-1.086898
6.238495,0.953123,-0.114916,0.237317,-2.487820,-0.813657
6.242497,0.859843,-0.112547,0.629347,-2.385013,0.432271
6.246499,-0.231287,-0.107211,-0.252791,-2.278257,1.852115
6.250500,-0.883247,-0.098606,-0.878144,-2.167978,-2.961796
6.254502,-0.301495,-0.086515,0.072561,-2.054900,-1.458796
6.258503,0.383444,-0.070816,0.277347,-1.939317,0.022026
6.262505,0.120623,-0.051490,0.099186,-1.821707,-0.676567
6.266507,0.800956,-0.028626,0.301041,-1.702290,0.818025
6.270508,0.027047,-0.002423,-0.663063,-1.581358,2.671231
6.274510,0.389614,0.026816,-0.232647,-1.459089,-1.798575
6.278511,2.002427,0.058680,1.149550,-1.335628,-0.086732
6.282513,0.397396,0.092659,0.056241,-1.211135,1.512137
6.286515,0.104982,0.128152,-0.446569,-1.085642,2.805269
6.290516,-0.261870,0.164472,-0.356998,-0.959302,2.660770
6.294518,-0.239341,0.200856,-0.659895,-0.832067,-2.454820
6.298519,0.639410,0.236477,0.585051,-0.704088,-0.917093
6.302521,0.916053,0.270457,0.475423,-0.575263,0.743087
6.306523,-0.338050,0.301881,-0.151121,-0.445745,-2.964347
6.310524,0.462939,0.329819,0.468027,-0.315395,0.286874
6.314526,-1.006245,0.353340,-0.293922,-0.184361,2.008180
6.318527,-1.283581,0.371537,-0.460485,-0.052488,-2.632373
6.322529,-0.917983,0.383549,0.082135,0.080086,-0.843227
6.326531,-1.553764,0.388587,-0.267763,0.213516,-2.801440
6.330532,-0.729086,0.385962,0.138568,0.347673,-1.278875
6.334534,-0.773650,0.375114,0.458152,0.482700,-0.002262
6.338535,-0.410149,0.355643,0.255040,0.618480,0.934428
6.342537,-1.286828,0.327333,-0.244051,0.755129,2.050848
6.346539,-0.983781,0.290185,-0.486718,0.892550,-2.706606
6.350540,-0.581424,0.244430,0.274039,1.030825,-0.735482
6.354542,-0.438987,0.190554,-0.161032,1.169880,2.053576
6.358543,-0.896343,0.129298,-0.247389,1.309761,-2.004874
6.362545,0.338560,0.061668,0.650226,1.450419,-0.118660
6.366547,-0.748386,-0.011078,-0.142651,1.591863,1.905877
6.370548,-0.718187,-0.087450,0.095661,1.734071,-1.275016
6.374550,-0.438726,-0.165749,0.362214,1.877013,1.040622
6.378551,-2.183613,-0.244109,-0.891803,2.020695,2.831654
6.382553,-1.178211,-0.320546,-0.149712,2.165057,-1.757851
6.386555,-0.918352,-0.393009,0.402643,2.310128,-0.082067
6.390556,-1.256144,-0.459444,-0.035618,2.455823,-2.371899
6.394558,-1.041149,-0.517857,0.287191,2.602192,-0.331564
6.398559,-1.268223,-0.566383,0.229588,2.749129,0.867308
6.402561,-1.882028,-0.603350,-0.079613,2.896698,1.742321
6.406563,-2.543697,-0.627342,-0.732537,3.044780,2.998956
6.410564,-2.616467,-0.637259,-0.156621,-3.089742,-1.739488
6.414566,-1.130949,-0.632365,0.890152,-2.940619,-0.092945
6.418567,-2.717312,-0.612326,0.000037,-2.790973,1.570734
6.422569,-2.128418,-0.577237,-0.081194,-2.640919,2.840370
6.426571,-2.569217,-0.527631,-0.180734,-2.490404,1.923052
6.430572,-2.792283,-0.464479,-0.965589,-2.339531,-2.768300
6.434574,-1.307496,-0.389167,0.488314,-2.188261,-1.192705
6.438575,-0.220960,-0.303466,1.250033,-2.036681,0.334356
6.442577,-1.567928,-0.209480,-0.237965,-1.884770,1.792529
6.446579,-1.845614,-0.109588,-0.701616,-1.732589,3.136359
6.450580,-1.122144,-0.006371,-0.182101,-1.580143,-2.193644
6.454582,-1.079798,0.097463,-0.207821,-1.427464,-2.306721
6.458583,-0.313458,0.199165,0.130631,-1.274584,-1.348821
6.462585,-0.005599,0.296031,0.753890,-1.121508,-0.127287
6.466587,0.509815,0.385484,0.418780,-0.968292,1.018035
6.470588,-1.146128,0.465159,-0.399091,-0.814914,2.042856
6.474590,-0.455435,0.532975,-1.093126,-0.661453,-3.091850
6.478591,-0.628861,0.587199,-0.194150,-0.507864,-1.726515
6.482593,2.201988,0.626499,1.128934,-0.354247,-0.226517
6.486595,0.370850,0.649985,0.179575,-0.200536,1.345800
6.490596,0.674275,0.657233,-0.330925,-0.046845,2.923367
6.494598,0.577431,0.648291,-0.056144,0.106900,2.383668
6.498599,0.181767,0.623675,-0.234233,0.260583,-2.541290
6.502601,0.990284,0.584345,0.329354,0.414283,-0.525986
6.506603,-0.186976,0.531663,0.008966,0.567889,1.551834
6.510604,-0.057807,0.467344,-0.532863,0.721472,-2.804726
6.514606,-0.189751,0.393395,0.300685,0.874938,-1.039557
6.518607,0.750560,0.312044,0.448354,1.028344,0.594490
6.522609,-0.702514,0.225664,-0.218558,1.181617,2.099688
6.526611,-0.079090,0.136697,-0.283804,1.334794,-2.809479
6.530612,-0.313567,0.047575,-0.006303,1.487830,-1.614372
6.534614,-0.011457,-0.039356,-0.069843,1.640733,-2.451073
6.538615,-0.125734,-0.121900,0.051208,1.793491,-1.421414
6.542617,0.302401,-0.198078,0.591409,1.946079,0.029629
6.546619,-0.237668,-0.266175,-0.007822,2.098521,1.581615
6.550620,-1.305703,-0.324783,-0.668632,2.250754,-3.048108
6.554622,-0.047879,-0.372829,0.184690,2.402839,-1.176703
6.558623,-0.420295,-0.409593,0.148419,2.554676,1.150688
6.562625,-0.350275,-0.434709,-0.439135,2.706361,-2.940741
6.566627,0.057773,-0.448154,0.184239,2.857765,-1.181074
6.570628,0.898117,-0.450234,0.342881,3.009013,0.394475
6.574630,0.183570,-0.441546,-0.055168,-3.123233,1.917233
6.578631,0.928240,-0.422946,0.054507,-2.972457,-0.614303
6.582633,0.608097,-0.395502,0.167229,-2.822007,0.868329
6.586635,0.912744,-0.360449,-0.203889,-2.671732,2.010554
6.590636,-0.025250,-0.319136,-0.752349,-2.521792,-3.092016
6.594638,1.026167,-0.272981,-0.273641,-2.372045,-1.836277
6.598639,2.060753,-0.223422,1.097357,-2.222629,-0.517872
6.602641,2.003144,-0.171875,0.869242,-2.073426,0.848193
6.606643,0.208282,-0.119696,-0.706919,-1.924540,2.244278
6.610644,0.142926,-0.068145,-0.660863,-1.775887,-2.642289
6.614646,0.978953,-0.018368,0.079260,-1.627521,-1.321316
6.618647,0.981107,0.028630,0.026507,-1.479413,-0.741148
6.622649,1.024124,0.071992,-0.078632,-1.331553,-2.575952
6.626651,1.359549,0.111018,-0.075993,-1.183973,-1.826326
6.630652,1.430202,0.145168,0.410568,-1.036593,-0.544666
6.634654,1.659540,0.174054,0.276800,-0.889511,0.702428
6.638655,0.882565,0.197437,0.297096,-0.742565,0.269659
6.642657,1.072028,0.215213,0.230747,-0.595915,1.345739
6.646659,-0.835735,0.227399,-1.542214,-0.449326,2.861799
6.650660,0.457537,0.234119,-0.381159,-0.303013,-1.809720
6.654662,2.569987,0.235590,0.992142,-0.156682,-0.047054
6.658663,1.170689,0.232106,-0.378291,-0.010595,2.919341
6.662665,2.589800,0.224026,0.684120,0.135577,-0.765457
6.666667,2.639578,0.211764,0.658685,0.281542,0.954582
6.670668,0.469376,0.195776,-0.602520,0.427640,2.521226
6.674670,1.643817,0.176551,-0.148258,0.573582,-3.052507
6.678671,0.045726,0.154599,-0.390479,0.719689,3.118351
6.682673,1.784149,0.130444,0.041578,0.865708,-1.448095
6.686675,1.045169,0.104617,-0.100943,1.011913,1.935448
6.690676,1.513839,0.077648,-0.541278,1.158104,-2.309207
6.694678,3.020597,0.050062,0.812780,1.304471,-0.728283
6.698679,2.620961,0.022377,0.688052,1.450888,0.748468
6.702681,1.876882,-0.004904,-0.201887,1.597421,2.067201
6.706683,1.332536,-0.031299,0.162950,1.744031,1.022504
6.710684,0.352713,-0.056353,-0.596064,1.890643,2.255152
6.714686,-0.383544,-0.079643,-1.073901,2.037319,-2.545055
6.718687,0.785905,-0.100792,0.663228,2.183847,-0.988775
6.722689,1.455510,-0.119466,0.555738,2.330396,0.601159
6.726691,0.309341,-0.135388,0.127876,2.476636,-0.220488
6.730692,1.437626,-0.148335,0.401774,2.622833,1.097384
6.734694,-0.593749,-0.158140,-1.380399,2.768560,2.892449
6.738695,0.641851,-0.164694,0.064126,2.914157,-1.532335
6.742697,2.848104,-0.167945,1.513557,3.059134,0.356886
6.746699,-0.850183,-0.167896,-0.852172,-3.079308,2.269110
6.750700,0.924423,-0.164601,-0.431650,-2.935314,-2.058836
6.754702,0.541908,-0.158161,0.560482,-2.791672,-0.027749
6.758703,0.748255,-0.148720,-0.137057,-2.648877,1.993004
6.762705,0.343182,-0.136461,-0.173293,-2.506560,-2.638146
6.766707,0.366646,-0.121602,-0.020392,-2.365151,-1.723900
6.770708,1.060357,-0.104386,0.071746,-2.224333,-1.131715
6.774710,0.593566,-0.085085,0.313263,-2.084434,-0.162257
6.778711,1.116502,-0.063986,0.150814,-1.945214,1.277671
6.782713,0.079239,-0.041395,-0.633333,-1.806867,3.011013
6.786715,0.922368,-0.017628,0.218309,-1.669245,-1.222875
6.790716,1.783482,0.006985,0.377471,-1.532396,1.055697
6.794718,-0.495055,0.032106,-1.066046,-1.396267,3.056813
6.798719,1.654319,0.057384,0.028227,-1.260761,-1.547945
6.802721,1.516510,0.082462,1.115813,-1.125917,-0.166628
6.806723,1.712923,0.106970,0.701000,-0.991510,0.845379
6.810724,-0.350539,0.130528,-0.411770,-0.857658,1.884191
6.814726,-1.290077,0.152741,-1.596919,-0.724032,-3.072537
6.818727,-0.108027,0.173206,-0.055848,-0.590825,-1.607868
6.822729,1.335268,0.191508,1.042450,-0.457643,-0.096599
6.826731,0.282840,0.207230,0.077923,-0.324741,1.389807
6.830732,0.722873,0.219956,0.086144,-0.191702,0.465124
6.834734,0.423002,0.229286,-0.032232,-0.058818,1.669931
6.838735,0.485940,0.234845,-0.261097,0.074322,-2.965364
6.842737,0.641007,0.236296,0.054974,0.207414,0.192039
6.846739,0.329655,0.233357,-0.343495,0.340840,3.112836
6.850740,0.948764,0.225812,0.122955,0.474308,-1.367810
6.854742,1.275890,0.213527,0.686235,0.608148,0.446813
6.858743,0.631766,0.196463,-0.528368,0.742103,2.291492
6.862745,0.010888,0.174688,-0.407674,0.876435,-2.162100
6.866747,1.764561,0.148385,0.485309,1.010939,-0.393637
6.870748,0.233929,0.117855,0.051959,1.145800,1.294593
6.874750,1.264218,0.083524,0.170701,1.280878,-0.252866
6.878752,0.363924,0.045935,0.149976,1.416276,1.219765
6.882753,0.603336,0.005748,-0.434549,1.551925,2.500169
6.886755,0.202585,-0.036278,-0.551338,1.687843,-2.654765
6.890756,1.564813,-0.079294,0.157207,1.824035,-1.356421
6.894758,2.063641,-0.122381,0.697654,1.960437,0.308256
6.898760,1.040674,-0.164576,-0.546339,2.097117,2.492579
6.902761,1.395612,-0.204890,0.038493,2.233937,-1.531688
6.906763,2.145669,-0.242342,1.252829,2.371015,0.333838
6.910764,0.388100,-0.275985,-0.523859,2.508150,2.008176
6.914766,-0.626335,-0.304941,-0.575124,2.645496,-2.825129
6.918768,0.369125,-0.328425,-0.462005,2.782804,2.849864
6.922769,-0.726773,-0.345777,-0.665402,2.920257,-2.105573
6.926771,2.541956,-0.356482,1.459585,3.057577,-0.481915
6.930772,1.270951,-0.360189,0.451562,-3.088221,1.236012
6.934774,0.246236,-0.356718,-0.728883,-2.951050,-3.099139
6.938776,2.014756,-0.346074,0.407887,-2.813898,-0.087022
6.942777,0.136111,-0.328439,-0.495939,-2.677037,2.313235
6.946779,1.405152,-0.304172,-0.464959,-2.540289,-2.127535
6.950780,1.616154,-0.273796,0.790427,-2.403900,-0.358883
6.954782,2.005621,-0.237980,0.113995,-2.267723,1.423246
6.958784,0.918845,-0.197521,-0.735085,-2.131964,-3.046323
6.962785,2.245817,-0.153317,0.251910,-1.996518,-1.189354
6.966787,2.753086,-0.106341,0.348577,-1.861537,0.819233
6.970788,1.971755,-0.057611,-0.337973,-1.726967,-2.860881
6.974790,3.074212,-0.008164,0.559579,-1.592893,-0.181456
6.978792,2.545733,0.040974,-0.253142,-1.459318,1.864011
6.982793,1.335182,0.088813,-0.834419,-1.326254,-2.554756
6.986795,3.840791,0.134422,0.654450,-1.193761,-0.756715
6.990796,2.283937,0.176949,0.363489,-1.061777,0.979026
6.994798,2.791156,0.215637,-0.341471,-0.930417,2.587737
6.998800,1.844367,0.249838,-0.176071,-0.799548,-2.253681
7.002801,2.912592,0.279019,0.240017,-0.669333,-0.617082
7.006803,2.416373,0.302770,0.098706,-0.539576,1.308198
7.010804,1.749388,0.320802,-0.499009,-0.410476,-3.011669
7.014806,2.825524,0.332951,0.280054,-0.281787,-1.117336
7.018808,2.824307,0.339169,0.604667,-0.153737,0.681324
7.022809,1.872617,0.339522,-0.665761,-0.026039,2.389570
7.026811,1.864362,0.334181,-0.617035,0.101064,-2.233274
7.030812,3.090215,0.323414,0.833191,0.227881,-0.558380
7.034814,2.842055,0.307576,0.277090,0.354172,1.214336
7.038816,1.346270,0.287101,-0.509039,0.480246,-2.983580
7.042817,2.657598,0.262487,0.425078,0.605885,-0.425289
7.046819,1.675060,0.234291,-0.079758,0.731384,1.702513
7.050820,1.319834,0.203113,-0.531466,0.856558,-2.772102
7.054822,2.368477,0.169587,0.189178,0.981669,-0.926098
7.058824,1.671069,0.134374,-0.109302,1.106582,2.231758
7.062825,2.406546,0.098148,-0.189641,1.231506,-2.009783
7.066827,2.315422,0.061587,0.525131,1.356365,-0.624864
7.070828,2.949596,0.025366,0.629201,1.481294,0.596298
7.074830,1.531938,-0.009859,-0.121814,1.606284,1.720574
7.078832,0.721718,-0.043458,-0.829600,1.731381,2.775163
7.082833,0.794073,-0.074840,-0.757322,1.856656,-2.382460
7.086835,1.515556,-0.103470,0.568411,1.982060,-1.063659
7.090836,2.381847,-0.128871,0.984468,2.107749,0.443095
7.094838,0.169935,-0.150647,-0.445701,2.233576,2.181130
7.098840,0.761789,-0.168481,-0.128790,2.359786,-1.829493
7.102841,0.984251,-0.182153,0.565050,2.486133,0.505310
7.106843,-0.134754,-0.191538,-0.507413,2.612952,2.219624
7.110844,-0.321662,-0.196617,-0.784742,2.739902,-2.642052
7.114846,0.574818,-0.197475,0.204350,2.867408,-1.339969
7.118848,1.486229,-0.194301,0.855679,2.995050,0.027222
7.122849,0.602947,-0.187379,-0.000534,3.123340,1.571568
7.126851,0.175856,-0.177085,-0.389918,-3.031389,-2.863299
7.130852,0.721322,-0.163874,0.227585,-2.902181,-0.154148
7.134854,0.068417,-0.148269,-0.255054,-2.772739,2.434888
7.138856,0.058290,-0.130845,-0.033334,-2.642422,-1.655201
7.142857,0.631762,-0.112217,0.359574,-2.511744,0.646992
7.146859,-0.772459,-0.093019,-0.581300,-2.380022,2.829410
7.150860,0.542626,-0.073888,0.060989,-2.247700,-1.492962
7.154862,0.584507,-0.055445,0.813261,-2.114045,0.381421
7.158864,0.123631,-0.038276,-0.555744,-1.979295,2.249866
7.162865,-0.606014,-0.022914,-0.486351,-1.842587,-2.174349
7.166867,1.383912,-0.009822,0.747603,-1.703604,-0.403073
7.170868,0.446085,0.000621,0.283187,-1.560930,1.177767
7.174870,-0.194102,0.008131,-0.539130,-1.412387,2.492764
7.178872,-0.007451,0.012533,-0.628055,-1.253354,-2.638424
7.182873,-0.025719,0.013762,0.112785,-1.070653,-1.430953
7.186875,1.747104,0.011866,0.793147,-0.820684,-0.198593
7.190876,-0.226435,0.007009,0.442056,-0.184251,0.896320
7.194878,0.895974,-0.000536,-0.144794,1.634323,1.790364
7.198880,-1.424303,-0.010399,-0.665683,2.144979,2.734150
7.202881,0.660146,-0.022116,-0.598694,2.380048,-2.523681
7.206883,-0.161181,-0.035154,-0.023926,2.557757,-1.603933
7.210884,2.304118,-0.048920,0.701449,2.716474,-0.634957
7.214886,1.415393,-0.062781,0.840513,2.864919,0.666689
7.218888,0.674914,-0.076087,-0.712360,3.009012,2.273139
7.222889,0.231273,-0.088189,-0.506660,-3.133908,-2.102648
7.226891,1.449117,-0.098463,0.991622,-2.995136,0.026217
7.230892,0.101038,-0.106335,-0.527695,-2.858408,2.079128
7.234894,-0.996270,-0.111297,-0.659861,-2.722392,-2.265341
7.238896,1.452577,-0.112932,0.745185,-2.587753,-0.298624
7.242897,-0.361501,-0.110923,-0.126551,-2.453631,1.823013
7.246899,0.578635,-0.105068,-0.256684,-2.320594,-2.421148
7.250900,0.601706,-0.095286,0.061401,-2.188083,-1.333228
7.254902,1.326919,-0.081617,0.540947,-2.056514,-0.325114
7.258904,1.498831,-0.064221,0.268615,-1.925552,1.304403
7.262905,-0.539886,-0.043369,-1.341158,-1.795453,3.082856
7.266907,1.794286,-0.019436,0.307016,-1.666064,-1.356324
7.270908,2.333636,0.007117,1.136118,-1.537489,0.534253
7.274910,0.758441,0.035754,-0.806832,-1.409722,2.485232
7.278912,1.852391,0.065885,-0.044234,-1.282729,-1.640403
7.282913,1.960087,0.096885,0.251154,-1.156621,1.037191
7.286915,1.823540,0.128105,-0.672417,-1.031243,-2.948259
7.290916,2.001373,0.158895,0.303118,-0.906796,-1.135752
7.294918,2.916366,0.188619,0.391452,-0.783026,0.405619
7.298920,1.543952,0.216663,0.194360,-0.660193,-0.046729
7.302921,2.382335,0.242451,0.396595,-0.537965,0.956636
7.306923,0.520727,0.265448,-0.690079,-0.416638,2.404357
7.310924,0.955334,0.285174,-0.634091,-0.295830,-2.513663
7.314926,1.768529,0.301199,-0.020351,-0.175850,-1.614999
7.318928,1.988384,0.313152,0.207772,-0.056292,-1.152250
7.322929,3.012641,0.320723,0.592669,0.062534,-0.060729
7.326931,2.362639,0.323666,0.244669,0.181033,0.887034
7.330932,2.507914,0.321795,0.246734,0.298916,1.047136
7.334934,1.621977,0.314993,-0.570531,0.416571,2.234348
7.338936,0.851522,0.303201,-0.880274,0.533748,-2.532745
7.342937,2.588221,0.286425,0.491682,0.650805,-0.916783
7.346939,1.821403,0.264730,0.181352,0.767544,0.857835
7.350940,1.958897,0.238243,0.121674,0.884275,-1.097638
7.354942,2.340138,0.207151,0.431604,1.000861,0.661807
7.358944,1.086423,0.171704,-0.316383,1.117551,2.253770
7.362945,1.882094,0.132215,-0.240372,1.234274,-2.834169
7.366947,0.838107,0.089061,-0.238010,1.351212,-2.570865
7.370948,2.463669,0.042685,0.228599,1.468356,-1.082914
7.374950,1.316448,-0.006402,0.366491,1.585819,0.902193
7.378952,1.469964,-0.057620,-0.767361,1.703652,3.083929
7.382953,1.196268,-0.110321,0.401264,1.821894,-1.194391
7.386955,3.138369,-0.163790,1.111231,1.940650,0.606500
7.390956,-0.221692,-0.217248,-0.904747,2.059889,2.296012
7.394958,0.950385,-0.269858,-0.766546,2.179760,-2.358235
7.398960,1.327675,-0.320733,0.438439,2.300172,-0.739805
7.402961,1.402168,-0.368948,-0.022619,2.421309,1.827506
7.406963,1.346910,-0.413555,0.171551,2.543027,-1.203936
7.410964,1.845076,-0.453595,0.805267,2.665535,0.370143
7.414966,0.685582,-0.488119,-0.399697,2.788649,1.945760
7.418968,-0.377092,-0.516214,-0.993826,2.912589,-2.674167
7.422969,1.354195,-0.537019,0.611692,3.037144,-0.854450
7.426971,0.608880,-0.549755,0.198207,-3.120651,1.269255
7.430972,0.151049,-0.553749,-0.472078,-2.994648,-2.488599
7.434974,1.234517,-0.548456,0.770292,-2.867822,-0.125566
7.438976,0.495904,-0.533487,-0.372252,-2.740392,1.973753
7.442977,0.065262,-0.508623,-0.646609,-2.612169,-2.289175
7.446979,2.010422,-0.473839,0.845876,-2.483352,-0.256019
7.450980,0.949473,-0.429315,-0.177128,-2.353785,1.829208
7.454982,0.769202,-0.375447,-0.336126,-2.223635,-2.339394
7.458984,1.681338,-0.312853,0.221480,-2.092786,-0.085360
7.462985,0.472826,-0.242371,-0.173770,-1.961366,-2.585284
7.466987,1.843626,-0.165056,0.454936,-1.829307,-0.506820
7.470988,0.558032,-0.082171,0.296574,-1.696689,1.143220
7.474990,0.416621,0.004838,-0.617582,-1.563499,2.613391
7.478992,0.052457,0.094358,-0.427586,-1.429771,-2.428406
7.482993,0.760122,0.184645,-0.020599,-1.295543,-1.616776
7.486995,1.608661,0.273857,0.407333,-1.160803,-0.837415
7.490996,1.558304,0.360098,0.798230,-1.025642,0.419638
7.494998,1.462281,0.441466,-0.357395,-0.890004,1.940350
7.499000,0.312003,0.516100,-0.732616,-0.754023,-2.626067
7.503001,2.471645,0.582232,0.456670,-0.617605,-0.509943
7.507003,1.372652,0.638237,-0.329554,-0.480916,2.263006
7.511004,1.660526,0.682680,-0.230579,-0.343837,-1.865032
7.515006,3.164823,0.714361,0.842927,-0.206554,-0.063253
7.519008,1.636726,0.732355,0.001150,-0.068928,1.568767
7.523009,2.276433,0.736042,-0.109470,0.068844,2.234972
7.527011,1.043750,0.725129,-0.406650,0.206910,2.533882
7.531012,1.566541,0.699669,-0.446615,0.345077,-2.178274
7.535014,2.108362,0.660056,0.688927,0.483491,-0.502656
7.539016,1.836620,0.607029,0.205177,0.621975,1.169402
7.543017,1.364300,0.541650,-0.096239,0.760659,2.496415
7.547019,1.309812,0.465281,-0.040676,0.899393,1.703288
7.551020,0.974125,0.379552,-0.543452,1.038279,-3.045907
7.555022,0.948668,0.286318,-0.005405,1.177208,-1.581103
7.559024,1.691543,0.187611,0.290080,1.316245,-0.580052
7.563025,0.725269,0.085589,0.435322,1.455324,-0.001057
7.567027,1.007127,-0.017519,0.155787,1.594467,1.306896
7.571028,-0.691086,-0.119472,-0.465242,1.733659,3.017881
7.575030,0.435821,-0.218076,0.276106,1.872874,-0.324919
7.579032,-0.305466,-0.311235,-0.374656,2.012149,2.054054
7.583033,-1.222147,-0.397006,-1.091898,2.151412,-2.571302
7.587035,1.628548,-0.473643,0.747962,2.290749,-1.047632
7.591036,1.097159,-0.539638,1.294246,2.430045,0.427946
7.595038,0.637190,-0.593750,-0.455099,2.569428,1.962503
7.599040,-1.288953,-0.635034,-0.752759,2.708743,-2.515385
7.603041,1.358253,-0.662855,0.867996,2.848150,-0.325122
7.607043,-1.189400,-0.676897,-0.192298,2.987463,1.727498
7.611044,-1.275485,-0.677165,-1.306098,3.126861,-2.738865
7.615046,-0.562084,-0.663976,0.635061,-3.017051,-0.996867
7.619048,0.508443,-0.637946,0.353777,-2.877715,0.772270
7.623049,-0.892704,-0.599961,0.219419,-2.738530,-0.879188
7.627051,0.828126,-0.551148,0.560563,-2.599320,0.946637
7.631052,-1.661391,-0.492841,-1.003891,-2.460288,2.735304
7.635054,-0.036711,-0.426539,-0.050344,-2.321278,-1.639899
7.639056,0.298502,-0.353860,0.081025,-2.182470,1.284161
7.643057,-0.555440,-0.276503,-0.324861,-2.043744,-2.104103
7.647059,1.656296,-0.196195,0.761914,-1.905238,-0.162151
7.651060,-0.198125,-0.114655,-0.090116,-1.766880,1.792370
7.655062,1.152140,-0.033551,0.323873,-1.628751,-0.206025
7.659064,0.088111,0.045539,-0.254357,-1.490836,1.828274
7.663065,-0.577109,0.121153,-1.143821,-1.353146,-2.596809
7.667067,1.783137,0.191971,0.952467,-1.215729,-0.688948
7.671068,0.986904,0.256839,0.154753,-1.078523,1.386876
7.675070,0.652406,0.314776,-0.351261,-0.941634,-2.380023
7.679072,1.673357,0.364987,0.406039,-0.804923,0.610823
7.683073,-0.101217,0.406862,-0.828388,-0.668551,3.052890
7.687075,1.478674,0.439973,0.402422,-0.532302,-1.229202
7.691076,1.432288,0.464068,1.188495,-0.396380,0.545776
7.695078,-0.360715,0.479058,-0.745658,-0.260503,2.174281
7.699080,-0.867798,0.485004,-0.898305,-0.124900,-2.585832
7.703081,0.486643,0.482103,0.360368,0.010759,-1.084250
7.707083,0.783886,0.470677,0.447744,0.146235,0.593500
7.711084,0.281100,0.451154,-0.377760,0.281885,2.601278
7.715086,0.747665,0.424063,-0.066032,0.417476,-1.712938
7.719088,1.706355,0.390021,0.427824,0.553363,-0.003593
7.723089,0.996273,0.349725,0.020305,0.689341,1.490994
7.727091,1.260908,0.303948,-0.021649,0.825734,1.909579
7.731092,0.852289,0.253529,-0.060631,0.962383,1.922131
7.735094,0.583947,0.199365,-0.268815,1.099560,-3.111298
7.739096,1.052927,0.142407,-0.032888,1.237169,-1.670852
7.743097,1.026088,0.083650,0.393922,1.375409,0.053760
7.747099,1.331805,0.024126,-0.184438,1.514260,1.951363
7.751100,0.372843,-0.035110,-0.455284,1.653832,-2.478263
7.755102,2.004197,-0.092989,0.374791,1.794191,-0.674758
7.759104,1.015897,-0.148444,-0.009556,1.935341,1.636226
7.763105,1.354397,-0.200426,0.268259,2.077439,-0.960422
7.767107,1.587939,-0.247923,0.690161,2.220379,0.765841
7.771108,-0.367507,-0.289983,-0.819930,2.364401,2.346668
7.775110,-0.090239,-0.325732,-0.811433,2.509299,-2.469737
7.779112,0.687424,-0.354401,0.237690,2.655381,-1.232948
7.783113,1.303636,-0.375344,0.500419,2.802357,-0.357037
7.787115,1.299925,-0.388062,0.442812,2.950589,0.621259
7.791116,0.846844,-0.392218,-0.126268,3.099722,1.822778
7.795118,0.571814,-0.387655,-0.429309,-3.033044,2.983187
7.799120,0.779412,-0.374402,-0.230422,-2.881725,-2.100501
7.803121,1.285564,-0.352690,0.436614,-2.729135,-0.596092
7.807123,1.175520,-0.322948,0.222043,-2.575663,1.149004
7.811124,0.447686,-0.285803,-0.452731,-2.420984,3.075552
7.815126,1.134755,-0.242074,0.185729,-2.265451,-0.946916
7.819128,1.375368,-0.192754,-0.009106,-2.108826,1.600471
7.823129,0.832479,-0.138992,-0.264629,-1.951391,-2.540041
7.827131,2.001248,-0.082071,0.143094,-1.793021,-0.526732
7.831132,1.137485,-0.023371,-0.144768,-1.633898,-2.782426
7.835134,1.901263,0.035657,0.200273,-1.474029,-1.023786
7.839136,1.746279,0.093533,0.440560,-1.313476,0.164589
7.843137,1.534124,0.148786,0.381434,-1.152383,0.931243
7.847139,0.720770,0.199994,-0.582041,-0.990683,2.106812
7.851140,-0.202402,0.245826,-1.400559,-0.828655,-2.720709
7.855142,2.048399,0.285075,0.563091,-0.666107,-1.187417
7.859144,2.996570,0.316701,0.965185,-0.503430,0.310605
7.863145,1.785491,0.339864,0.118928,-0.340335,1.248733
7.867147,2.850070,0.353948,0.101692,-0.177287,1.395773
7.871148,0.824303,0.358588,-0.831727,-0.013928,2.887488
7.875150,2.766936,0.353679,-0.036793,0.149247,-1.622707
7.879152,1.693410,0.339385,0.187926,0.312628,0.825595
7.883153,2.263697,0.316136,-0.262797,0.475734,-2.019303
7.887155,2.399551,0.284613,1.190000,0.638942,-0.040977
7.891156,1.982828,0.245728,-0.332096,0.801835,1.792429
7.895158,-0.389838,0.200599,-1.307670,0.964729,-2.669368
7.899160,2.935894,0.150512,0.802455,1.127313,-0.802380
7.903161,1.242821,0.096883,0.325740,1.289801,1.157946
7.907163,0.958206,0.041210,-0.638719,1.452021,3.044809
7.911164,0.847665,-0.014969,-0.149615,1.614055,-1.799137
7.915166,1.330647,-0.070127,0.797732,1.775881,-0.565533
7.919168,1.685716,-0.122789,0.932969,1.937435,0.818690
7.923169,-1.546523,-0.171580,-1.084964,2.098850,2.290915
7.927171,-0.943898,-0.215264,-1.319156,2.259912,-2.505510
7.931172,0.097285,-0.252772,0.711363,2.420897,-1.031715
7.935174,1.141558,-0.283234,0.921494,2.581462,0.440183
7.939176,-0.280964,-0.305994,-0.270333,2.742000,1.989746
7.943177,-0.143980,-0.320619,-0.325639,2.902068,-2.453711
7.947179,1.109392,-0.326899,0.390287,3.062137,-0.333783
7.951180,0.191926,-0.324849,0.066727,-3.061484,1.451571
7.955182,0.545213,-0.314688,-0.672055,-2.901921,2.964062
7.959184,-0.167869,-0.296831,-0.274066,-2.742879,-1.971076
7.963185,1.713256,-0.271862,0.437594,-2.583878,-0.842098
7.967187,0.798893,-0.240516,0.719614,-2.425396,0.101474
7.971188,1.148529,-0.203647,0.333323,-2.267026,1.214148
7.975190,-0.847866,-0.162209,-0.935255,-2.109157,2.538296
7.979192,-0.503882,-0.117226,-0.780369,-1.951499,-2.356953
7.983193,0.715117,-0.069771,0.426939,-1.794310,-1.066122
7.987195,0.898924,-0.020939,0.737320,-1.637448,-0.043027
7.991196,1.000490,0.028172,0.441580,-1.481009,1.052331
7.995198,-0.529031,0.076486,-0.872677,-1.325010,2.497655
7.999200,0.050287,0.122961,-0.614548,-1.169367,-2.166276
8.003201,1.023943,0.166609,0.736241,-1.014253,-0.482807
8.007203,0.670768,0.206506,0.117146,-0.859408,1.233850
8.011204,-0.109492,0.241811,0.159953,-0.705140,-0.332482
8.015206,0.349230,0.271767,0.089188,-0.551033,1.400561
8.019208,-1.492791,0.295716,-0.571087,-0.397494,3.046854
8.023209,-0.191026,0.313107,-0.069265,-0.243994,-1.785914
8.027211,-1.144509,0.323502,-0.070579,-0.090996,-1.907791
8.031212,-0.053296,0.326587,0.399799,0.062093,-0.736875
8.035214,-0.305952,0.322180,0.426691,0.214797,0.881416
8.039216,-0.982761,0.310240,-0.416919,0.367715,2.515112
8.043217,-0.451499,0.290879,-0.147734,0.520403,-2.638483
8.047219,-0.718769,0.264364,-0.348043,0.673412,-2.828491
8.051220,0.257361,0.231131,0.221713,0.826374,-1.240584
8.055222,0.519114,0.191778,0.644617,0.979741,0.512349
8.059224,-0.006781,0.147077,-0.373163,1.133254,2.417732
8.063225,-0.020085,0.097955,0.149916,1.287230,-0.852253
8.067227,0.521914,0.045495,-0.165913,1.441543,1.844830
8.071228,-1.325376,-0.009091,-0.854384,1.596350,-2.662894
8.075230,1.129793,-0.064482,0.486649,1.751671,-1.086791
8.079232,0.067434,-0.119278,0.857099,1.907495,0.311285
8.083233,-0.035195,-0.172036,0.036313,2.063988,1.517493
8.087235,-1.219328,-0.221311,-0.372423,2.220976,2.579964
8.091236,-1.176227,-0.265701,-0.190881,2.378752,2.706743
8.095238,-1.153107,-0.303891,-0.629463,2.537001,3.050851
8.099240,-1.788516,-0.334701,-0.354959,2.696119,-1.893571
8.103241,0.811478,-0.357126,1.178154,2.855683,-0.436234
8.107243,-0.968474,-0.370380,0.584516,3.016154,1.001267
8.111244,-1.372760,-0.373927,-0.419373,-3.106146,2.265190
8.115246,-2.057613,-0.367508,-0.377610,-2.944367,3.130480
8.119248,-1.812740,-0.351159,-0.111022,-2.782212,-1.990778
8.123249,-1.506609,-0.325224,0.136261,-2.619234,0.739771
8.127251,-2.187844,-0.290345,-0.490072,-2.455924,2.988802
8.131253,-1.588171,-0.247456,-0.118742,-2.291917,-1.742734
8.135254,-0.737385,-0.197752,0.511860,-2.127628,-0.509458
8.139256,-1.050780,-0.142658,0.511924,-1.962815,0.007065
8.143257,-0.498599,-0.083778,0.622443,-1.797772,0.810716
8.147259,-2.232862,-0.022848,-0.579330,-1.632411,2.055872
8.151261,-2.293840,0.038327,-1.255555,-1.466877,-2.935217
8.155262,-1.186620,0.097931,-0.163020,-1.301255,-1.720474
8.159264,0.217631,0.154201,0.690794,-1.135527,-0.611567
8.163265,0.548442,0.205490,0.547125,-0.969950,0.415102
8.167267,0.272655,0.250327,0.144796,-0.804341,1.184347
8.171269,0.292194,0.287466,-0.051149,-0.639111,1.696091
8.175270,-0.376898,0.315929,-0.534352,-0.473925,2.770899
8.179272,-0.557875,0.335037,-0.350321,-0.309310,-2.139698
8.183273,0.248312,0.344430,0.470331,-0.144816,-0.719911
8.187275,-0.422182,0.344071,0.464748,0.018962,0.606419
8.191277,-0.648713,0.334240,-0.123514,0.182541,1.801799
8.195278,-1.571547,0.315517,-0.532943,0.345313,2.952369
8.199280,-0.915294,0.288752,-0.321548,0.507806,-2.236363
8.203281,-0.658882,0.255027,0.151017,0.669456,-1.273766
8.207283,-0.172842,0.215609,0.576248,0.830740,-0.233576
8.211285,-0.598204,0.171902,0.299866,0.991192,1.071028
8.215286,-1.707992,0.125387,-0.432704,1.151180,2.636502
8.219288,-1.479566,0.077572,0.020036,1.310387,-1.501657
8.223289,-1.627795,0.029932,0.193576,1.469019,1.063380
8.227291,-2.586205,-0.016140,-0.588510,1.626951,2.833376
8.231293,-2.159187,-0.059381,-0.254420,1.784194,-1.948503
8.235294,-1.476829,-0.098694,0.504594,1.940841,-0.585664
8.239296,-1.324112,-0.133178,0.369391,2.096678,0.608230
8.243297,-1.728817,-0.162148,-0.005141,2.252032,1.585727
8.247299,-1.903470,-0.185146,-0.299101,2.406455,2.636452
8.251301,-1.691570,-0.201936,-0.209334,2.560495,-2.186829
8.255302,-1.235338,-0.212502,0.369207,2.713479,-0.335569
8.259304,-1.244105,-0.217027,-0.026013,2.866147,1.622743
8.263305,-2.109479,-0.215869,-0.626625,3.017634,-2.872668
8.267307,-0.800852,-0.209533,0.238303,-3.114363,-1.232996
8.271309,-0.714245,-0.198641,0.609732,-2.964479,0.318556
8.275310,-1.246622,-0.183893,-0.097051,-2.814945,1.802231
8.279312,-1.364045,-0.166036,-0.116383,-2.666836,3.019714
8.283313,-1.460016,-0.145829,-0.093855,-2.519213,2.004297
8.287315,-1.605898,-0.124015,-0.436613,-2.373126,-2.828437
8.291317,-1.133934,-0.101294,0.175498,-2.227753,-1.216174
8.295318,-0.922510,-0.078302,0.262068,-2.084011,0.647270
8.299320,-1.153401,-0.055594,-0.183176,-1.941286,-2.493826
8.303321,-0.982122,-0.033635,0.558660,-1.800244,-0.197155
8.307323,-0.592108,-0.012795,0.017719,-1.660559,1.548828
8.311325,-2.798200,0.006653,-0.789342,-1.522530,-3.121315
8.315326,-0.502858,0.024520,-0.067756,-1.386179,-1.687925
8.319328,-1.726264,0.040700,0.337625,-1.251339,-0.593739
8.323329,-0.298331,0.055147,0.335359,-1.118409,0.563352
8.327331,-1.882933,0.067869,-0.193595,-0.986699,2.184763
8.331333,-1.250566,0.078908,-0.054397,-0.856977,-1.920044
8.335334,-1.399041,0.088323,-0.057674,-0.728026,1.899378
8.339336,-1.880939,0.096178,-0.186144,-0.600952,-1.979841
8.343337,-0.437201,0.102532,0.794240,-0.474085,0.141837
8.347339,-2.365459,0.107422,-0.637238,-0.348822,2.183588
8.351341,-1.690840,0.110869,-0.615629,-0.223179,-2.072049
8.355342,-0.101435,0.112865,1.296348,-0.098779,0.010891
8.359344,-1.332788,0.113385,-0.726340,0.026504,2.181352
8.363345,-1.448538,0.112388,-0.464268,0.150901,-1.934050
8.367347,1.277504,0.109825,1.334987,0.276507,0.105277
8.371349,-0.947672,0.105652,-0.487397,0.401517,1.978887
8.375350,-0.690073,0.099841,-0.823462,0.527844,-2.650523
8.379352,0.321215,0.092390,0.090285,0.653779,-1.432710
8.383353,0.583715,0.083331,0.681853,0.780930,-0.437403
8.387355,1.330101,0.072741,0.551415,0.907810,0.976296
8.391357,-1.216665,0.060746,-0.869925,1.035634,2.607162
8.395358,0.618948,0.047519,-0.276884,1.163242,-1.932075
8.399360,0.219672,0.033281,0.431078,1.291398,0.049903
8.403361,0.405236,0.018294,-0.266073,1.419351,2.835090
8.407363,0.383150,0.002853,0.200392,1.547376,-1.114865
8.411365,0.759385,-0.012725,0.440793,1.675169,0.727368
8.415366,-0.151015,-0.028117,-0.519074,1.802505,2.548205
8.419368,-0.092880,-0.043001,-0.112507,1.929541,-1.756429
8.423369,0.739429,-0.057081,0.606891,2.055565,0.413200
8.427371,-0.841626,-0.070089,-0.701563,2.181185,2.516068
8.431373,-0.658380,-0.081805,-0.318469,2.305247,-1.868332
8.435374,0.885301,-0.092058,1.128291,2.428786,-0.123102
8.439376,-0.535136,-0.100738,0.089592,2.550286,1.474052
8.443377,-0.707393,-0.107789,-0.517195,2.671167,2.738655
8.447379,-0.751196,-0.113210,-0.471698,2.789667,-2.927083
8.451381,0.252326,-0.117046,-0.129778,2.907546,-1.752143
8.455382,1.462615,-0.119375,0.806448,3.022939,-0.118954
8.459384,1.260660,-0.120294,-0.132538,3.137891,1.750264
8.463385,1.002162,-0.119905,-0.536791,-3.032597,-2.528674
8.467387,2.599748,-0.118294,0.467103,-2.919921,-0.610231
8.471389,2.010589,-0.115526,0.183396,-2.808912,1.084020
8.475390,2.060281,-0.111626,-0.101628,-2.697293,2.201934
8.479392,1.454282,-0.106578,-0.181621,-2.586478,2.596523
8.483393,1.704431,-0.100324,-0.166330,-2.474340,-2.103533
8.487395,1.859580,-0.092766,0.414510,-2.362047,-0.128124
8.491397,1.708047,-0.083773,-0.136450,-2.247813,1.810551
8.495398,0.771874,-0.073201,-0.686049,-2.132565,-2.752117
8.499400,2.339229,-0.060901,0.323731,-2.014999,-1.162741
8.503401,2.121666,-0.046742,0.671501,-1.895788,0.420427
8.507403,1.581592,-0.030630,-0.287520,-1.774175,2.217444
8.511405,1.470821,-0.012527,0.136382,-1.650555,-1.156784
8.515406,1.676063,0.007527,0.302340,-1.524708,1.200690
8.519408,0.059310,0.029401,-1.334823,-1.396726,3.025965
8.523409,1.256800,0.052862,0.182063,-1.266869,-1.454885
8.527411,2.944396,0.077562,1.335680,-1.134923,0.440492
8.531413,0.238972,0.103041,-0.997876,-1.001532,2.508855
8.535414,1.504829,0.128735,-0.028640,-0.866204,-1.596853
8.539416,2.439905,0.153982,0.874944,-0.729859,0.471837
8.543417,0.719213,0.178047,-0.507176,-0.591773,2.426154
8.547419,1.799029,0.200140,-0.003957,-0.453040,-1.589299
8.551421,1.157376,0.219450,-0.182968,-0.312780,2.169370
8.555422,1.670348,0.235177,-0.334479,-0.172161,-2.245614
8.559424,2.389264,0.246563,0.378819,-0.030232,-0.622373
8.563425,2.371572,0.252933,0.205708,0.111853,0.636383
8.567427,2.613772,0.253726,0.065444,0.255035,1.295882
8.571429,1.744643,0.248528,-0.370983,0.398249,2.848256
8.575430,2.502262,0.237099,0.039032,0.542355,-1.502017
8.579432,2.640881,0.219388,0.719252,0.686441,0.372005
8.583433,1.601662,0.195552,-0.449398,0.831224,2.123678
8.587435,1.405499,0.165954,-0.534158,0.975997,-2.476413
8.591437,1.878602,0.131163,0.161146,1.121281,-0.779757
8.595438,1.901141,0.091936,-0.273182,1.266607,-2.422475
8.599440,1.974911,0.049201,0.612384,1.412269,-0.758138
8.603441,2.713705,0.004025,0.614471,1.558047,0.900973
8.607443,0.275948,-0.042416,-0.629917,1.703991,2.624433
8.611445,1.576392,-0.088884,0.069212,1.850129,-1.276064
8.615446,0.455806,-0.134114,-0.234826,1.996267,2.021516
8.619448,0.052543,-0.176869,-0.742306,2.142667,-2.523849
8.623449,1.231088,-0.215973,0.525077,2.288908,-0.981221
8.627451,0.827667,-0.250362,0.641314,2.435458,0.430579
8.631453,0.362656,-0.279113,-0.055453,2.581696,1.717589
8.635454,-0.338138,-0.301480,-0.046636,2.728254,-2.525581
8.639456,0.262645,-0.316916,0.299251,2.874355,0.757804
8.643457,-0.811263,-0.325086,-0.529431,3.020737,2.207752
8.647459,-0.876632,-0.325877,-1.021921,-3.116664,-2.615773
8.651461,0.691817,-0.319393,0.422291,-2.970690,-1.174420
8.655462,1.506064,-0.305946,0.653232,-2.825441,0.111843
8.659464,0.913038,-0.286031,0.297125,-2.680150,0.393552
8.663465,1.400445,-0.260308,0.335930,-2.535697,0.992743
8.667467,-0.101234,-0.229564,-0.490249,-2.391404,2.294421
8.671469,0.029798,-0.194685,-0.519336,-2.248051,-2.660447
8.675470,0.254006,-0.156619,0.012178,-2.105117,-1.534731
8.679472,0.192373,-0.116347,0.138649,-1.963220,-0.731564
8.683473,0.716447,-0.074841,0.068948,-1.822049,-0.114959
8.687475,0.138803,-0.033039,0.101025,-1.682006,-0.907858
8.691477,1.585599,0.008181,0.358583,-1.543020,0.433174
8.695478,0.146816,0.048032,-0.221318,-1.405230,1.973410
8.699480,0.918179,0.085823,-0.554868,-1.268819,-2.670670
8.703481,1.131279,0.120982,0.373746,-1.133630,-0.856757
8.707483,1.317390,0.153050,0.131091,-1.000086,1.321884
8.711485,0.143016,0.181685,-0.684318,-0.867725,-2.698769
8.715486,1.268970,0.206650,0.840939,-0.737171,-0.749945
8.719488,1.039233,0.227802,0.678927,-0.607671,1.073509
8.723489,-1.700104,0.245077,-1.377348,-0.479996,2.930019
8.727491,0.110204,0.258464,0.290015,-0.353140,-1.321812
8.731493,0.152007,0.267994,0.635621,-0.227964,0.928298
8.735494,-1.203925,0.273717,-1.116075,-0.103275,3.048862
8.739496,-0.004058,0.275686,0.205691,0.020036,-1.358845
8.743497,0.919770,0.273949,0.463686,0.143259,0.389915
8.747499,-0.186937,0.268539,0.049549,0.265525,-1.046706
8.751501,0.944075,0.259473,0.409051,0.388126,0.625381
8.755502,-1.034813,0.246752,-0.365782,0.510264,2.322227
8.759504,-0.214299,0.230372,-0.146030,0.633143,-2.114569
8.763505,-0.674078,0.210330,0.066254,0.756080,0.907123
8.767507,-0.625921,0.186641,-0.104684,0.880104,2.979509
8.771509,-0.241944,0.159353,-0.143028,1.004685,2.459860
8.775510,-0.743654,0.128569,-0.458472,1.130611,-2.545212
8.779512,0.763347,0.094463,0.319059,1.257530,-1.178001
8.783513,1.117118,0.057303,0.968888,1.385942,0.080094
8.787515,0.393756,0.017463,0.291408,1.515694,1.302012
8.791517,-0.843825,-0.024564,-1.065922,1.646978,2.679331
8.795518,-1.053530,-0.068163,-0.435649,1.779852,-1.984350
8.799520,0.829524,-0.112594,0.818249,1.914210,-0.015587
8.803521,-1.312300,-0.157005,-0.502482,2.050323,2.302267
8.807523,-0.690747,-0.200445,-0.303538,2.187813,-1.933371
8.811525,0.046345,-0.241883,0.705963,2.327145,-0.219280
8.815526,-0.904943,-0.280237,0.152761,2.467708,1.086049
8.819528,-0.659774,-0.314409,0.201595,2.610126,0.747653
8.823529,-1.737737,-0.343317,-0.072252,2.753611,1.707647
8.827531,-1.874514,-0.365935,-0.583385,2.898886,2.627075
8.831533,-2.783040,-0.381336,-0.988482,3.045056,-2.707812
8.835534,-1.139501,-0.388727,0.317633,-3.090303,-1.384797
8.839536,0.384761,-0.387488,2.133330,-2.941752,0.136100
8.843537,-1.809889,-0.377199,-0.386351,-2.791743,1.751504
8.847539,-3.536452,-0.357670,-1.627039,-2.641171,-2.844951
8.851541,-0.922046,-0.328955,0.511267,-2.489399,-1.040405
8.855542,-1.852911,-0.291370,0.141694,-2.337217,1.224710
8.859544,-1.713105,-0.245489,-0.195395,-2.184146,-2.100966
8.863545,-1.321794,-0.192142,0.484225,-2.030806,-0.000297
8.867547,-1.824343,-0.132397,-0.144965,-1.876920,1.921560
8.871549,-1.871741,-0.067541,-0.220210,-1.722895,-2.316572
8.875550,-1.461240,0.000960,0.287739,-1.568675,-0.239696
8.879552,-1.657099,0.071489,-0.026068,-1.414432,1.669215
8.883553,-1.440586,0.142332,-0.102542,-1.260334,-2.353942
8.887555,-1.232641,0.211718,0.191877,-1.106314,0.868920
8.891557,-1.102552,0.277876,-0.635940,-0.952742,2.725638
8.895558,-1.310035,0.339083,-0.331295,-0.799331,-1.916776
8.899560,0.929485,0.393716,0.879109,-0.646617,-0.355012
8.903561,-0.474996,0.440297,0.298826,-0.494130,1.020813
8.907563,-0.396118,0.477540,0.059946,-0.342515,1.383785
8.911565,-1.489893,0.504381,-0.427342,-0.191175,2.333054
8.915566,-1.811627,0.520009,-0.440907,-0.040801,-2.194268
8.919568,-0.594581,0.523889,0.785748,0.109272,-0.058946
8.923569,-2.058707,0.515766,-0.478885,0.258364,2.095734
8.927571,-1.972082,0.495680,-0.653214,0.407142,-2.264860
8.931573,-0.519746,0.463957,0.653422,0.554994,-0.391873
8.935574,-1.522730,0.421200,-0.214681,0.702531,2.586849
8.939576,-0.693546,0.368277,0.501596,0.849252,-0.893475
8.943577,-1.143852,0.306295,0.783801,0.995661,0.866545
8.947579,-2.749299,0.236574,-0.933277,1.141410,2.559221
8.951581,-2.915838,0.160613,-0.187045,1.286859,-1.890006
8.955582,-2.044565,0.080058,0.053158,1.431836,1.393943
8.959584,-3.359493,-0.003342,-0.612213,1.576534,-2.672852
8.963585,-1.389728,-0.087768,0.340662,1.720972,-1.077745
8.967587,-1.624592,-0.171370,0.405308,1.865165,0.173554
8.971589,-1.209807,-0.252306,0.287080,2.009314,0.297693
8.975590,-1.322120,-0.328781,0.151615,2.153257,1.269255
8.979592,-2.131931,-0.399081,-0.405319,2.297363,2.606276
8.983593,-1.638474,-0.461606,-0.209772,2.441305,-2.651185
8.987595,-2.001348,-0.514913,-0.174713,2.585586,-2.501375
8.991597,-1.552910,-0.557740,0.035987,2.729748,-1.422765
8.995598,-1.577008,-0.589038,0.035754,2.874390,-1.183863
8.999600,-1.558203,-0.607999,0.253553,3.018956,-0.848988
9.003601,-1.184419,-0.614076,0.481303,-3.119090,0.712098
9.007603,-2.568703,-0.607003,-0.473139,-2.973982,2.458843
9.011605,-2.153546,-0.586805,-0.046915,-2.828262,-1.708024
9.015606,-2.203165,-0.553806,0.017660,-2.682534,1.512935
9.019608,-2.646060,-0.508630,-0.418085,-2.536209,-2.403990
9.023609,-1.344531,-0.452193,0.684121,-2.389841,-0.277603
9.027611,-1.885635,-0.385685,-0.224744,-2.242945,1.854823
9.031613,-2.336241,-0.310553,-0.633995,-2.095973,-2.427070
9.035614,-0.519748,-0.228464,0.542053,-1.948586,-0.630609
9.039616,-1.302680,-0.141274,0.218133,-1.801091,0.687143
9.043617,-0.857462,-0.050978,0.347968,-1.653327,0.536963
9.047619,-1.879831,0.040331,-0.358211,-1.505427,1.998459
9.051621,-2.871742,0.130518,-0.986219,-1.357425,-2.611378
9.055622,-0.735309,0.217459,0.754470,-1.209266,-0.905750
9.059624,-1.347800,0.299096,0.815195,-1.061180,0.788042
9.063625,-1.939856,0.373497,-0.769660,-0.912928,2.470690
9.067627,-1.747737,0.438905,-0.318674,-0.764925,-2.033432
9.071629,-0.050140,0.493796,0.461042,-0.616761,0.254952
9.075630,-0.769672,0.536920,-0.664208,-0.469008,2.771004
9.079632,0.063608,0.567343,-0.061400,-0.321116,-1.625201
9.083633,1.931937,0.584478,1.288761,-0.173773,0.055201
9.087635,0.194855,0.588104,-0.076089,-0.026330,1.642078
9.091637,-0.360089,0.578371,-0.595108,0.120464,3.032145
9.095638,-0.327675,0.555797,-0.289884,0.267306,-2.662283
9.099640,-0.666960,0.521247,-0.038048,0.413448,-1.651571
9.103641,0.015988,0.475904,0.488154,0.559580,0.140379
9.107643,-1.390658,0.421227,-0.313391,0.705013,2.345023
9.111645,-1.018450,0.358900,-0.065851,0.850372,-1.708636
9.115646,-0.716940,0.290777,0.447131,0.995092,0.252338
9.119648,-1.575248,0.218822,-0.115654,1.139670,1.927646
9.123649,-1.672102,0.145041,-0.236270,1.283719,2.970147
9.127651,-2.005336,0.071424,-0.225012,1.427562,-2.177271
9.131653,-1.483806,-0.000119,0.507372,1.571040,-0.548647
9.135654,-1.494590,-0.067815,0.272139,1.714253,1.144869
9.139656,-2.745866,-0.130076,-0.440368,1.857316,2.719472
9.143657,-1.774515,-0.185541,-0.197527,2.000073,-3.026204
9.147659,-2.474896,-0.233108,-0.479420,2.142942,-2.584641
9.151661,-1.190194,-0.271958,0.412328,2.285493,-1.106684
9.155662,-0.601856,-0.301567,0.862613,2.428470,0.444392
9.159664,-2.239747,-0.321705,-0.246718,2.571166,1.943157
9.163665,-1.565598,-0.332431,-0.293719,2.714652,-3.105828
9.167667,-2.396411,-0.334076,-0.132196,2.857962,-3.089975
9.171669,-1.483340,-0.327222,-0.169116,3.002489,-2.765690
9.175670,-2.105309,-0.312667,-0.186138,-3.136128,-2.163908
9.179672,-0.864242,-0.291393,0.398561,-2.989828,-0.887214
9.183673,-0.543084,-0.264525,0.683236,-2.843090,0.710053
9.187675,-2.012700,-0.233290,-0.809681,-2.693959,2.444366
9.191677,-1.310330,-0.198973,-0.484288,-2.543696,-2.039451
9.195678,-0.490797,-0.162875,0.906593,-2.390121,-0.196482
9.199680,-1.109234,-0.126280,-0.136321,-2.234207,1.793438
9.203681,-1.857360,-0.090409,-0.091806,-2.073576,-1.807614
9.207683,-0.896059,-0.056398,0.487612,-1.908445,0.771277
9.211685,-2.768105,-0.025264,-0.893882,-1.736179,2.690387
9.215686,-1.817632,0.002115,-0.258963,-1.555347,-1.821714
9.219688,-0.767820,0.025016,0.809793,-1.362705,-0.090206
9.223689,-1.289830,0.042892,-0.009736,-1.153323,1.592625
9.227691,-1.456431,0.055371,-0.145698,-0.922280,2.868446
9.231693,-0.948178,0.062267,-0.128387,-0.657799,-2.684261
9.235694,-1.230225,0.063580,0.193322,-0.352819,-0.407831
9.239696,-0.902374,0.059487,-0.207388,0.008475,2.048768
9.243697,-2.216628,0.050337,-0.527806,0.414451,-2.224237
9.247699,0.009477,0.036637,1.134993,0.843148,-0.423207
9.251701,-1.143980,0.019036,0.414442,1.243944,1.255489
9.255702,-2.520289,-0.001693,-0.952322,1.596046,2.780445
9.259704,-1.114186,-0.024675,-0.411019,1.897665,-2.563570
9.263705,-1.870797,-0.048952,-0.505230,2.158414,-2.340274
9.267707,1.009121,-0.073513,0.590054,2.391956,-1.059144
9.271709,0.321736,-0.097316,1.166035,2.603223,0.442957
9.275710,0.470896,-0.119313,-0.420305,2.802069,2.033054
9.279712,-0.931035,-0.138482,-0.257243,2.988477,-2.384006
9.283713,0.613319,-0.153851,0.079373,-3.114047,1.330303
9.287715,-1.357358,-0.164536,-0.652820,-2.940944,-3.109454
9.291717,-0.020781,-0.169761,0.015731,-2.770668,-1.545066
9.295718,-0.351410,-0.168898,0.257010,-2.605318,-0.427927
9.299720,-0.022758,-0.161481,0.356735,-2.441561,-0.518454
9.303721,-0.065766,-0.147238,0.519060,-2.281156,0.872047
9.307723,-1.126005,-0.126103,-0.768714,-2.121894,2.538154
9.311725,-0.893854,-0.098232,-0.261174,-1.964954,-1.922595
9.315726,0.546240,-0.064006,0.481454,-1.809078,0.192244
9.319728,-0.653251,-0.024032,-0.303038,-1.654801,2.430944
9.323729,0.222123,0.020866,-0.261428,-1.501661,-2.376567
9.327731,0.202717,0.069661,0.010210,-1.349588,-1.552629
9.331733,1.374472,0.121149,1.034058,-1.198764,-0.204252
9.335734,0.696657,0.173978,0.225482,-1.048600,1.412193
9.339736,-1.605732,0.226679,-1.437469,-0.899775,-3.118415
9.343737,0.880623,0.277713,0.440278,-0.751297,-1.168737
9.347739,0.002600,0.325508,0.354615,-0.604196,1.139606
9.351741,-0.318624,0.368512,-0.836754,-0.457212,-2.801404
9.355742,0.490176,0.405237,0.627670,-0.311585,-0.757885
9.359744,0.942529,0.434316,0.151858,-0.165914,1.292684
9.363745,-0.028147,0.454542,-0.127198,-0.021523,-1.961306
9.367747,1.667845,0.464924,0.644197,0.123009,0.460226
9.371749,-0.084697,0.464716,-0.533249,0.266388,2.151730
9.375750,0.251317,0.453460,-0.866269,0.409955,-2.735603
9.379752,0.976016,0.431003,-0.098568,0.552539,-1.681490
9.383754,1.892328,0.397518,0.910261,0.695312,-0.622656
9.387755,2.552291,0.353506,1.050850,0.837305,0.712543
9.391757,-0.294763,0.299792,-0.824960,0.979449,2.184504
9.395758,0.253331,0.237503,-1.048536,1.121039,-2.597042
9.399760,0.349228,0.168045,0.361764,1.262715,-1.149584
9.403762,1.304707,0.093056,0.577008,1.404077,0.109024
9.407763,-0.144734,0.014364,0.194897,1.545444,1.148827
9.411765,-0.193731,-0.066071,-0.383744,1.686741,2.391896
9.415766,-0.793366,-0.146219,-0.392204,1.827953,-2.371487
9.419768,0.194299,-0.224039,0.377823,1.969334,-0.673090
9.423770,-0.245375,-0.297544,0.121654,2.110537,1.247485
9.427771,-0.815454,-0.364866,-0.349103,2.252128,-2.901611
9.431773,-0.244931,-0.424310,0.261304,2.393453,-0.931102
9.435774,-0.348461,-0.474405,0.374909,2.535352,0.790032
9.439776,-1.386216,-0.513951,-0.447582,2.676900,2.404859
9.443778,-1.307128,-0.542053,-0.396976,2.819159,-2.252336
9.447779,-0.989573,-0.558144,0.491433,2.960991,-0.521857
9.451781,-0.974255,-0.561996,0.034892,3.103608,1.484012
9.455782,-1.972280,-0.553725,-0.171228,-3.037455,-2.094336
9.459784,-0.423057,-0.533775,0.610024,-2.894554,0.287100
9.463786,-2.206436,-0.502897,-0.557854,-2.752204,2.171183
9.467787,-1.759811,-0.462115,-0.873303,-2.609173,-2.376506
9.471789,-0.152279,-0.412687,0.941324,-2.466741,-0.706475
9.475790,0.170688,-0.356051,0.654807,-2.323822,0.925672
9.479792,-1.165486,-0.293774,-0.701751,-2.181542,2.549464
9.483794,-0.129681,-0.227497,-0.261872,-2.039066,-2.028180
9.487795,0.462095,-0.158876,0.419452,-1.897260,-0.020375
9.491797,0.496092,-0.089534,-0.268703,-1.755637,2.204091
9.495798,0.005072,-0.021007,-0.342051,-1.614704,-2.182276
9.499800,1.571175,0.045290,0.555199,-1.474399,-0.526307
9.503802,0.597616,0.108103,0.301059,-1.334794,0.975287
9.507803,0.441161,0.166354,-0.221262,-1.196293,2.242285
9.511805,-0.347371,0.219161,-0.243863,-1.058481,-3.130021
9.515806,-0.074050,0.265841,-0.109927,-0.922239,-2.157067
9.519808,-0.581122,0.305904,0.004075,-0.786654,-1.525799
9.523810,-0.393845,0.339044,0.010666,-0.653050,-1.527490
9.527811,-0.329823,0.365120,0.514773,-0.520043,-0.010567
9.531813,-0.680646,0.384140,-0.117445,-0.389334,1.745948
9.535814,-1.159557,0.396236,-0.567814,-0.259140,-2.605774
9.539816,0.024337,0.401642,0.525795,-0.131431,-0.395028
9.543818,0.014601,0.400673,-0.234316,-0.004132,1.962968
9.547819,-0.650768,0.393705,-0.432078,0.120636,-2.228779
9.551821,1.750971,0.381157,0.573120,0.245111,-0.344849
9.555822,0.244525,0.363479,0.043973,0.367160,1.402557
9.559824,1.737231,0.341139,0.230018,0.489034,0.339814
9.563826,0.181484,0.314614,-0.326622,0.608727,2.022217
9.567827,0.179489,0.284385,-0.923428,0.728360,-2.536581
9.571829,1.274243,0.250933,0.821682,0.846185,-0.866990
9.575830,1.289545,0.214737,0.894735,0.964060,0.704020
9.579832,-0.337923,0.176273,-0.477950,1.080611,2.107678
9.583834,-0.783919,0.136017,-0.749984,1.197307,-2.992789
9.587835,-0.067497,0.094446,-0.167034,1.313254,-1.791209
9.591837,0.943155,0.052043,0.764022,1.429428,-0.314392
9.595838,0.737303,0.009299,0.145057,1.545490,1.379783
9.599840,0.184635,-0.033283,-0.628658,1.661838,-3.112744
9.603842,1.216373,-0.075183,0.103947,1.778741,-1.271442
9.607843,0.997182,-0.115867,-0.122874,1.895958,2.689983
9.611845,1.023859,-0.154783,0.070349,2.014391,-1.461172
9.615846,1.608375,-0.191375,1.006237,2.133136,0.189449
9.619848,-0.076305,-0.225081,-0.215961,2.253725,1.779075
9.623850,-0.811901,-0.255351,-0.625131,2.374596,-2.998646
9.627851,-0.725023,-0.281655,-0.147535,2.497888,2.936685
9.631853,-0.935284,-0.303501,-0.645054,2.621428,-2.625386
9.635854,-0.379060,-0.320448,0.408841,2.747900,-1.161197
9.639856,1.022193,-0.332120,0.825335,2.874610,0.225564
9.643858,-0.474869,-0.338217,0.249347,3.004675,1.033982
9.647859,0.493463,-0.338524,0.038668,3.135010,1.518196
9.651861,-1.452334,-0.332925,-1.022359,-3.014189,2.800751
9.655862,-0.242635,-0.321405,-0.535251,-2.879855,-2.093705
9.659864,0.584512,-0.304056,0.473359,-2.741759,-0.960957
9.663866,0.972057,-0.281081,0.903941,-2.603201,-0.101001
9.667867,0.845093,-0.252789,0.440304,-2.461012,1.216798
9.671869,-1.360817,-0.219599,-1.376511,-2.318231,2.862920
9.675870,0.166328,-0.182028,-0.027623,-2.172251,-1.592400
9.679872,0.988166,-0.140689,0.841871,-2.025569,0.435743
9.683874,-0.598293,-0.096284,-0.573121,-1.876448,2.816934
9.687875,0.695372,-0.049588,0.428538,-1.726563,-0.718572
9.691877,0.017541,-0.001442,-0.099316,-1.575293,1.692392
9.695878,-0.729712,0.047267,-0.901155,-1.423258,-2.578237
9.699880,1.057394,0.095614,0.779600,-1.271078,-0.795400
9.703882,0.590839,0.142658,0.654106,-1.118176,0.794747
9.707883,-0.283050,0.187459,-0.355797,-0.966386,2.126207
9.711885,-0.669606,0.229092,-0.546183,-0.813932,-3.069431
9.715886,-0.403968,0.266671,-0.143490,-0.663682,-1.843797
9.719888,0.577723,0.299363,0.432006,-0.512811,-0.363060
9.723890,-0.237724,0.326411,0.102790,-0.364937,1.258408
9.727891,0.207692,0.347148,-0.215671,-0.216457,2.780529
9.731893,-0.497574,0.361019,-0.154900,-0.071401,-2.388453
9.735894,0.290778,0.367593,0.070508,0.074261,-1.309333
9.739896,-0.377276,0.366580,0.303456,0.216440,-0.236014
9.743898,-0.128787,0.357844,0.301926,0.359222,0.649978
9.747899,-1.288700,0.341409,-0.081246,0.498778,1.720698
9.751901,-1.523504,0.317466,-0.643531,0.638912,3.054001
9.755902,-1.387094,0.286380,-0.095993,0.776328,-1.756009
9.759904,-0.598218,0.248686,0.139171,0.914259,0.078901
9.763906,-1.003352,0.205085,-0.226942,1.050161,-2.117454
9.767907,0.429973,0.156441,0.863514,1.186469,-0.469956
9.771909,0.348124,0.103765,0.544649,1.321561,1.143376
9.775910,-1.778227,0.048202,-1.323589,1.456901,2.764675
9.779912,-0.367990,-0.008994,-0.407591,1.591920,-1.875344
9.783914,0.505707,-0.066486,1.197479,1.726996,-0.187261
9.787915,-0.063304,-0.122890,0.026564,1.862708,1.545996
9.791917,-1.852144,-0.176804,-0.908767,1.998276,-3.026384
9.795918,-0.511129,-0.226857,0.076232,2.135484,-1.459962
9.799920,-0.936972,-0.271743,0.396913,2.272372,-0.329622
9.803922,-0.860653,-0.310268,0.463015,2.411948,0.173863
9.807923,-1.715799,-0.341389,0.199719,2.551095,1.318627
9.811925,-2.698926,-0.364251,-0.918467,2.694019,2.733034
9.815926,-2.905280,-0.378220,-0.511881,2.836530,-2.146091
9.819928,-1.179871,-0.382909,0.431066,2.983937,-0.928278
9.823930,-1.916756,-0.378195,0.596900,3.131143,0.059850
9.827931,-0.977091,-0.364229,0.198581,-2.998831,1.207247
9.831933,-2.518091,-0.341430,-0.286952,-2.845336,2.509561
9.835934,-1.002826,-0.310477,-0.064226,-2.684840,2.157766
9.839936,-2.104092,-0.272290,-0.509400,-2.523255,2.870885
9.843938,-1.314378,-0.228000,-0.315677,-2.354017,-1.954649
9.847939,-0.252905,-0.178910,0.792803,-2.182604,-0.432431
9.851941,-1.164513,-0.126459,0.223243,-2.003646,1.185062
9.855942,-1.312934,-0.072169,-0.188672,-1.821366,-2.568520
9.859944,-1.193529,-0.017602,0.625943,-1.633019,0.180933
9.863946,-1.750870,0.035699,-0.270208,-1.440605,1.793560
9.867947,-3.245832,0.086252,-1.636170,-1.245509,-2.944182
9.871949,-0.912573,0.132686,0.401101,-1.046498,-1.342108
9.875950,0.530980,0.173789,1.353740,-0.849913,0.390837
9.879952,-1.530144,0.208544,-0.766366,-0.650498,2.408702
9.883954,-0.521284,0.236160,-0.056716,-0.459011,-1.631282
9.887955,0.377449,0.256103,0.980153,-0.266104,0.277277
9.891957,-1.078707,0.268100,-0.231033,-0.085271,1.834638
9.895958,-1.496448,0.272152,-0.584052,0.095886,2.957453
9.899960,-1.657487,0.268519,-0.512542,0.263046,-2.710413
9.903962,-1.400049,0.257708,-0.116148,0.429830,-1.730208
9.907963,-0.337892,0.240445,0.630402,0.582604,-0.577918
9.911965,-1.145025,0.217641,0.576035,0.734377,0.546139
9.915966,-0.955881,0.190354,-0.061121,0.873238,1.686809
9.919968,-2.501928,0.159745,-0.227343,1.010197,2.500092
9.923970,-1.664825,0.127027,-0.355259,1.135767,2.586046
9.927971,-3.269877,0.093418,-0.635690,1.258028,-2.513730
9.931973,-1.632060,0.060093,0.429385,1.370407,-1.106268
9.935974,-1.966543,0.028144,0.824575,1.477396,0.322640
9.939976,-2.987089,-0.001466,-0.069049,1.575731,1.687258
9.943978,-3.353764,-0.027927,-0.283293,1.665712,2.669598
9.947979,-3.787557,-0.050610,-0.301783,1.747793,-3.007442
9.951981,-3.492005,-0.069081,-0.087384,1.817398,-1.863188
9.955982,-3.315057,-0.083107,0.098808,1.879217,-1.027415
9.959984,-3.214141,-0.092649,0.263727,1.923032,-0.272206
9.963986,-2.951067,-0.097852,0.021584,1.958540,1.511881
9.967987,-3.671269,-0.099025,-0.375108,1.969472,-2.643322
9.971989,-2.359930,-0.096609,0.398917,1.971866,-0.532301
9.975990,-3.179515,-0.091148,-0.034978,1.944773,1.641839
9.979992,-3.486062,-0.083258,-0.516304,1.912481,-2.504363
9.983994,-2.507991,-0.073586,0.717997,1.853799,-0.492358
9.987995,-3.351258,-0.062783,-0.003551,1.800428,1.574802
9.991997,-4.223089,-0.051470,-0.754659,1.733832,-2.622247
9.995998,-3.125581,-0.040213,0.494558,1.684674,-0.653622
10.000000,-3.708898,-0.029499,-0.000108,1.632168,1.571380
