time_s,eeg_uv,theta_filtered,gamma_filtered,theta_phase_rad,gamma_phase_rad
0.000000,-1.253556,0.486180,0.000109,-1.131421,-1.570478
0.004002,1.293387,0.672986,0.032200,-0.760661,-1.544405
0.008003,4.863355,0.840406,1.801337,-0.608272,-0.592957
0.012005,6.029609,0.981340,2.639128,-0.334538,0.362960
0.016006,3.687339,1.089464,0.853963,-0.179372,1.298730
0.020008,-0.538662,1.159492,-2.029443,0.051292,2.228332
0.024010,-2.877532,1.187390,-3.340895,0.209399,-3.105698
0.028011,-1.903820,1.170547,-1.738155,0.415329,-2.133753
0.032013,1.023133,1.107901,1.228774,0.576850,-1.166221
0.036014,2.847241,1.000000,2.938115,0.767367,-0.203862
0.040016,1.910748,0.849018,2.050003,0.932389,0.758982
0.044018,-0.824130,0.658709,-0.334183,1.112947,1.700736
0.048019,-3.143047,0.434297,-2.044090,1.281241,2.628400
0.052021,-3.537346,0.182323,-1.938970,1.455316,-2.708715
0.056022,-2.421877,-0.089564,-0.351390,1.626423,-1.754193
0.060024,-0.955370,-0.372849,1.194183,1.796356,-0.825824
0.064026,-0.744898,-0.658429,1.694574,1.969640,0.073751
0.068027,-1.548331,-0.936905,0.936237,2.137052,0.998356
0.072029,-3.529960,-1.198892,-0.680764,2.311741,1.976368
0.076030,-4.578047,-1.435328,-1.604515,2.477741,2.953090
0.080032,-4.271798,-1.637775,-1.151624,2.652973,-2.392224
0.084034,-2.902573,-1.798703,0.222322,2.818272,-1.432962
0.088035,-1.555669,-1.911737,1.517593,2.993166,-0.430141
0.092037,-1.655756,-1.971880,1.416095,-3.125031,0.551657
0.096038,-2.854547,-1.975676,0.163443,-2.951308,1.472378
0.100040,-4.102769,-1.921342,-1.269284,-2.786498,2.378604
0.104042,-4.383993,-1.808834,-1.866463,-2.614661,-2.949360
0.108043,-2.781461,-1.639867,-0.773889,-2.450097,-1.966658
0.112045,-0.447954,-1.417877,1.111062,-2.280692,-1.013140
0.116046,1.023988,-1.147928,2.275096,-2.116576,-0.081567
0.120048,0.635180,-0.836567,1.630872,-1.949950,0.874246
0.124050,-1.629413,-0.491643,-0.783610,-1.786554,1.856217
0.128051,-3.119280,-0.122077,-2.844225,-1.622853,2.847324
0.132053,-2.057603,0.262391,-2.387620,-1.460464,-2.443236
0.136054,1.632317,0.651481,0.374113,-1.299655,-1.454780
0.140056,4.752641,1.034668,2.953948,-1.138541,-0.476360
0.144058,5.168694,1.401490,3.008164,-0.980454,0.486325
0.148059,2.603271,1.741839,0.470601,-0.820829,1.435822
0.152061,-0.452153,2.046252,-2.637298,-0.665194,2.388100
0.156062,-1.185580,2.306170,-3.641680,-0.507204,-2.932046
0.160064,1.515507,2.514172,-1.459409,-0.353688,-1.964613
0.164066,5.629222,2.664175,2.100533,-0.197409,-0.997323
0.168067,7.612318,2.751600,3.931427,-0.045659,-0.031098
0.172069,5.804872,2.773492,2.364675,0.108897,0.936286
0.176070,1.447952,2.728589,-1.344877,0.259225,1.911778
0.180072,-1.602137,2.617352,-3.878428,0.412103,2.898045
0.184074,-0.876444,2.441933,-2.851319,0.561332,-2.392261
0.188075,2.652484,2.206110,0.621893,0.712630,-1.402624
0.192077,5.232185,1.915174,3.174989,0.861051,-0.431821
0.196078,4.730429,1.575787,2.876659,1.010904,0.517780
0.200080,1.572665,1.195800,0.326217,1.158759,1.467919
0.204082,-1.802509,0.784050,-2.296406,1.307329,2.431046
0.208083,-3.007925,0.350122,-2.753629,1.454811,-2.890175
0.212085,-1.601660,-0.095890,-0.971267,1.602277,-1.942188
0.216086,0.514710,-0.543640,1.418992,1.749529,-0.990476
0.220088,1.528552,-0.982782,2.531557,1.896080,-0.004281
0.224090,-0.062518,-1.403215,1.277479,2.043199,1.010049
0.228091,-2.676357,-1.795319,-0.935226,2.189026,2.013319
0.232093,-4.144892,-2.150173,-1.936600,2.336064,2.985177
0.236094,-3.772467,-2.459759,-1.235364,2.481348,-2.338786
0.240096,-2.398287,-2.717134,0.295732,2.628313,-1.386306
0.244098,-1.413834,-2.916572,1.308803,2.773219,-0.472270
0.248099,-1.459357,-3.053684,1.307291,2.920085,0.397771
0.252101,-2.372102,-3.125490,0.411792,3.064758,1.287920
0.256102,-3.795284,-3.130473,-0.962225,-3.071711,2.234923
0.260104,-4.370902,-3.068593,-1.621361,-2.927154,-3.078110
0.264106,-3.445003,-2.941268,-0.863658,-2.780658,-2.103383
0.268107,-1.577195,-2.751330,0.804840,-2.636131,-1.104404
0.272109,-0.424202,-2.502943,1.810671,-2.489937,-0.097683
0.276110,-0.938724,-2.201501,1.173856,-2.345387,0.855512
0.280112,-2.368937,-1.853501,-0.307290,-2.199572,1.739051
0.284114,-3.429867,-1.466389,-1.781816,-2.054977,2.636406
0.288115,-3.376017,-1.048406,-2.055965,-1.909611,-2.684599
0.292117,-0.878680,-0.608400,-0.310689,-1.764977,-1.695648
0.296118,1.748370,-0.155643,2.011368,-1.620114,-0.717624
0.300120,2.841719,0.300370,2.771960,-1.475474,0.256041
0.304122,1.103079,0.750113,0.998473,-1.331142,1.236941
0.308123,-1.730760,1.184234,-1.905163,-1.186543,2.211677
0.312125,-2.626637,1.593736,-3.333692,-1.042743,-3.105723
0.316126,-0.662599,1.970163,-1.856674,-0.898243,-2.128512
0.320128,3.655893,2.305768,1.522297,-0.754948,-1.137836
0.324130,6.024203,2.593668,3.621404,-0.610606,-0.157659
0.328131,5.274483,2.827991,2.578140,-0.467766,0.799250
0.332133,1.722741,3.003987,-0.679948,-0.323641,1.751620
0.336134,-1.038952,3.118126,-3.524067,-0.181184,2.718687
0.340136,-0.724387,3.168164,-3.314799,-0.037321,-2.593096
0.344138,2.941791,3.153184,-0.240816,0.104847,-1.632838
0.348139,6.518312,3.073615,3.070249,0.248421,-0.672771
0.352141,7.382069,2.931219,3.781901,0.390402,0.304352
0.356142,4.107183,2.729057,1.081106,0.533673,1.291215
0.360144,0.039151,2.471427,-2.437028,0.675571,2.269020
0.364146,-1.851773,2.163764,-3.641211,0.818544,-3.049303
0.368147,-0.115646,1.812528,-1.733528,0.960460,-2.080688
0.372149,3.068606,1.425061,1.567095,1.103162,-1.095453
0.376150,4.682484,1.009439,3.198522,1.245194,-0.107455
0.380152,3.016771,0.574298,1.940893,1.387671,0.857035
0.384154,-0.178696,0.128659,-0.612174,1.529899,1.794321
0.388155,-2.814114,-0.318267,-2.429788,1.672209,2.734667
0.392157,-3.211143,-0.757268,-2.161726,1.814695,-2.577194
0.396158,-1.525396,-1.179330,-0.026419,1.956905,-1.581673
0.400160,0.138715,-1.575822,1.877718,2.099690,-0.589007
0.404162,-0.057986,-1.938677,1.941336,2.241875,0.390144
0.408163,-1.883992,-2.260553,0.388359,2.384977,1.372062
0.412165,-3.987897,-2.534983,-1.302648,2.527214,2.365730
0.416166,-4.567196,-2.756510,-1.614266,2.670629,-2.930024
0.420168,-3.761018,-2.920788,-0.586251,2.812989,-1.980002
0.424170,-2.554268,-3.024674,0.632238,2.956688,-1.085165
0.428171,-1.867280,-3.066280,1.309840,3.099235,-0.213432
0.432173,-2.051109,-3.045008,1.085264,-3.040013,0.686598
0.436174,-3.093520,-2.961549,-0.067803,-2.897230,1.616410
0.440176,-4.174918,-2.817862,-1.315760,-2.753116,2.551805
0.444178,-4.084575,-2.617129,-1.620924,-2.610063,-2.789202
0.448179,-2.532541,-2.363677,-0.459601,-2.465844,-1.812051
0.452181,-0.167184,-2.062886,1.472791,-2.322507,-0.794158
0.456182,0.720183,-1.721070,2.127382,-2.178257,0.225449
0.460184,-0.396380,-1.345345,0.799598,-2.034642,1.197709
0.464186,-2.149575,-0.943476,-1.175217,-1.890431,2.119159
0.468187,-2.884759,-0.523723,-2.409420,-1.746559,3.041379
0.472189,-1.599114,-0.094673,-1.730770,-1.602447,-2.290194
0.476190,1.505544,0.334935,0.672524,-1.458356,-1.329090
0.480192,4.011988,0.756379,2.789766,-1.314391,-0.376168
0.484194,4.039940,1.161132,2.705879,-1.170132,0.580267
0.488195,1.362488,1.541030,0.056287,-1.026339,1.554637
0.492197,-1.773438,1.888432,-3.046500,-0.881968,2.542260
0.496198,-1.786337,2.196361,-3.544378,-0.738350,-2.747749
0.500200,1.488216,2.458641,-0.709276,-0.593919,-1.752957
0.504202,5.706444,2.670018,2.812057,-0.450457,-0.768288
0.508203,6.742344,2.826259,3.802794,-0.306018,0.194261
0.512205,4.394206,2.924244,1.606293,-0.162675,1.144188
0.516206,0.353860,2.962021,-1.983098,-0.018272,2.102221
0.520208,-1.862045,2.938850,-3.891602,0.125007,3.068557
0.524210,-0.227257,2.855214,-2.435334,0.269346,-2.254716
0.528211,3.446719,2.712811,1.032494,0.412631,-1.298328
0.532213,6.423744,2.514527,3.635263,0.556895,-0.325685
0.536214,5.536298,2.264386,2.970660,0.700263,0.662597
0.540216,1.887260,1.967476,-0.268265,0.844454,1.645018
0.544218,-1.543202,1.629854,-2.993348,0.987977,2.616187
0.548219,-1.988650,1.258426,-2.981521,1.132111,-2.689257
0.552221,0.314004,0.860811,-0.403632,1.275857,-1.700247
0.556222,2.858879,0.445192,2.168082,1.419964,-0.719647
0.560224,3.030039,0.020148,2.568290,1.563992,0.238263
0.564226,1.029895,-0.405511,0.923281,1.708114,1.183780
0.568227,-1.789325,-0.822928,-1.198827,1.852469,2.126268
0.572229,-3.355375,-1.223382,-2.124036,1.996651,3.058077
0.576230,-3.113461,-1.598473,-1.355848,2.141353,-2.287233
0.580232,-1.569363,-1.940302,0.536668,2.285644,-1.303320
0.584234,-0.418376,-2.241640,1.845617,2.430695,-0.284044
0.588235,-1.203256,-2.496087,1.316314,2.575139,0.707905
0.592237,-2.847864,-2.698208,-0.099501,2.720520,1.633816
0.596238,-4.292828,-2.843660,-1.281657,2.865157,2.550833
0.600240,-4.629647,-2.929287,-1.429094,3.010829,-2.764542
0.604242,-3.526015,-2.953195,-0.322267,-3.127500,-1.790707
0.608243,-2.289489,-2.914802,0.914847,-2.981595,-0.875585
0.612245,-1.610962,-2.814852,1.495266,-2.836506,0.019332
0.616246,-2.121818,-2.655405,0.919090,-2.690442,0.971629
0.620248,-3.500814,-2.439794,-0.644846,-2.545123,1.955983
0.624250,-4.214477,-2.172555,-1.710211,-2.398979,2.909869
0.628251,-3.401269,-1.859336,-1.435040,-2.253449,-2.458085
0.632253,-1.331301,-1.506769,0.078209,-2.107311,-1.532558
0.636255,1.032695,-1.122334,1.927374,-1.961610,-0.570124
0.640256,1.662055,-0.714188,2.309388,-1.815562,0.413453
0.644258,0.105060,-0.290987,0.458354,-1.669738,1.402112
0.648259,-2.190841,0.138296,-2.132304,-1.523854,2.393885
0.652261,-2.330176,0.564572,-2.941859,-1.377969,-2.900181
0.656263,0.265834,0.978825,-1.091801,-1.232308,-1.930786
0.660264,3.840958,1.372311,1.749482,-1.086431,-0.989937
0.664266,5.837515,1.736744,3.368447,-0.941037,-0.057030
0.668267,4.692538,2.064473,2.257858,-0.795239,0.900488
0.672269,1.132835,2.348646,-1.199455,-0.650140,1.886938
0.676271,-1.615732,2.583351,-3.843553,-0.504487,2.879485
0.680272,-0.414459,2.763729,-3.039212,-0.359684,-2.421034
0.684274,3.557538,2.886076,0.534691,-0.214229,-1.440224
0.688275,7.140598,2.947912,3.721038,-0.069706,-0.451546
0.692277,6.884848,2.948027,3.515963,0.075507,0.537011
0.696279,3.047610,2.886508,0.216250,0.219781,1.516741
0.700280,-0.723655,2.764723,-3.103608,0.364722,2.493691
0.704282,-1.725961,2.585289,-3.530346,0.508793,-2.813549
0.708283,0.925054,2.352005,-0.996516,0.653451,-1.857730
0.712285,3.880667,2.069770,2.027020,0.797376,-0.928682
0.716287,5.291784,1.744478,3.372956,0.941762,0.014357
0.720288,3.312521,1.382899,1.804341,1.085606,1.001253
0.724290,-0.502734,0.992535,-1.326988,1.229745,2.001573
0.728291,-2.687967,0.581468,-2.900605,1.373569,2.972705
0.732293,-2.344110,0.158193,-1.973407,1.517500,-2.358993
0.736295,0.024513,-0.268555,0.511721,1.661360,-1.378679
0.740296,1.660300,-0.689980,2.333941,1.805136,-0.366156
0.744298,1.010280,-1.097396,1.788767,1.949086,0.628237
0.748299,-1.171043,-1.482401,0.022887,2.092770,1.558947
0.752301,-2.989634,-1.837044,-1.367050,2.236851,2.448977
0.756303,-3.769333,-2.153987,-1.675433,2.380509,-2.923230
0.760304,-3.030366,-2.426651,-0.671844,2.524749,-1.983446
0.764306,-1.668018,-2.649355,0.839993,2.668445,-1.034817
0.768307,-0.977320,-2.817424,1.635247,2.812856,-0.076669
0.772309,-1.653283,-2.927293,1.025520,2.956651,0.899069
0.776311,-3.356754,-2.976578,-0.511037,3.101234,1.886656
0.780312,-4.399496,-2.964130,-1.567072,-3.038005,2.873026
0.784314,-4.048286,-2.890067,-1.214711,-2.893263,-2.437703
0.788315,-2.547818,-2.755775,0.116995,-2.749125,-1.496094
0.792317,-1.223318,-2.563890,1.329213,-2.604251,-0.589065
0.796319,-0.877202,-2.318250,1.631266,-2.459898,0.323925
0.800320,-1.836919,-2.023822,0.547853,-2.314923,1.274400
0.804322,-3.460151,-1.686605,-1.224932,-2.170344,2.231822
0.808323,-3.851988,-1.313516,-2.124172,-2.025307,-3.123109
0.812325,-2.525917,-0.912253,-1.385720,-1.880510,-2.197732
0.816327,0.409711,-0.491137,0.908890,-1.735451,-1.225430
0.820328,2.847841,-0.058940,2.898055,-1.590459,-0.210847
0.824330,2.285997,0.375298,2.160845,-1.445418,0.807083
0.828331,-0.416751,0.802460,-0.734739,-1.300266,1.802270
0.832333,-2.439276,1.213544,-3.047452,-1.155274,2.776634
0.836335,-1.472423,1.599858,-2.742328,-1.010005,-2.543763
0.840336,1.959325,1.953200,-0.076874,-0.865086,-1.593564
0.844338,5.486051,2.266043,2.762903,-0.719751,-0.652150
0.848339,6.441021,2.531698,3.465916,-0.574921,0.295574
0.852341,4.120311,2.744469,1.168016,-0.429574,1.256166
0.856343,0.335340,2.899778,-2.373594,-0.284842,2.224213
0.860344,-1.200138,2.994262,-4.015749,-0.139533,-3.083666
0.864346,0.994278,3.025853,-2.052639,0.005107,-2.094044
0.868347,5.416135,2.993822,1.879791,0.150334,-1.094203
0.872349,7.590102,2.898797,3.955010,0.294895,-0.104586
0.876351,5.883987,2.742755,2.493806,0.440006,0.860941
0.880352,1.777799,2.528980,-0.904633,0.584504,1.816304
0.884354,-1.406871,2.261992,-3.398354,0.729470,2.782029
0.888355,-1.408833,1.947445,-2.856222,0.873929,-2.529411
0.892357,1.338511,1.591998,0.008699,1.018736,-1.568175
0.896359,3.764632,1.203176,2.595671,1.163182,-0.616334
0.900360,3.934926,0.789198,2.900021,1.307832,0.344798
0.904362,1.134026,0.358810,0.726477,1.452292,1.323564
0.908363,-2.146546,-0.078910,-1.897416,1.596796,2.311318
0.912365,-3.581693,-0.514745,-2.591540,1.741293,-2.983738
0.916367,-2.470374,-0.939537,-1.002689,1.885672,-1.997805
0.920368,-0.488004,-1.344384,1.165511,2.030222,-1.016237
0.924370,0.123569,-1.720827,2.004737,2.174505,-0.042003
0.928371,-0.838508,-2.061022,1.097996,2.319122,0.915522
0.932373,-2.780900,-2.357904,-0.431836,2.463347,1.839413
0.936375,-3.927468,-2.605327,-1.410824,2.608036,2.740303
0.940376,-4.123609,-2.798192,-1.305035,2.752241,-2.618942
0.944378,-2.989748,-2.932551,-0.145043,2.897000,-1.669171
0.948379,-1.764180,-3.005678,1.061789,3.041223,-0.744211
0.952381,-1.356886,-3.016124,1.481857,-3.097143,0.153263
0.956383,-1.970861,-2.963740,0.748189,-2.952867,1.104731
0.960384,-3.671464,-2.849675,-0.966997,-2.808002,2.133334
0.964386,-4.239438,-2.676350,-1.841926,-2.663644,-3.108080
0.968387,-3.064534,-2.447405,-0.940854,-2.518753,-2.121354
0.972389,-1.063363,-2.167622,0.662542,-2.374290,-1.195429
0.976391,0.326216,-1.842827,1.841688,-2.229396,-0.272506
0.980392,0.248715,-1.479767,1.599875,-2.084817,0.672064
0.984394,-1.357156,-1.085972,-0.091290,-1.939940,1.612948
0.988395,-2.826735,-0.669604,-1.914873,-1.795241,2.538609
0.992397,-2.854083,-0.239292,-2.422006,-1.650400,-2.809137
0.996399,-0.430391,0.196043,-0.762569,-1.505586,-1.842516
1.000400,2.857043,0.627368,2.035448,-1.360795,-0.852757
1.004402,4.472240,1.045724,3.255854,-1.215883,0.142418
1.008403,2.591625,1.442411,1.454193,-1.071153,1.133138
1.012405,-0.578667,1.809166,-1.831991,-0.926162,2.116467
1.016407,-2.208023,2.138332,-3.592319,-0.781493,3.090928
1.020408,-0.189469,2.423016,-2.226664,-0.636446,-2.226431
1.024410,3.749763,2.657232,1.119923,-0.491830,-1.264316
1.028411,6.743342,2.836031,3.595730,-0.346753,-0.301047
1.032413,6.181363,2.955607,2.998820,-0.202179,0.659736
1.036415,2.742874,3.013390,-0.163401,-0.057099,1.613510
1.040416,-0.636299,3.008097,-3.273857,0.087450,2.569952
1.044418,-1.087668,2.939767,-3.649148,0.232508,-2.739961
1.048419,2.110982,2.809762,-0.716661,0.377054,-1.751839
1.052421,5.937833,2.620744,2.840804,0.522074,-0.761487
1.056423,6.812363,2.376628,3.729195,0.666644,0.226111
1.060424,3.983318,2.082502,1.285738,0.811612,1.215078
1.064426,-0.128446,1.744529,-2.068091,0.956226,2.203211
1.068427,-1.951471,1.369812,-3.258857,1.101132,-3.104902
1.072429,-0.852065,0.966247,-1.652271,1.245809,-2.146364
1.076431,1.694947,0.542348,1.051467,1.390650,-1.191606
1.080432,2.970970,0.107071,2.567869,1.535405,-0.238811
1.084434,1.980928,-0.330384,1.887440,1.680185,0.694529
1.088435,-0.714214,-0.760762,-0.102485,1.825028,1.614351
1.092437,-3.215750,-1.174960,-1.957106,1.969756,2.566012
1.096439,-4.096287,-1.564224,-2.079140,2.114684,-2.713843
1.100440,-2.594655,-1.920339,-0.260260,2.259368,-1.692878
1.104442,-1.185991,-2.235809,1.484037,2.404372,-0.698985
1.108443,-1.016980,-2.504015,1.719820,2.549024,0.265349
1.112445,-2.418573,-2.719356,0.546566,2.694086,1.237058
1.116447,-4.003963,-2.877369,-0.917754,2.838718,2.215139
1.120448,-4.584538,-2.974818,-1.361264,2.983815,-3.141553
1.124450,-4.012982,-3.009759,-0.853462,3.128437,-2.302936
1.128451,-2.944981,-2.981582,0.136268,-3.009648,-1.470315
1.132453,-1.556111,-2.891010,1.313792,-2.865029,-0.552844
1.136455,-1.238606,-2.740079,1.570579,-2.719961,0.431697
1.140456,-2.316679,-2.532089,0.248155,-2.575342,1.437867
1.144458,-3.877739,-2.271521,-1.509949,-2.430341,2.441160
1.148459,-3.772288,-1.963941,-1.962801,-2.285723,-2.852636
1.152461,-1.964747,-1.615875,-0.654873,-2.140825,-1.886252
1.156463,0.592261,-1.234668,1.295280,-1.996215,-0.943174
1.160464,1.977710,-0.828321,2.368542,-1.851450,-0.002600
1.164466,1.293099,-0.405324,1.473217,-1.706859,0.960920
1.168467,-0.959191,0.025525,-0.994350,-1.562252,1.942830
1.172469,-2.373554,0.455300,-2.753617,-1.417692,2.910004
1.176471,-1.174541,0.875130,-2.248156,-1.273255,-2.439275
1.180472,1.878759,1.276375,0.207474,-1.128739,-1.505570
1.184474,5.209137,1.650802,2.999651,-0.984477,-0.532006
1.188475,5.498743,1.990751,3.287462,-0.840021,0.470518
1.192477,2.486383,2.289287,0.400032,-0.695927,1.464298
1.196479,-1.052378,2.540333,-2.887405,-0.551542,2.432348
1.200480,-1.723486,2.738788,-3.769260,-0.407597,-2.887620
1.204482,1.055053,2.880622,-1.316234,-0.263287,-1.908478
1.208483,5.367110,2.962953,2.379988,-0.119457,-0.926176
1.212485,6.965610,2.984103,3.891363,0.024776,0.037233
1.216487,5.130245,2.943637,2.135776,0.168528,0.985483
1.220488,1.006880,2.842369,-1.406377,0.312688,1.941271
1.224490,-1.692313,2.682347,-3.780986,0.456404,2.911855
1.228491,-0.901945,2.466813,-2.815652,0.600500,-2.395765
1.232493,2.693286,2.200137,0.566779,0.744228,-1.419387
1.236495,5.541123,1.887737,3.313587,0.888280,-0.437163
1.240496,5.124299,1.535974,2.990622,1.032069,0.549173
1.244498,1.679869,1.152033,0.135315,1.176099,1.529876
1.248499,-1.610813,0.743780,-2.483381,1.319991,2.501949
1.252501,-2.558248,0.319606,-2.728669,1.464024,-2.813989
1.256503,-0.936522,-0.111741,-0.744922,1.608053,-1.853477
1.260504,1.179473,-0.541338,1.542025,1.752117,-0.901299
1.264506,1.766144,-0.960264,2.331246,1.896314,0.053116
1.268507,0.362160,-1.359786,1.154320,2.040440,1.016236
1.272509,-2.201780,-1.731536,-0.806427,2.184825,1.975524
1.276511,-3.721538,-2.067692,-1.897957,2.329040,2.926723
1.280512,-3.768700,-2.361144,-1.373697,2.473619,-2.384702
1.284514,-2.270391,-2.605649,0.355378,2.617949,-1.374634
1.288515,-1.281969,-2.795972,1.581199,2.762717,-0.358680
1.292517,-1.790270,-2.927999,1.246165,2.907179,0.611620
1.296519,-3.067839,-2.998832,0.069061,3.052120,1.521752
1.300520,-4.315631,-3.006858,-1.028200,-3.086457,2.409311
1.304522,-4.553124,-2.951791,-1.402472,-2.941368,-2.978650
1.308523,-3.775381,-2.834688,-0.725593,-2.796611,-2.070454
1.312525,-2.062291,-2.657928,0.698192,-2.651409,-1.137427
1.316527,-0.803616,-2.425169,1.810284,-2.506509,-0.171770
1.320528,-1.069662,-2.141270,1.376574,-2.361236,0.810883
1.324530,-2.664942,-1.812189,-0.463440,-2.216207,1.788741
1.328531,-3.947712,-1.444861,-2.138443,-2.070905,2.760935
1.332533,-3.131226,-1.047042,-2.041414,-1.925770,-2.539604
1.336535,-0.362679,-0.627149,0.061561,-1.780482,-1.547188
1.340536,2.482418,-0.194076,2.239815,-1.635272,-0.573896
1.344538,3.097908,0.243008,2.562403,-1.490042,0.356635
1.348539,1.552387,0.674850,0.856981,-1.344794,1.273420
1.352541,-1.007423,1.092321,-1.950994,-1.199658,2.226137
1.356543,-2.071133,1.486610,-3.414529,-1.054411,-3.073624
1.360544,0.380146,1.849412,-1.786125,-0.909394,-2.096822
1.364546,4.359481,2.173104,1.564248,-0.764186,-1.134846
1.368547,7.130471,2.450910,3.844492,-0.619311,-0.160518
1.372549,5.907378,2.677048,2.699043,-0.474182,0.835184
1.376551,1.904666,2.846847,-1.019402,-0.329461,1.826991
1.380552,-1.085524,2.956843,-3.741846,-0.184445,2.795243
1.384554,-0.534791,3.004841,-3.253015,-0.039877,-2.528161
1.388555,3.013675,2.989957,0.058641,0.105001,-1.556070
1.392557,6.561513,2.912624,3.278931,0.249428,-0.580369
1.396559,6.621761,2.774584,3.548886,0.394152,0.383685
1.400560,3.519858,2.578839,0.845289,0.538457,1.343623
1.404562,-0.608746,2.329586,-2.475572,0.683018,2.311074
1.408563,-2.171035,2.032122,-3.516654,0.827223,-3.005046
1.412565,-0.475840,1.692721,-1.566450,0.971624,-2.044284
1.416567,2.620847,1.318501,1.598668,1.115761,-1.073320
1.420568,4.290976,0.917275,3.216712,1.260017,-0.081122
1.424570,2.505080,0.497390,1.843506,1.404122,0.913413
1.428571,-0.670177,0.067556,-0.862000,1.548258,1.886900
1.432573,-3.018969,-0.363334,-2.457509,1.692364,2.846040
1.436575,-2.922538,-0.786380,-1.875254,1.836410,-2.471162
1.440576,-1.215104,-1.192864,0.151397,1.980547,-1.502153
1.444578,0.231867,-1.574418,1.733226,2.124540,-0.545746
1.448579,0.096496,-1.923197,1.734365,2.268735,0.401247
1.452581,-1.458501,-2.232026,0.390676,2.412716,1.348063
1.456583,-3.303279,-2.494550,-1.104916,2.556995,2.291039
1.460584,-4.005448,-2.705357,-1.611077,2.701006,-3.050258
1.464586,-3.448179,-2.860090,-0.796107,2.845383,-2.095462
1.468587,-1.947651,-2.955533,0.665973,2.989462,-1.131335
1.472589,-1.208245,-2.989681,1.528816,3.133946,-0.171678
1.476591,-1.633102,-2.961779,1.095169,-3.005057,0.791885
1.480592,-3.082390,-2.872340,-0.297612,-2.860464,1.763942
1.484594,-4.091974,-2.723143,-1.361957,-2.716151,2.702671
1.488595,-3.852496,-2.517197,-1.375020,-2.571453,-2.713355
1.492597,-2.678139,-2.258690,-0.463683,-2.426990,-1.849973
1.496599,-0.686785,-1.952907,1.209124,-2.282199,-0.906886
1.500600,0.480602,-1.606126,2.210269,-2.137578,0.093120
1.504602,-0.520621,-1.225495,1.094196,-1.992710,1.099870
1.508603,-2.634046,-0.818887,-1.282466,-1.847929,2.093904
1.512605,-3.613147,-0.394740,-2.703559,-1.703002,3.077526
1.516607,-1.935572,0.038109,-1.748811,-1.558072,-2.232597
1.520608,1.440009,0.470613,0.898515,-1.413105,-1.267171
1.524610,4.079937,0.893700,3.055291,-1.268047,-0.293003
1.528611,3.858688,1.298470,2.562174,-1.123060,0.695108
1.532613,0.935139,1.676384,-0.351288,-0.977902,1.674663
1.536615,-1.415529,2.019449,-2.961339,-0.832914,2.622290
1.540616,-1.246487,2.320385,-3.230387,-0.687684,-2.732267
1.544618,1.947107,2.572786,-0.792024,-0.542708,-1.785029
1.548619,6.072746,2.771262,2.705584,-0.397441,-0.807641
1.552621,7.550461,2.911557,3.942265,-0.252487,0.181216
1.556623,5.029220,2.990651,1.593960,-0.107220,1.163219
1.560624,0.843615,3.006827,-2.147594,0.037701,2.136919
1.564626,-1.235519,2.959709,-3.964789,0.182934,3.109882
1.568627,0.453877,2.850272,-2.290482,0.327818,-2.200655
1.572629,4.206464,2.680817,1.238401,0.472989,-1.236633
1.576631,6.639660,2.454926,3.532117,0.617838,-0.282727
1.580632,5.602454,2.177383,2.820373,0.762923,0.676602
1.584634,1.880922,1.854077,-0.290284,0.907738,1.653014
1.588635,-1.665167,1.491867,-2.950640,1.052718,2.632186
1.592637,-2.239775,1.098434,-2.883710,1.197500,-2.687814
1.596639,-0.209925,0.682108,-0.476355,1.342363,-1.725118
1.600640,2.230146,0.251688,2.230906,1.487115,-0.732189
1.604642,2.572043,-0.183747,2.692371,1.631858,0.279498
1.608643,0.051689,-0.615033,0.761673,1.776585,1.264489
1.612645,-2.525172,-1.033115,-1.384777,1.921213,2.211736
1.616647,-4.060020,-1.429240,-2.199501,2.065918,-3.105534
1.620648,-3.209164,-1.795144,-1.024628,2.210440,-2.096078
1.624650,-1.611363,-2.123219,0.799995,2.355122,-1.104721
1.628651,-1.023313,-2.406678,1.507627,2.499552,-0.205303
1.632653,-1.371768,-2.639681,1.177827,2.644211,0.643096
1.636655,-2.730804,-2.817458,0.026901,2.788570,1.553084
1.640656,-4.059384,-2.936401,-1.262202,2.933203,2.522091
1.644658,-4.302707,-2.994128,-1.447194,3.077512,-2.786526
1.648659,-3.129090,-2.989531,-0.389411,-3.061069,-1.826847
1.652661,-1.576205,-2.922790,0.996621,-2.916790,-0.876739
1.656663,-0.848713,-2.795366,1.610145,-2.772220,0.073536
1.660664,-1.454569,-2.609958,0.861179,-2.627950,1.039491
1.664666,-2.946579,-2.370450,-0.773615,-2.483419,2.023287
1.668667,-3.620944,-2.081826,-1.771202,-2.339138,2.992748
1.672669,-2.721240,-1.750067,-1.303294,-2.194649,-2.369825
1.676671,-0.738391,-1.382030,0.187826,-2.050344,-1.474300
1.680672,1.254103,-0.985307,1.865312,-1.905900,-0.546348
1.684674,1.827861,-0.568072,2.222195,-1.761560,0.419521
1.688675,0.107571,-0.138916,0.463856,-1.617163,1.395597
1.692677,-2.129851,0.293328,-2.078649,-1.472780,2.373334
1.696679,-2.652471,0.719753,-3.040781,-1.328425,-2.920953
1.700680,-0.011908,1.131564,-1.140812,-1.183996,-1.925135
1.704682,3.726784,1.520248,2.000280,-1.039677,-0.941524
1.708683,5.576863,1.877750,3.509920,-0.895203,0.025585
1.712685,4.036540,2.196640,1.988014,-0.750912,0.994910
1.716687,0.457258,2.470268,-1.473974,-0.606399,1.974543
1.720688,-1.715098,2.692894,-3.703127,-0.462124,2.945729
1.724690,-0.360726,2.859817,-2.775122,-0.317576,-2.389456
1.728691,3.506451,2.967463,0.500316,-0.173299,-1.442789
1.732693,7.112021,3.013476,3.637762,-0.028722,-0.465727
1.736695,7.066744,2.996769,3.537346,0.115574,0.535340
1.740696,3.328770,2.917559,0.173400,0.260170,1.527578
1.744698,-0.425342,2.777371,-3.100869,0.404499,2.494493
1.748699,-1.271620,2.579008,-3.630902,0.549107,-2.826470
1.752701,1.321440,2.326501,-1.014379,0.693484,-1.844587
1.756703,4.850206,2.025028,2.364696,0.838099,-0.851924
1.760704,5.714606,1.680813,3.321935,0.982540,0.124001
1.764706,3.504781,1.301002,1.494000,1.127159,1.071164
1.768707,0.001484,0.893517,-1.254832,1.271674,2.007409
1.772709,-2.354274,0.466889,-2.823929,1.416292,2.958972
1.776711,-2.034000,0.030077,-1.941344,1.560885,-2.348307
1.780712,0.053506,-0.407728,0.547792,1.705499,-1.359337
1.784714,1.604107,-0.837296,2.240204,1.850170,-0.378712
1.788715,0.848400,-1.249557,1.856380,1.994781,0.586079
1.792717,-1.385107,-1.635799,0.032176,2.139524,1.555325
1.796719,-3.564152,-1.987852,-1.572653,2.284133,2.536494
1.800720,-4.170108,-2.298270,-1.610799,2.428937,-2.792834
1.804722,-3.315164,-2.560492,-0.503532,2.573543,-1.893504
1.808723,-2.276716,-2.768989,0.889355,2.718389,-0.978684
1.812725,-1.508547,-2.919378,1.611808,2.862989,0.007301
1.816727,-2.523183,-3.008517,0.832193,3.007855,0.999838
1.820728,-3.788155,-3.034573,-0.496523,-3.130738,1.916964
1.824730,-4.691062,-2.997056,-1.442967,-2.985879,2.805833
1.828731,-4.385081,-2.896824,-1.356486,-2.841300,-2.512389
1.832733,-2.522875,-2.736069,0.127347,-2.696477,-1.498560
1.836735,-0.833660,-2.518255,1.550638,-2.551918,-0.510034
1.840736,-0.469832,-2.248043,1.637365,-2.407159,0.434864
1.844738,-1.487459,-1.931184,0.376138,-2.262629,1.370231
1.848739,-2.936501,-1.574388,-1.340246,-2.117960,2.308055
1.852741,-3.076388,-1.185183,-2.120434,-1.973468,-3.044528
1.856743,-1.618728,-0.771748,-1.187898,-1.828911,-2.105695
1.860744,1.412719,-0.342740,1.069035,-1.684468,-1.139943
1.864746,3.316268,0.092890,2.722448,-1.540042,-0.159957
1.868747,2.883104,0.526089,2.009757,-1.395659,0.813112
1.872749,0.208977,0.947888,-0.641753,-1.251374,1.779185
1.876751,-1.870668,1.349588,-3.047963,-1.107059,2.752186
1.880752,-1.213479,1.722931,-2.866766,-0.962916,-2.547971
1.884754,2.355913,2.060266,0.014732,-0.818675,-1.566663
1.888756,5.831425,2.354702,3.003757,-0.674666,-0.598317
1.892757,6.416496,2.600247,3.481150,-0.530504,0.360045
1.896759,3.636070,2.791921,0.945548,-0.386617,1.321028
1.900760,-0.204838,2.925860,-2.581826,-0.242536,2.290116
1.904762,-1.677652,2.999378,-3.946129,-0.098749,-3.020252
1.908764,0.722113,3.011018,-1.836711,0.045260,-2.047872
1.912765,4.750530,2.960580,1.898319,0.188979,-1.076412
1.916767,7.061206,2.849117,3.961340,0.332928,-0.105972
1.920768,5.305351,2.678920,2.566840,0.476614,0.865577
1.924770,1.194088,2.453472,-1.063641,0.620516,1.845276
1.928772,-2.064249,2.177377,-3.658826,0.764204,2.836026
1.932773,-1.524262,1.856270,-2.838526,0.908079,-2.455396
1.936775,1.634357,1.496701,0.329883,1.051807,-1.475114
1.940776,4.167229,1.106010,2.831119,1.195681,-0.504941
1.944778,3.982798,0.692182,2.694969,1.339488,0.461857
1.948780,1.176654,0.263695,0.425784,1.483388,1.416332
1.952781,-1.633245,-0.170648,-1.788515,1.627308,2.345950
1.956783,-2.960784,-0.601899,-2.413546,1.771261,-3.014968
1.960784,-2.095977,-1.021143,-1.123620,1.915319,-2.064875
1.964786,-0.105172,-1.419683,1.073264,2.059351,-1.081412
1.968788,0.732748,-1.789218,2.131825,2.203565,-0.088228
1.972789,-0.334362,-2.122014,1.237650,2.347702,0.891141
1.976791,-2.552282,-2.411067,-0.501324,2.492085,1.850164
1.980792,-4.013863,-2.650253,-1.617721,2.636347,2.802663
1.984794,-4.159938,-2.834465,-1.331284,2.780901,-2.511514
1.988796,-2.921762,-2.959723,0.075914,2.925303,-1.522419
1.992797,-1.893896,-3.023274,1.246771,3.070019,-0.543923
1.996799,-1.950191,-3.023651,1.248677,-3.068617,0.382526
2.000800,-2.811706,-2.960715,0.408151,-2.923754,1.253409
2.004802,-3.887943,-2.835666,-0.717494,-2.779057,2.118892
2.008804,-4.471897,-2.651027,-1.522107,-2.634070,3.023634
2.012805,-3.776471,-2.410595,-1.166886,-2.489232,-2.306298
2.016807,-1.741312,-2.119367,0.499409,-2.344150,-1.312607
2.020808,0.127116,-1.783437,2.042812,-2.199188,-0.296949
2.024810,-0.014536,-1.409868,1.700103,-2.054045,0.714024
2.028812,-1.702625,-1.006537,-0.287117,-1.908980,1.695320
2.032813,-3.063250,-0.581970,-2.089799,-1.763810,2.639357
2.036815,-2.525749,-0.145155,-2.304127,-1.618668,-2.717714
2.040816,0.039253,0.294648,-0.571189,-1.473505,-1.780299
2.044818,3.364789,0.728115,2.037325,-1.328320,-0.821609
2.048820,4.908744,1.146059,3.189256,-1.183198,0.148460
2.052821,3.298128,1.539638,1.494742,-1.038005,1.123040
2.056823,-0.023669,1.900540,-1.885219,-0.892954,2.109095
2.060824,-1.729186,2.221168,-3.843757,-0.747787,3.110870
2.064826,0.459606,2.494796,-2.195297,-0.602827,-2.169083
2.068828,4.712482,2.715715,1.445531,-0.457717,-1.186580
2.072829,7.339365,2.879349,3.717698,-0.312863,-0.229264
2.076831,6.374245,2.982356,2.870586,-0.167841,0.722826
2.080832,2.680231,3.022693,-0.429297,-0.023104,1.682950
2.084834,-0.774458,2.999653,-3.340388,0.121802,2.641631
2.088836,-0.915164,2.913867,-3.401058,0.266420,-2.689735
2.092837,1.876623,2.767287,-0.603096,0.411196,-1.731155
2.096839,5.486020,2.563126,2.710997,0.555700,-0.759785
2.100840,6.164111,2.305796,3.561803,0.700337,0.208841
2.104842,3.558624,2.000800,1.398590,0.844740,1.165249
2.108844,-0.443255,1.654616,-1.851261,0.989236,2.128091
2.112845,-2.801199,1.274554,-3.447298,1.133550,3.118718
2.116847,-1.523250,0.868597,-1.813623,1.277908,-2.152442
2.120848,1.294609,0.445227,1.263701,1.422152,-1.143091
2.124850,2.752083,0.013253,2.709617,1.566386,-0.155876
2.128852,1.423573,-0.418372,1.701996,1.710582,0.804586
2.132853,-1.070267,-0.840731,-0.386023,1.854715,1.746253
2.136855,-3.072210,-1.245124,-1.794784,1.998884,2.677529
2.140856,-3.416822,-1.623246,-1.650546,2.142941,-2.690106
2.144858,-2.402550,-1.967347,-0.386159,2.287105,-1.796280
2.148860,-1.092962,-2.270396,1.082521,2.431114,-0.891191
2.152861,-0.422299,-2.526210,1.768380,2.575291,0.074168
2.156863,-1.541488,-2.729577,0.810857,2.719285,1.097784
2.160864,-3.387117,-2.876359,-0.903936,2.863492,2.134385
2.164866,-4.190509,-2.963572,-1.544002,3.007504,3.133229
2.168868,-3.546064,-2.989442,-0.853154,-3.131430,-2.215751
2.172869,-2.340291,-2.953446,0.336813,-2.987373,-1.324999
2.176871,-1.321942,-2.856322,1.315617,-2.843068,-0.426308
2.180872,-1.237166,-2.700049,1.360683,-2.698938,0.508822
2.184874,-2.357108,-2.487818,0.172658,-2.554574,1.467451
2.188876,-3.626819,-2.223961,-1.338574,-2.410351,2.418399
2.192877,-3.841073,-1.913878,-1.902116,-2.265924,-2.927927
2.196879,-2.228128,-1.563923,-0.852771,-2.121594,-1.970839
2.200880,0.333325,-1.181286,1.381682,-1.977106,-0.972022
2.204882,1.952705,-0.773844,2.635974,-1.832661,0.044017
2.208884,0.669495,-0.350006,1.391606,-1.688117,1.039175
2.212885,-1.639894,0.081460,-1.202139,-1.543555,2.005235
2.216887,-3.135576,0.511600,-2.970288,-1.398957,2.970726
2.220888,-1.536496,0.931463,-2.173571,-1.254283,-2.332428
2.224890,1.991444,1.332278,0.668024,-1.109638,-1.360854
2.228892,4.983679,1.705644,2.963323,-0.964864,-0.421272
2.232893,5.120027,2.043708,2.965763,-0.820179,0.501889
2.236895,2.706863,2.339338,0.453621,-0.675323,1.444866
2.240896,-0.754379,2.586272,-2.876018,-0.530607,2.417776
2.244898,-1.299436,2.779256,-3.851457,-0.385690,-2.876481
2.248900,1.702741,2.914157,-1.260905,-0.240947,-1.886870
2.252901,6.155666,2.988059,2.504134,-0.095988,-0.906142
2.256903,7.816075,2.999329,4.039241,0.048775,0.064314
2.260904,5.651311,2.947659,2.066026,0.193751,1.035175
2.264906,1.277953,2.834083,-1.739268,0.338527,2.017902
2.268908,-1.394743,2.660951,-3.873488,0.483495,3.005237
2.272909,-0.204182,2.431883,-2.501080,0.628277,-2.306575
2.276911,3.016512,2.151688,0.758546,0.773218,-1.356427
2.280912,5.513867,1.826263,3.187326,0.918004,-0.406590
2.284914,4.857147,1.462470,2.872225,1.062903,0.558710
2.288916,1.513179,1.067987,0.124632,1.207689,1.532749
2.292917,-2.055008,0.651144,-2.550920,1.352531,2.511703
2.296919,-2.989383,0.220741,-2.822942,1.497310,-2.776725
2.300920,-1.294192,-0.214145,-0.553210,1.642084,-1.768526
2.304922,0.926986,-0.644356,1.811092,1.786852,-0.776251
2.308924,1.014750,-1.060849,2.245691,1.931554,0.178811
2.312925,-0.550858,-1.454889,0.914097,2.076305,1.122525
2.316927,-2.948046,-1.818229,-0.959020,2.220937,2.082871
2.320928,-4.193613,-2.143288,-1.767917,2.365667,3.029923
2.324930,-3.849765,-2.423307,-1.165042,2.510231,-2.352936
2.328932,-2.714057,-2.652490,0.201797,2.654932,-1.448192
2.332933,-1.314308,-2.826123,1.494050,2.799435,-0.480556
2.336935,-1.526883,-2.940662,1.441665,2.944102,0.514443
2.340936,-2.705295,-2.993804,0.149649,3.088555,1.476620
2.344938,-4.127742,-2.984529,-1.173600,-3.050003,2.407487
2.348940,-4.305510,-2.913113,-1.590669,-2.905589,-2.927241
2.352941,-3.171975,-2.781117,-0.628055,-2.761005,-1.957196
2.356943,-1.275922,-2.591352,0.905555,-2.616619,-1.001994
2.360944,-0.312646,-2.347812,1.716103,-2.472082,-0.077529
2.364946,-0.572107,-2.055590,1.223061,-2.327712,0.837195
2.368948,-2.062572,-1.720768,-0.385393,-2.183222,1.765386
2.372949,-3.250327,-1.350290,-2.004223,-2.038855,2.714325
2.376951,-2.857413,-0.951823,-2.081722,-1.894410,-2.597910
2.380952,-0.213990,-0.533603,-0.105843,-1.750034,-1.610737
2.384954,2.584043,-0.104261,2.307361,-1.605630,-0.620872
2.388956,3.346283,0.327346,2.805921,-1.461238,0.363830
2.392957,1.183610,0.752316,0.699064,-1.316869,1.347435
2.396959,-1.583018,1.161881,-2.254376,-1.172452,2.330875
2.400960,-2.358339,1.547583,-3.297601,-1.028104,-2.981213
2.404962,0.159567,1.901437,-1.514296,-0.883653,-2.030301
2.408964,3.890445,2.216098,1.661862,-0.739313,-1.083613
2.412965,6.349487,2.485010,3.686618,-0.594824,-0.120966
2.416967,5.142660,2.702542,2.522316,-0.450477,0.852856
2.420968,1.387784,2.864108,-0.974153,-0.305948,1.822365
2.424970,-1.453391,2.966267,-3.757662,-0.161580,2.789947
2.428972,-0.906161,3.006787,-3.309508,-0.017008,-2.512661
2.432973,3.182629,2.984706,0.218212,0.127402,-1.517767
2.436975,6.767023,2.900351,3.505345,0.272020,-0.521725
2.440976,6.840475,2.755345,3.484006,0.416487,0.463968
2.444978,3.442071,2.552583,0.502972,0.561151,1.434937
2.448980,-0.291800,2.296179,-2.582877,0.705688,2.390795
2.452981,-1.457696,1.991389,-3.320032,0.850394,-2.945823
2.456983,0.175324,1.644498,-1.351762,0.995010,-1.996837
2.460984,3.213243,1.262699,1.602214,1.139756,-1.039777
2.464986,4.434987,0.853945,3.041260,1.284460,-0.077213
2.468988,2.913446,0.426782,1.841942,1.429247,0.891656
2.472989,-0.469215,-0.009820,-0.820402,1.574041,1.868556
2.476991,-2.968507,-0.446667,-2.523325,1.718866,2.846089
2.480992,-2.969813,-0.874534,-1.933747,1.863746,-2.461174
2.484994,-1.276755,-1.284366,0.237361,2.008601,-1.469642
2.488996,0.258251,-1.667475,1.941349,2.153558,-0.457485
2.492997,-0.343230,-2.015730,1.633847,2.298441,0.536008
2.496999,-2.082551,-2.321730,0.184928,2.443462,1.459045
2.501000,-3.751293,-2.578970,-1.087770,2.588366,2.341983
2.505002,-4.528177,-2.781981,-1.540951,2.733433,-3.006139
2.509004,-3.877214,-2.926453,-0.667900,2.878350,-2.029240
2.513005,-2.575184,-3.009328,0.662472,3.023442,-1.087687
2.517007,-1.943624,-3.028870,1.389749,-3.114824,-0.194251
2.521008,-2.081650,-2.984696,1.128983,-2.969734,0.724584
2.525010,-3.456021,-2.877787,-0.198547,-2.824823,1.693661
2.529012,-4.457578,-2.710459,-1.529757,-2.679761,2.679593
2.533013,-4.172701,-2.486316,-1.546496,-2.534872,-2.619385
2.537015,-2.226315,-2.210165,-0.126034,-2.389867,-1.639125
2.541016,-0.165919,-1.887906,1.471981,-2.245016,-0.676255
2.545018,0.520287,-1.526405,1.878325,-2.100094,0.254919
2.549020,-0.196117,-1.133336,0.809640,-1.955298,1.166539
2.553021,-1.882498,-0.717012,-1.109704,-1.810481,2.085343
2.557023,-2.615985,-0.286211,-2.501165,-1.665753,3.027137
2.561024,-1.345649,0.150017,-1.841195,-1.521060,-2.282680
2.565026,2.167812,0.582543,0.886903,-1.376415,-1.279632
2.569028,4.761060,1.002349,3.140035,-1.231860,-0.269362
2.573029,4.323534,1.400719,2.507965,-1.087310,0.718045
2.577031,1.302661,1.769422,-0.351439,-0.942901,1.674190
2.581032,-1.249099,2.100877,-3.084915,-0.798456,2.623203
2.585034,-1.285097,2.388301,-3.363970,-0.654190,-2.695134
2.589036,2.230095,2.625844,-0.564803,-0.509851,-1.717285
2.593037,6.096962,2.808702,2.924528,-0.365719,-0.737824
2.597039,7.241401,2.933208,3.873933,-0.221487,0.237834
2.601040,4.424443,2.996906,1.424584,-0.077474,1.204906
2.605042,0.281166,2.998592,-2.216638,0.066653,2.161086
2.609044,-1.830995,2.938328,-4.029771,0.210566,3.120470
2.613045,-0.185268,2.817438,-2.338328,0.354599,-2.181293
2.617047,3.970269,2.638468,1.524438,0.498441,-1.182941
2.621048,6.344705,2.405136,3.803721,0.642399,-0.190858
2.625050,4.933333,2.122258,2.607997,0.786203,0.784991
2.629052,1.120230,1.795649,-0.650493,0.930106,1.757461
2.633053,-1.969090,1.432011,-3.010400,1.073901,2.730459
2.637055,-1.996502,1.038792,-2.595673,1.217772,-2.601248
2.641056,0.052528,0.624040,-0.309636,1.361591,-1.680088
2.645058,2.382204,0.196243,2.026596,1.505457,-0.749960
2.649060,2.901188,-0.235837,2.651487,1.649333,0.221812
2.653061,0.781374,-0.663337,0.901397,1.793224,1.215168
2.657063,-2.068992,-1.077468,-1.414152,1.937185,2.198036
2.661064,-3.505922,-1.469688,-2.246637,2.081130,-3.112833
2.665066,-2.816697,-1.831882,-1.117935,2.225199,-2.132327
2.669068,-1.172787,-2.156524,0.784822,2.369222,-1.151678
2.673069,-0.421659,-2.436838,1.728502,2.513416,-0.198636
2.677071,-1.085298,-2.666930,1.236637,2.657540,0.735353
2.681072,-2.807668,-2.841922,-0.200029,2.801869,1.694362
2.685074,-4.189636,-2.958056,-1.382472,2.946114,2.675223
2.689076,-4.308436,-3.012778,-1.276404,3.090580,-2.664451
2.693077,-3.281610,-3.004801,-0.298660,-3.048228,-1.786711
2.697079,-2.167921,-2.934143,0.923783,-2.903628,-0.899626
2.701080,-1.298254,-2.802133,1.626642,-2.759114,0.057186
2.705082,-2.197703,-2.611393,0.865916,-2.614391,1.046523
2.709084,-3.531674,-2.365788,-0.772768,-2.469741,2.016451
2.713085,-4.457635,-2.070355,-1.856558,-2.324911,2.961571
2.717087,-3.389579,-1.731204,-1.459453,-2.180133,-2.369065
2.721088,-1.096620,-1.355391,0.384637,-2.035218,-1.395076
2.725090,1.236885,-0.950774,2.133308,-1.890328,-0.417078
2.729092,1.441686,-0.525845,2.094631,-1.745352,0.546487
2.733093,-0.174214,-0.089546,0.188086,-1.600370,1.498318
2.737095,-2.129471,0.348921,-2.149088,-1.455357,2.454400
2.741096,-2.237090,0.780289,-2.856011,-1.310306,-2.862527
2.745098,0.470459,1.195428,-0.996047,-1.165280,-1.892617
2.749100,4.087298,1.585544,2.001638,-1.020188,-0.923804
2.753101,6.026973,1.942372,3.490252,-0.875174,0.046000
2.757103,4.397914,2.258355,1.915295,-0.730070,1.020570
2.761104,0.859448,2.526814,-1.591645,-0.585091,2.001869
2.765106,-1.367068,2.742088,-3.859525,-0.440004,2.988170
2.769108,0.253026,2.899653,-2.653577,-0.295073,-2.311338
2.773109,4.331196,2.996218,0.895642,-0.150027,-1.339735
2.777111,7.374188,3.029792,3.609124,-0.005158,-0.380500
2.781112,6.903914,2.999730,3.253034,0.139824,0.577115
2.785114,3.227837,2.906742,0.121195,0.284621,1.539461
2.789116,-0.653403,2.752874,-3.077685,0.429517,2.502133
2.793117,-1.640791,2.541453,-3.613207,0.574237,-2.817132
2.797119,0.803371,2.277013,-1.004575,0.719035,-1.838501
2.801120,4.322062,1.965185,2.491837,0.863679,-0.838705
2.805122,5.210334,1.612582,3.497536,1.008374,0.168386
2.809124,2.548199,1.226651,1.308986,1.152949,1.160303
2.813125,-0.989887,0.815513,-1.580121,1.297541,2.124828
2.817127,-2.957159,0.387795,-2.772983,1.442054,3.068716
2.821128,-2.292002,-0.047561,-1.694990,1.586548,-2.272996
2.825130,-0.269739,-0.481483,0.632105,1.731010,-1.316126
2.829132,1.302514,-0.904956,2.250762,1.875418,-0.335854
2.833133,0.546436,-1.309209,1.745820,2.019843,0.654473
2.837135,-1.609387,-1.685885,-0.094749,2.164185,1.618913
2.841136,-3.445152,-2.027218,-1.464263,2.308589,2.530540
2.845138,-4.018913,-2.326181,-1.667215,2.452885,-2.850484
2.849140,-3.082739,-2.576633,-0.537617,2.597282,-1.880837
2.853141,-1.523264,-2.773441,1.124788,2.741555,-0.850522
2.857143,-1.097100,-2.912573,1.506645,2.885960,0.158037
2.861144,-2.038371,-2.991188,0.661163,3.030235,1.059322
2.865146,-3.126514,-3.007679,-0.440008,-3.108524,1.903388
2.869148,-4.088679,-2.961715,-1.386328,-2.964222,2.830785
2.873149,-3.780214,-2.854241,-1.182874,-2.819762,-2.468296
2.877151,-2.311482,-2.687463,0.072794,-2.675412,-1.523082
2.881152,-0.958396,-2.464805,1.331430,-2.530910,-0.613554
2.885154,-0.415108,-2.190842,1.714724,-2.386492,0.345823
2.889156,-1.626655,-1.871207,0.431442,-2.241940,1.350085
2.893157,-3.221879,-1.512480,-1.399228,-2.097440,2.326453
2.897159,-3.480735,-1.122061,-2.149398,-1.952833,-3.028437
2.901160,-1.993288,-0.708023,-1.179960,-1.808239,-2.081895
2.905162,1.065784,-0.278946,1.245951,-1.663575,-1.084677
2.909164,2.890634,0.156255,2.802830,-1.518885,-0.078558
2.913165,2.079826,0.588515,1.806779,-1.374165,0.894741
2.917167,-0.449531,1.008805,-0.802135,-1.229381,1.841154
2.921168,-2.285025,1.408324,-2.979679,-1.084605,2.791028
2.925170,-1.410188,1.778676,-2.745961,-0.939731,-2.534997
2.929172,2.092790,2.112051,-0.032806,-0.794903,-1.580114
2.933173,5.824489,2.401392,3.055984,-0.649950,-0.616007
2.937175,6.673770,2.640553,3.685058,-0.505077,0.373504
2.941176,3.684583,2.824433,0.777830,-0.360063,1.378101
2.945178,-0.244514,2.949094,-2.905828,-0.215153,2.372147
2.949180,-1.157751,3.011844,-3.912221,-0.070096,-2.936370
2.953181,1.505805,3.011301,-1.520078,0.074843,-1.965117
2.957183,5.617881,2.947424,2.121805,0.219926,-0.990256
2.961184,7.345690,2.821522,3.711939,0.364886,-0.033031
2.965186,5.605541,2.636229,2.260740,0.509973,0.894307
2.969188,1.771882,2.395455,-0.931165,0.654943,1.828892
2.973189,-1.524209,2.104298,-3.504004,0.800011,2.809786
2.977191,-1.298619,1.768936,-2.816243,0.944978,-2.463833
2.981192,1.657677,1.396485,0.333438,1.090007,-1.471989
2.985194,3.949730,0.994848,2.745691,1.234960,-0.517142
2.989196,3.669471,0.572545,2.756641,1.379936,0.436166
2.993197,0.750653,0.138524,0.430189,1.524865,1.423675
2.997199,-2.558564,-0.298028,-2.065186,1.669773,2.428535
3.001200,-3.549913,-0.727891,-2.367626,1.814664,-2.872407
3.005202,-2.525788,-1.142008,-0.771077,1.959492,-1.925875
3.009204,-0.809684,-1.531685,1.134151,2.104334,-0.986822
3.013205,-0.271110,-1.888772,1.922058,2.249073,-0.035076
3.017207,-1.205291,-2.205837,1.096743,2.393854,0.910657
3.021208,-3.094876,-2.476315,-0.446042,2.538503,1.836668
3.025210,-4.391877,-2.694647,-1.567415,2.683216,2.774555
3.029212,-4.396672,-2.856388,-1.374744,2.827773,-2.530834
3.033213,-2.946907,-2.958297,0.053651,2.972409,-1.538017
3.037215,-1.586974,-2.998396,1.330629,3.116877,-0.568844
3.041216,-1.431823,-2.976000,1.449289,-3.021755,0.379862
3.045218,-2.347083,-2.891724,0.365887,-2.877368,1.335885
3.049220,-3.683929,-2.747460,-1.033167,-2.732900,2.286736
3.053221,-3.864770,-2.546332,-1.597996,-2.588586,-3.079828
3.057223,-2.896504,-2.292620,-0.967230,-2.444203,-2.168394
3.061224,-0.823898,-1.991672,0.660120,-2.299951,-1.214563
3.065226,0.798736,-1.649784,1.978838,-2.155650,-0.236381
3.069228,0.571788,-1.274071,1.609648,-2.011449,0.724189
3.073229,-1.049310,-0.872313,-0.222258,-1.867223,1.667323
3.077231,-2.716119,-0.452802,-2.190413,-1.723057,2.623892
3.081232,-2.428795,-0.024172,-2.455258,-1.578894,-2.683077
3.085234,0.331692,0.404768,-0.381571,-1.434750,-1.701377
3.089236,3.478108,0.825216,2.333596,-1.290637,-0.719139
3.093237,4.572509,1.228550,3.123574,-1.146500,0.262387
3.097239,2.400369,1.606501,1.107804,-1.002421,1.230543
3.101240,-0.580367,1.951317,-1.947086,-0.858279,2.177319
3.105242,-2.070688,2.255915,-3.584345,-0.714213,3.122016
3.109244,-0.073605,2.514020,-2.212039,-0.570049,-2.195220
3.113245,4.093804,2.720288,1.368357,-0.425974,-1.214322
3.117247,7.039984,2.870421,3.876466,-0.281774,-0.239168
3.121248,6.109428,2.961257,3.030611,-0.137670,0.727360
3.125250,2.227496,2.990836,-0.542645,0.006575,1.702220
3.129252,-1.376878,2.958448,-3.757726,0.150727,2.693214
3.133253,-1.103739,2.864650,-3.497002,0.295026,-2.597196
3.137255,2.409490,2.711258,-0.198327,0.439246,-1.621254
3.141257,5.945725,2.501318,2.983839,0.583611,-0.662812
3.145258,6.433227,2.239053,3.513639,0.727918,0.294396
3.149260,3.621313,1.929789,1.089529,0.872356,1.258685
3.153261,-0.279881,1.579847,-2.055953,1.016762,2.221576
3.157263,-2.130036,1.196426,-3.241692,1.161275,-3.105707
3.161265,-1.023854,0.787448,-1.697334,1.305787,-2.145405
3.165266,1.645802,0.361400,1.170536,1.450376,-1.169497
3.169268,3.158321,-0.072843,2.780198,1.594999,-0.185614
3.173269,1.843124,-0.506198,1.850466,1.739668,0.793557
3.177271,-0.983966,-0.929565,-0.491070,1.884403,1.771948
3.181273,-3.355551,-1.334020,-2.106401,2.029149,2.760204
3.185274,-3.459217,-1.711009,-1.677801,2.173989,-2.535946
3.189276,-2.252968,-2.052535,-0.021007,2.318806,-1.582489
3.193277,-1.199777,-2.351330,1.258781,2.463740,-0.678109
3.197279,-1.139843,-2.601017,1.507545,2.608623,0.215750
3.201281,-2.278562,-2.796249,0.629922,2.753635,1.145092
3.205282,-3.848866,-2.932827,-0.750825,2.898573,2.097199
3.209284,-4.769735,-3.007796,-1.450402,3.043645,3.029777
3.213285,-4.334029,-3.019513,-1.037770,-3.094558,-2.339873
3.217287,-2.945602,-2.967685,0.293993,-2.949449,-1.386814
3.221289,-1.502692,-2.853377,1.592500,-2.804438,-0.373974
3.225290,-1.536845,-2.678988,1.374786,-2.659317,0.645469
3.229292,-2.818368,-2.448200,-0.054686,-2.514293,1.603341
3.233293,-3.714359,-2.165897,-1.383403,-2.369184,2.499140
3.237295,-3.715066,-1.838060,-1.836008,-2.224162,-2.868057
3.241297,-1.877624,-1.471632,-0.687188,-2.079089,-1.901890
3.245298,0.705241,-1.074371,1.368932,-1.934089,-0.926331
3.249300,2.125217,-0.654680,2.440302,-1.789075,0.030942
3.253301,1.409620,-0.221417,1.470560,-1.644113,0.985334
3.257303,-1.017894,0.216288,-1.109613,-1.499175,1.960727
3.261305,-2.453398,0.649236,-3.092168,-1.354266,2.955964
3.265306,-1.033387,1.068344,-2.271501,-1.209417,-2.330097
3.269308,2.799025,1.464843,0.751707,-1.064571,-1.347409
3.273309,5.714621,1.830460,3.227883,-0.919821,-0.381532
3.277311,5.571121,2.157590,2.996095,-0.775052,0.579864
3.281313,2.500199,2.439457,0.093612,-0.630404,1.545315
3.285314,-0.845050,2.670247,-3.003004,-0.485718,2.506700
3.289316,-1.241102,2.845222,-3.604096,-0.341170,-2.826331
3.293317,1.503939,2.960814,-1.161148,-0.196567,-1.872649
3.297319,5.712677,3.014687,2.514448,-0.052108,-0.896228
3.301321,7.276699,3.005787,4.034820,0.092417,0.096673
3.305322,4.875063,2.934358,1.866091,0.236800,1.081971
3.309324,0.602419,2.801934,-1.778820,0.381249,2.048188
3.313325,-1.857783,2.611303,-3.777847,0.525571,3.011219
3.317327,-0.787384,2.366444,-2.478519,0.669956,-2.293765
3.321329,2.717291,2.072439,0.943139,0.814239,-1.306513
3.325330,5.078761,1.735375,3.228393,0.958576,-0.328593
3.329332,4.213731,1.362216,2.581215,1.102843,0.634002
3.333333,1.089250,0.960668,-0.051609,1.247150,1.587925
3.337335,-1.920056,0.539021,-2.329268,1.391424,2.533408
3.341337,-2.711140,0.105984,-2.565651,1.535719,-2.813133
3.345338,-1.254072,-0.329498,-0.763592,1.680020,-1.862806
3.349340,0.996695,-0.758420,1.666898,1.824323,-0.874793
3.353341,1.687120,-1.171900,2.444796,1.968670,0.138801
3.357343,-0.227259,-1.561358,0.933362,2.113003,1.145095
3.361345,-2.596602,-1.918690,-1.076864,2.257416,2.127715
3.365346,-3.918272,-2.236436,-1.827627,2.401797,3.090607
3.369348,-3.452604,-2.507934,-1.042990,2.546287,-2.259059
3.373349,-2.301493,-2.727464,0.308267,2.690732,-1.366972
3.377351,-1.437407,-2.890367,1.346830,2.835306,-0.471392
3.381353,-1.411749,-2.993147,1.370272,2.979829,0.474135
3.385354,-2.824967,-3.033549,0.204535,3.124491,1.437281
3.389356,-4.090209,-3.010610,-1.105612,-3.014085,2.373341
3.393357,-4.630988,-2.924691,-1.589606,-2.869336,-2.979166
3.397359,-3.586065,-2.777471,-0.738764,-2.724636,-2.011625
3.401361,-1.690325,-2.571925,0.962219,-2.579807,-1.018446
3.405362,-0.633140,-2.312264,1.905566,-2.435019,-0.029873
3.409364,-1.184527,-2.003852,1.157585,-2.290120,0.942414
3.413365,-2.827235,-1.653096,-0.648926,-2.145249,1.894742
3.417367,-3.756348,-1.267318,-2.043868,-2.000295,2.827980
3.421369,-2.942796,-0.854600,-1.890807,-1.855352,-2.517729
3.425370,-0.332690,-0.423615,0.040728,-1.710359,-1.554764
3.429372,2.560843,0.016557,2.268177,-1.565360,-0.581932
3.433373,3.197653,0.456624,2.673269,-1.420349,0.375000
3.437375,1.533185,0.887289,0.752587,-1.275315,1.324958
3.441377,-1.289481,1.299444,-2.239684,-1.130304,2.298966
3.445378,-2.050266,1.684370,-3.542289,-0.985253,-2.983817
3.449380,0.747983,2.033922,-1.480543,-0.840259,-1.983124
3.453381,4.921524,2.340706,2.007157,-0.695214,-1.003244
3.457383,7.123761,2.598243,3.784191,-0.550256,-0.040666
3.461385,5.582954,2.801107,2.334280,-0.405240,0.924364
3.465386,1.702326,2.945046,-1.283730,-0.260334,1.902786
3.469388,-1.014628,3.027071,-3.781985,-0.115369,2.883852
3.473389,-0.062072,3.045509,-2.907045,0.029472,-2.439187
3.477391,3.437329,3.000042,0.233205,0.174368,-1.508536
3.481393,6.589889,2.891704,3.201764,0.319137,-0.576344
3.485394,6.932557,2.722860,3.634914,0.463951,0.393800
3.489396,3.377106,2.497149,0.693082,0.608641,1.394159
3.493397,-0.853073,2.219405,-2.787180,0.753360,2.390056
3.497399,-2.264282,1.895546,-3.565862,0.897966,-2.917005
3.501401,-0.298006,1.532436,-1.270796,1.042581,-1.938248
3.505402,2.880534,1.137741,1.993702,1.187105,-0.938363
3.509404,3.836404,0.719759,3.082878,1.331617,0.059302
3.513405,1.809070,0.287250,1.458466,1.476064,1.014091
3.517407,-1.139590,-0.150753,-0.884079,1.620478,1.926248
3.521409,-3.313000,-0.585127,-2.347526,1.764856,2.851060
3.525410,-3.319221,-1.006858,-1.851472,1.909179,-2.466488
3.529412,-1.526137,-1.407220,0.188597,2.053496,-1.486352
3.533413,-0.046534,-1.777956,1.805171,2.197740,-0.519743
3.537415,-0.115134,-2.111443,1.772997,2.342009,0.436725
3.541417,-1.867848,-2.400843,0.310960,2.486193,1.403440
3.545418,-3.656810,-2.640236,-1.294845,2.630427,2.387102
3.549420,-4.325388,-2.824739,-1.620796,2.774572,-2.907406
3.553421,-3.287220,-2.950604,-0.547496,2.918786,-1.934591
3.557423,-2.070274,-3.015286,0.769933,3.062910,-0.999183
3.561425,-1.392864,-3.017494,1.359686,-3.076066,-0.106071
3.565426,-1.760762,-2.957215,1.000904,-2.931940,0.778986
3.569428,-2.881815,-2.835709,-0.199308,-2.787722,1.702359
3.573429,-3.953688,-2.655487,-1.461690,-2.643573,2.666786
3.577431,-3.768670,-2.420261,-1.533806,-2.499332,-2.645475
3.581433,-2.035149,-2.134866,-0.228935,-2.355140,-1.694623
3.585434,-0.115959,-1.805171,1.488482,-2.210866,-0.747529
3.589436,0.859056,-1.437958,2.197473,-2.066615,0.231163
3.593437,-0.554896,-1.040783,0.796375,-1.922295,1.239225
3.597439,-2.571254,-0.621833,-1.573217,-1.777972,2.238330
3.601441,-3.267871,-0.189756,-2.596511,-1.633596,-3.086948
3.605442,-1.331703,0.246508,-1.512931,-1.489188,-2.157383
3.609444,1.710482,0.677908,1.032045,-1.344749,-1.214048
3.613445,4.404482,1.095472,3.085442,-1.200254,-0.245506
3.617447,3.747979,1.490490,2.506789,-1.055749,0.728278
3.621449,0.993072,1.854701,-0.436486,-0.911164,1.695117
3.625450,-1.893025,2.180461,-3.283645,-0.766590,2.664096
3.629452,-1.353343,2.460908,-3.381212,-0.621918,-2.637399
3.633453,2.304988,2.690105,-0.299698,-0.477273,-1.646512
3.637455,6.494887,2.863172,3.147131,-0.332518,-0.657840
3.641457,7.224501,2.976396,3.728455,-0.187804,0.317778
3.645458,4.525433,3.027321,1.126258,-0.042979,1.274401
3.649460,0.620459,3.014804,-2.314404,0.101796,2.219267
3.653461,-1.087474,2.939043,-3.857880,0.246677,-3.110126
3.657463,0.687195,2.801580,-2.073014,0.391505,-2.136949
3.661465,4.543241,2.605266,1.512091,0.536427,-1.159868
3.665466,6.679955,2.354210,3.596223,0.681301,-0.199352
3.669468,5.389781,2.053693,2.632855,0.826250,0.752888
3.673469,1.550662,1.710058,-0.554468,0.971157,1.726020
3.677471,-1.935972,1.330577,-3.196488,1.116113,2.723453
3.681473,-2.097806,0.923287,-2.772671,1.261037,-2.563353
3.685474,0.279273,0.496817,-0.036895,1.405981,-1.582701
3.689476,2.481313,0.060199,2.393486,1.550907,-0.603004
3.693477,2.345212,-0.377330,2.484842,1.695825,0.384909
3.697479,-0.233125,-0.806521,0.513924,1.840739,1.355226
3.701481,-2.732225,-1.218319,-1.405930,1.985615,2.280705
3.705482,-4.087278,-1.604056,-2.025973,2.130500,-3.095589
3.709484,-3.539287,-1.955641,-1.091577,2.275319,-2.157590
3.713485,-1.978921,-2.265732,0.710758,2.420159,-1.187923
3.717487,-1.019967,-2.527890,1.765361,2.564910,-0.213152
3.721489,-1.592347,-2.736715,1.244955,2.709689,0.753598
3.725490,-3.209550,-2.887948,-0.224948,2.854364,1.709880
3.729492,-4.431867,-2.978563,-1.386975,2.999072,2.656741
3.733493,-4.422691,-3.006817,-1.383088,-3.139521,-2.676320
3.737495,-3.149884,-2.972286,-0.223269,-2.994896,-1.716655
3.741497,-1.623740,-2.875858,1.088163,-2.850389,-0.770808
3.745498,-1.062049,-2.719711,1.517967,-2.705855,0.141052
3.749500,-1.563366,-2.507253,0.813886,-2.561432,1.049428
3.753501,-2.872781,-2.243047,-0.729810,-2.416992,1.991088
3.757503,-3.648692,-1.932704,-1.906331,-2.272650,2.951518
3.761505,-2.670910,-1.582764,-1.517996,-2.128304,-2.377102
3.765506,-0.316017,-1.200558,0.351156,-1.984039,-1.418464
3.769508,2.099415,-0.794051,2.310981,-1.839784,-0.435938
3.773509,2.180349,-0.371674,2.321004,-1.695586,0.561384
3.777511,0.088504,0.057849,0.064548,-1.551414,1.548343
3.781513,-2.287044,0.485675,-2.431113,-1.407271,2.515894
3.785514,-2.241039,0.903019,-2.974657,-1.263168,-2.805137
3.789516,0.452845,1.301332,-0.871800,-1.119067,-1.837647
3.793517,4.240446,1.672464,2.214022,-0.975018,-0.871620
3.797519,5.803804,2.008831,3.568928,-0.830944,0.088931
3.801521,4.070923,2.303564,1.844810,-0.686932,1.057279
3.805522,0.223479,2.550647,-1.776919,-0.542872,2.043656
3.809524,-1.930100,2.745033,-3.932158,-0.398876,3.035740
3.813525,-0.199736,2.882738,-2.532499,-0.254812,-2.269907
3.817527,3.836483,2.960925,1.025854,-0.110807,-1.306797
3.821529,6.929534,2.977957,3.740209,0.033279,-0.336348
3.825530,6.264230,2.933438,3.140820,0.177314,0.650966
3.829532,2.483426,2.828226,-0.260492,0.321438,1.638811
3.833533,-0.938647,2.664417,-3.149640,0.465522,2.608063
3.837535,-1.222701,2.445307,-3.199084,0.609696,-2.724939
3.841537,1.215290,2.175331,-0.708272,0.753849,-1.781894
3.845538,4.362277,1.859972,2.209425,0.898089,-0.837218
3.849540,5.256255,1.505664,3.228835,1.042328,0.119248
3.853541,3.184201,1.119664,1.452929,1.186646,1.098449
3.857543,-0.512017,0.709913,-1.526071,1.330985,2.092589
3.861545,-2.525835,0.284873,-2.859073,1.475388,3.076925
3.865546,-1.808965,-0.146644,-1.663825,1.619833,-2.238740
3.869548,0.276024,-0.575663,0.780790,1.764324,-1.259819
3.873549,1.694011,-0.993224,2.302225,1.908878,-0.253277
3.877551,0.535551,-1.390577,1.546845,2.053459,0.747801
3.881553,-1.613333,-1.759359,-0.217531,2.198121,1.690608
3.885554,-3.387851,-2.091779,-1.376188,2.342791,2.569040
3.889556,-4.007825,-2.380784,-1.515424,2.487552,-2.835119
3.893557,-3.360982,-2.620217,-0.537016,2.632304,-1.912339
3.897559,-2.111173,-2.804952,0.941566,2.777152,-0.953748
3.901561,-1.504106,-2.931011,1.644356,2.921975,0.028403
3.905562,-2.433224,-2.995651,0.856586,3.066892,1.022586
3.909564,-4.037759,-2.997429,-0.693079,-3.071411,2.012209
3.913565,-4.862885,-2.936237,-1.577525,-2.926444,2.986696
3.917567,-4.203073,-2.813311,-1.097602,-2.781519,-2.340056
3.921569,-2.524755,-2.631203,0.255847,-2.636524,-1.407772
3.925570,-1.088543,-2.393731,1.421994,-2.491576,-0.500203
3.929572,-0.664956,-2.105896,1.598162,-2.346576,0.403308
3.933573,-1.521653,-1.773770,0.465733,-2.201623,1.326083
3.937575,-3.040383,-1.404368,-1.392308,-2.056642,2.274110
3.941577,-3.349978,-1.005494,-2.396138,-1.911702,-3.037748
3.945578,-1.555903,-0.585573,-1.220763,-1.766760,-2.046863
3.949580,1.908558,-0.153468,1.444815,-1.621854,-1.045923
3.953581,3.771953,0.281713,3.048494,-1.476971,-0.047717
3.957583,2.889019,0.710814,1.877239,-1.332116,0.939606
3.961585,-0.129480,1.124828,-1.113531,-1.187309,1.915957
3.965586,-1.911978,1.515087,-3.278143,-1.042518,2.885104
3.969588,-0.732012,1.873443,-2.640436,-0.897796,-2.435511
3.973589,2.932313,2.192435,0.310051,-0.753079,-1.483182
3.977591,6.321454,2.465445,3.129255,-0.608449,-0.538818
3.981593,6.659912,2.686834,3.475115,-0.463816,0.413365
3.985594,3.733177,2.852060,0.725250,-0.319282,1.385340
3.989596,-0.361780,2.957762,-2.847699,-0.174738,2.365925
3.993597,-1.452943,3.001826,-3.907457,-0.030296,-2.948706
3.997599,0.899318,2.983416,-1.632526,0.114161,-1.990806
4.001601,5.028931,2.902987,2.137378,0.258521,-1.018015
4.005602,7.038669,2.762266,4.079516,0.402900,-0.019690
4.009604,4.832344,2.564223,2.189235,0.547192,0.984250
4.013605,0.594883,2.312998,-1.451000,0.691502,1.968951
4.017607,-2.079414,2.013818,-3.463615,0.835740,2.932432
4.021609,-1.427137,1.672881,-2.467639,0.979993,-2.390082
4.025610,1.389629,1.297233,0.468139,1.124197,-1.424229
4.029612,3.628273,0.894619,2.686782,1.268413,-0.465785
4.033613,3.248837,0.473330,2.517151,1.412607,0.474571
4.037615,0.725023,0.042042,0.437173,1.556808,1.409665
4.041617,-2.286114,-0.390363,-1.913669,1.701012,2.366542
4.045618,-3.493111,-0.814969,-2.563983,1.845220,-2.924704
4.049620,-2.136796,-1.223013,-0.823655,1.989456,-1.905923
4.053621,0.001927,-1.606058,1.457036,2.133691,-0.882313
4.057623,0.415732,-1.956164,2.007561,2.277980,0.114619
4.061625,-0.886473,-2.266047,0.872388,2.422264,1.055390
4.065626,-2.717231,-2.529227,-0.609141,2.566624,1.953439
4.069628,-3.938909,-2.740165,-1.541992,2.710978,2.874834
4.073629,-3.897090,-2.894379,-1.197823,2.855424,-2.439625
4.077631,-2.654122,-2.988543,0.142357,2.999865,-1.475106
4.081633,-1.686569,-3.020561,1.211830,-3.138779,-0.564502
4.085634,-1.531338,-2.989618,1.409840,-2.994240,0.335508
4.089636,-2.544374,-2.896203,0.435909,-2.849598,1.297417
4.093637,-4.048937,-2.742111,-1.117297,-2.704952,2.295417
4.097639,-4.419552,-2.530410,-1.695198,-2.560207,-3.022551
4.101641,-3.285245,-2.265393,-0.902150,-2.415453,-2.098486
4.105642,-1.245596,-1.952488,0.809637,-2.270609,-1.148215
4.109644,0.335920,-1.598160,2.114157,-2.125749,-0.150604
4.113645,-0.164587,-1.209769,1.466933,-1.980816,0.839101
4.117647,-1.846638,-0.795428,-0.431115,-1.835859,1.765906
4.121649,-3.062827,-0.363826,-2.109807,-1.690847,2.652991
4.125650,-2.748529,0.075947,-2.459325,-1.545804,-2.703453
4.129652,0.166845,0.514599,-0.448863,-1.400730,-1.717933
4.133653,3.736363,0.942834,2.516038,-1.255619,-0.707990
4.137655,4.993443,1.351555,3.306842,-1.110501,0.295143
4.141657,2.689992,1.732068,1.014351,-0.965345,1.280329
4.145658,-0.401406,2.076271,-2.270181,-0.820205,2.250412
4.149660,-1.592881,2.376830,-3.680188,-0.675025,-3.070326
4.153661,0.880671,2.627341,-1.926924,-0.529881,-2.106729
4.157663,4.997623,2.822470,1.608764,-0.384699,-1.137562
4.161665,7.597823,2.958069,3.777475,-0.239571,-0.171283
4.165666,6.413481,3.031273,2.712312,-0.094413,0.778827
4.169668,2.635238,3.040562,-0.567856,0.050678,1.719123
4.173669,-0.714074,2.985791,-3.510576,0.195788,2.675093
4.177671,-1.011752,2.868188,-3.470626,0.340822,-2.628685
4.181673,2.367638,2.690320,-0.283920,0.485865,-1.642675
4.185674,5.727291,2.456033,3.071142,0.630830,-0.658866
4.189676,6.134091,2.170368,3.576950,0.775791,0.333710
4.193677,2.858638,1.839443,0.843673,0.920675,1.333710
4.197679,-1.069875,1.470326,-2.230511,1.065538,2.311709
4.201681,-2.490739,1.070867,-3.038668,1.210330,-3.031995
4.205682,-1.487024,0.649531,-1.461446,1.355085,-2.094134
4.209684,1.075700,0.215208,1.202240,1.499778,-1.126752
4.213685,2.247267,-0.222974,2.570061,1.644421,-0.160474
4.217687,1.081418,-0.655844,1.740429,1.789015,0.775589
4.221689,-1.475829,-1.074378,-0.364035,1.933548,1.724410
4.225690,-3.943100,-1.469887,-2.120127,2.078044,2.730782
4.229692,-3.933235,-1.834195,-1.724577,2.222469,-2.523935
4.233693,-2.499117,-2.159812,0.051251,2.366871,-1.542975
4.237695,-1.272605,-2.440075,1.332208,2.511196,-0.629155
4.241697,-1.085187,-2.669286,1.512586,2.655512,0.284165
4.245698,-2.197696,-2.842819,0.501547,2.799750,1.237922
4.249700,-3.520977,-2.957203,-0.864868,2.943993,2.199638
4.253701,-4.178230,-3.010192,-1.408282,3.088162,3.135368
4.257703,-3.449868,-3.000801,-0.863030,-3.050840,-2.240796
4.261705,-2.247698,-2.929319,0.321958,-2.906722,-1.345709
4.265706,-0.946437,-2.797303,1.437969,-2.762582,-0.430023
4.269708,-0.881778,-2.607534,1.528433,-2.618494,0.536820
4.273709,-2.228333,-2.363966,0.045837,-2.474378,1.547376
4.277711,-3.828567,-2.071637,-1.729458,-2.330297,2.563073
4.281713,-3.635887,-1.736576,-1.952828,-2.186186,-2.733800
4.285714,-1.622013,-1.365678,-0.452554,-2.042092,-1.776892
4.289716,0.821697,-0.966569,1.590891,-1.897968,-0.822862
4.293717,1.971048,-0.547451,2.447700,-1.753841,0.136077
4.297719,0.783039,-0.116942,1.212583,-1.609687,1.085001
4.301721,-1.457034,0.316101,-1.211101,-1.465510,2.024260
4.305722,-2.793265,0.742756,-2.943513,-1.321309,2.975099
4.309724,-1.436281,1.154210,-2.226549,-1.177065,-2.338919
4.313725,2.309672,1.541944,0.694328,-1.032802,-1.364577
4.317727,5.334137,1.897903,3.293949,-0.888482,-0.391374
4.321729,5.429366,2.214668,3.101714,-0.744148,0.587796
4.325730,2.096447,2.485609,-0.012944,-0.599746,1.574164
4.329732,-1.074376,2.705031,-3.244695,-0.455334,2.556575
4.333733,-1.283782,2.868286,-3.620849,-0.310846,-2.755890
4.337735,2.051076,2.971881,-0.855806,-0.166349,-1.790363
4.341737,6.118333,3.013553,2.686260,-0.021772,-0.820749
4.345738,7.464844,2.992326,3.864155,0.122812,0.149919
4.349740,5.128933,2.908542,1.704215,0.267473,1.111260
4.353741,1.010325,2.763862,-1.795623,0.412139,2.063258
4.357743,-1.302531,2.561234,-3.769994,0.556875,3.021966
4.361745,-0.316416,2.304838,-2.474377,0.701616,-2.282322
4.365746,3.369834,1.999997,1.031937,0.846417,-1.288779
4.369748,5.625143,1.653073,3.390429,0.991226,-0.296820
4.373749,4.612520,1.271330,2.592204,1.136083,0.684508
4.377751,1.036402,0.862790,-0.277265,1.280949,1.659090
4.381753,-2.065985,0.436058,-2.565691,1.425845,2.632436
4.385754,-2.638912,0.000137,-2.437476,1.570751,-2.681260
4.389756,-1.096463,-0.435769,-0.375848,1.715669,-1.721466
4.393758,0.728973,-0.862454,1.653782,1.860598,-0.772152
4.397759,0.850792,-1.270908,2.111339,2.005521,0.170391
4.401761,-0.676472,-1.652512,0.895909,2.150458,1.107951
4.405762,-3.005304,-1.999223,-0.868212,2.295371,2.042315
4.409764,-4.438729,-2.303749,-1.845640,2.440297,2.988376
4.413766,-4.195236,-2.559702,-1.249769,2.585184,-2.314520
4.417767,-2.658960,-2.761740,0.470463,2.730081,-1.303557
4.421769,-1.550014,-2.905679,1.571960,2.874926,-0.304659
4.425770,-1.960125,-2.988572,1.220547,3.019778,0.633470
4.429772,-3.037501,-3.008772,0.059565,-3.118616,1.530667
4.433774,-4.239926,-2.965961,-1.200339,-2.973823,2.464631
4.437775,-4.285544,-2.861148,-1.502897,-2.829094,-2.849337
4.441777,-2.974585,-2.696645,-0.526102,-2.684371,-1.914788
4.445778,-1.283100,-2.476007,0.836309,-2.539713,-1.031534
4.449780,-0.013629,-2.203956,1.817990,-2.395067,-0.117582
4.453782,-0.359052,-1.886267,1.337758,-2.250483,0.861485
4.457783,-2.019550,-1.529646,-0.614456,-2.105918,1.853100
4.461785,-3.315354,-1.141586,-2.216538,-1.961406,2.815193
4.465786,-2.429888,-0.730206,-2.061088,-1.816920,-2.511575
4.469788,0.259417,-0.304083,0.137931,-1.672477,-1.521430
4.473790,3.362959,0.127924,2.574490,-1.528066,-0.512363
4.477791,3.504342,0.556866,2.683558,-1.383687,0.473648
4.481793,1.458342,0.973878,0.448306,-1.239344,1.425254
4.485794,-1.343663,1.370368,-2.332809,-1.095018,2.373673
4.489796,-1.907490,1.738179,-3.342060,-0.950729,-2.945032
4.493798,0.592921,2.069754,-1.402803,-0.806443,-1.978579
4.497799,4.538870,2.358287,1.928158,-0.662191,-1.018100
4.501801,6.709399,2.597857,3.832196,-0.517930,-0.048544
4.505802,5.133816,2.783550,2.344027,-0.373701,0.938543
4.509804,1.014698,2.911553,-1.408490,-0.229451,1.929976
4.513806,-1.610426,2.979234,-3.877298,-0.085227,2.911605
4.517807,-0.565934,2.985187,-2.900359,0.059029,-2.398682
4.521809,3.299074,2.929261,0.552183,0.203269,-1.427922
4.525810,6.425322,2.812566,3.396311,0.347552,-0.460487
4.529812,6.228678,2.637456,3.239888,0.491829,0.500806
4.533814,2.959223,2.407485,0.397929,0.636153,1.460074
4.537815,-0.733845,2.127341,-2.636790,0.780482,2.421655
4.541817,-1.848048,1.802754,-3.306793,0.924859,-2.898410
4.545818,0.046682,1.440380,-1.167179,1.069255,-1.930980
4.549820,3.123349,1.047668,1.862170,1.213700,-0.951344
4.553822,4.194118,0.632716,3.054144,1.358175,0.038664
4.557823,2.344175,0.204111,1.485942,1.502699,1.023991
4.561825,-0.907576,-0.229251,-1.102084,1.647264,1.997575
4.565826,-2.885446,-0.658338,-2.459994,1.791872,2.975339
4.569828,-2.605080,-1.074177,-1.560119,1.936530,-2.314480
4.573830,-0.871744,-1.468044,0.489216,2.081224,-1.330563
4.577831,0.054956,-1.831644,1.672785,2.225974,-0.396699
4.581833,-0.430485,-2.157291,1.476909,2.370753,0.496585
4.585834,-1.945295,-2.438070,0.256728,2.515590,1.414215
4.589836,-3.867616,-2.667994,-1.165532,2.660449,2.373824
4.593838,-4.458657,-2.842130,-1.537613,2.805366,-2.942806
4.597839,-3.842876,-2.956718,-0.619057,2.950295,-1.988669
4.601841,-2.431843,-3.009252,0.769534,3.095277,-1.037018
4.605842,-1.735942,-2.998544,1.517663,-3.042923,-0.078822
4.609844,-2.251448,-2.924750,0.974912,-2.897892,0.887084
4.613846,-3.536363,-2.789372,-0.434765,-2.752864,1.854117
4.617847,-4.390498,-2.595232,-1.460560,-2.607802,2.794293
4.621849,-3.857273,-2.346410,-1.368036,-2.462750,-2.594997
4.625850,-2.285204,-2.048160,-0.225819,-2.317678,-1.698603
4.629852,-0.195635,-1.706797,1.479584,-2.172623,-0.745956
4.633854,0.839840,-1.329558,2.166349,-2.027562,0.240611
4.637855,-0.396634,-0.924445,0.826845,-1.882523,1.221243
4.641857,-2.256646,-0.500047,-1.535132,-1.737494,2.197244
4.645858,-3.101739,-0.065357,-2.821151,-1.592490,-3.095308
4.649860,-0.839200,0.370422,-1.499340,-1.447512,-2.100995
4.653862,2.647030,0.798082,1.308355,-1.302563,-1.128333
4.657863,5.028947,1.208606,3.128286,-1.157655,-0.173476
4.661865,4.384240,1.593363,2.346098,-1.012780,0.787823
4.665866,1.397563,1.944300,-0.624692,-0.867960,1.753375
4.669868,-1.097100,2.254103,-3.206710,-0.723174,2.704219
4.673870,-0.736698,2.516353,-3.238834,-0.578452,-2.632165
4.677871,2.676831,2.725652,-0.344719,-0.433765,-1.658776
4.681873,6.693323,2.877735,3.195373,-0.289147,-0.660658
4.685874,7.297074,2.969552,3.817670,-0.144567,0.330922
4.689876,4.180723,2.999329,1.071590,-0.000059,1.299063
4.693878,-0.012998,2.966597,-2.550182,0.144410,2.262775
4.697879,-1.829590,2.872188,-3.971737,0.288807,-3.040156
4.701881,0.315593,2.718209,-1.809741,0.433168,-2.053525
4.705882,4.027027,2.507985,1.763237,0.577463,-1.080491
4.709884,5.923059,2.245990,3.578003,0.721724,-0.118710
4.713886,4.317938,1.937746,2.296242,0.865929,0.847531
4.717887,0.639139,1.589707,-0.794687,1.010103,1.814315
4.721889,-2.227163,1.209125,-2.892561,1.154230,2.764573
4.725890,-2.281742,0.803895,-2.527067,1.298329,-2.578210
4.729892,-0.244400,0.382392,-0.140443,1.442394,-1.618905
4.733894,2.261661,-0.046697,2.277162,1.586438,-0.633967
4.737895,2.185287,-0.474549,2.510184,1.730464,0.358397
4.741897,0.046438,-0.892380,0.551081,1.874475,1.350140
4.745898,-2.822381,-1.291616,-1.649008,2.018483,2.351542
4.749900,-3.609861,-1.664065,-2.065988,2.162482,-2.925172
4.753902,-2.686370,-2.002084,-0.685645,2.306493,-1.951909
4.757903,-1.283875,-2.298731,0.819219,2.450503,-1.044184
4.761905,-0.718401,-2.547899,1.535136,2.594538,-0.153380
4.765906,-1.295742,-2.744445,1.076880,2.738580,0.790974
4.769908,-2.799170,-2.884289,-0.264289,2.882658,1.753312
4.773910,-3.981354,-2.964501,-1.218447,3.026753,2.651564
4.777911,-4.128172,-2.983364,-1.352048,-3.112293,-2.760845
4.781913,-3.211520,-2.940414,-0.354963,-2.968130,-1.788573
4.785914,-1.454756,-2.836456,1.297068,-2.823916,-0.731806
4.789916,-1.148373,-2.673553,1.611085,-2.679671,0.298782
4.793918,-2.177614,-2.454987,0.552389,-2.535372,1.222158
4.797919,-3.425673,-2.185201,-0.876360,-2.391036,2.106612
4.801921,-4.144869,-1.869716,-1.893383,-2.246645,3.060997
4.805922,-2.969997,-1.515020,-1.246334,-2.102213,-2.242948
4.809924,-0.643460,-1.128441,0.520678,-1.957729,-1.316841
4.813926,1.247549,-0.718000,2.086752,-1.813203,-0.416024
4.817927,1.740636,-0.292238,2.236071,-1.668629,0.540071
4.821929,-0.364792,0.139953,0.080663,-1.524012,1.542802
4.825930,-2.465404,0.569524,-2.516985,-1.379353,2.540415
4.829932,-2.381010,0.987451,-2.980710,-1.234652,-2.768003
4.833934,0.743774,1.384936,-0.750965,-1.089917,-1.794706
4.837935,4.629208,1.753587,2.443334,-0.945143,-0.809090
4.841937,6.114747,2.085608,3.565049,-0.800345,0.175951
4.845938,4.071493,2.373970,1.510796,-0.655516,1.143405
4.849940,0.594449,2.612563,-1.827829,-0.510672,2.090819
4.853942,-1.261854,2.796333,-3.750615,-0.365802,3.032430
4.857943,0.300016,2.921384,-2.593664,-0.220926,-2.294066
4.861945,4.424808,2.985071,1.027409,-0.076032,-1.313576
4.865946,7.627765,2.986052,3.848867,0.068861,-0.322235
4.869948,6.788484,2.924326,3.152455,0.213761,0.659325
4.873950,2.901126,2.801229,-0.220661,0.358651,1.627256
4.877951,-0.809892,2.619410,-3.298193,0.503538,2.598173
4.881953,-1.429556,2.382764,-3.405635,0.648407,-2.702346
4.885954,1.361847,2.096343,-0.537114,0.793263,-1.720268
4.889956,4.280229,1.766247,2.510703,0.938096,-0.749265
4.893958,4.890354,1.399487,3.186536,1.082910,0.219264
4.897959,2.237599,1.003837,1.139717,1.227695,1.192131
4.901961,-1.098790,0.587662,-1.582511,1.372454,2.154468
4.905962,-3.058557,0.159739,-2.695013,1.517180,3.096788
4.909964,-2.341242,-0.270937,-1.606198,1.661872,-2.236388
4.913966,-0.370896,-0.695341,0.780305,1.806529,-1.253604
4.917967,1.102872,-1.104614,2.245174,1.951148,-0.263449
4.921969,0.095832,-1.490244,1.640629,2.095733,0.693812
4.925970,-1.897203,-1.844241,-0.133785,2.240280,1.636638
4.929972,-4.028866,-2.159300,-1.719853,2.384792,2.624415
4.933974,-4.171078,-2.428951,-1.605878,2.529266,-2.634945
4.937975,-2.907387,-2.647691,-0.131880,2.673707,-1.653282
4.941977,-1.756884,-2.811087,1.020793,2.818112,-0.770349
4.945978,-1.382066,-2.915865,1.402756,2.962489,0.089440
4.949980,-1.952672,-2.959968,0.773895,3.106833,1.014262
4.953982,-3.362409,-2.942592,-0.578848,-3.032031,1.967107
4.957983,-4.059235,-2.864194,-1.501189,-2.887736,2.905805
4.961985,-3.722480,-2.726485,-1.246003,-2.743458,-2.432411
4.965986,-1.859685,-2.532381,0.196432,-2.599198,-1.459153
4.969988,-0.298310,-2.285949,1.662622,-2.454949,-0.473165
4.973990,0.007954,-1.992315,1.710651,-2.310709,0.507232
4.977991,-1.457294,-1.657563,0.190001,-2.166472,1.477570
4.981993,-2.948394,-1.288604,-1.613593,-2.022233,2.433054
4.985994,-3.071383,-0.893049,-2.177306,-1.877989,-2.912390
4.989996,-1.242008,-0.479045,-0.951874,-1.733734,-1.978061
4.993998,1.578522,-0.055124,1.344940,-1.589465,-1.030383
4.997999,3.342665,0.369978,2.830000,-1.445177,-0.070535
5.002001,2.495753,0.787493,1.915989,-1.300867,0.896108
5.006002,-0.399450,1.188801,-0.982804,-1.156530,1.873183
5.010004,-2.458458,1.565597,-3.362046,-1.012162,2.860473
5.014006,-1.370123,1.910064,-2.774236,-0.867759,-2.436479
5.018007,2.695956,2.215028,0.426768,-0.723318,-1.457016
5.022009,6.118521,2.474110,3.433215,-0.578837,-0.475428
5.026010,6.424685,2.681861,3.404706,-0.434313,0.511208
5.030012,3.013823,2.833882,0.325583,-0.289747,1.486435
5.034014,-0.357310,2.926918,-2.912111,-0.145136,2.438227
5.038015,-1.227122,2.958931,-3.728530,-0.000482,-2.898820
5.042017,1.398243,2.929145,-1.387416,0.144221,-1.935865
5.046018,5.480663,2.838070,2.215185,0.288968,-0.962398
5.050020,7.108384,2.687500,3.823266,0.433764,0.006381
5.054022,5.271963,2.480485,2.119438,0.578601,0.974414
5.058023,1.028204,2.221272,-1.375980,0.723484,1.951273
5.062025,-1.625890,1.915227,-3.507867,0.868403,2.929763
5.066026,-1.095888,1.568718,-2.506833,1.013361,-2.381589
5.070028,1.868308,1.188982,0.555692,1.158352,-1.404154
5.074030,4.166344,0.783980,2.952721,1.303377,-0.406981
5.078031,3.421258,0.362224,2.471599,1.448428,0.599470
5.082033,0.296930,-0.067397,-0.050618,1.593505,1.589551
5.086034,-2.342340,-0.495810,-1.987129,1.738603,2.544338
5.090036,-3.200204,-0.913953,-2.067018,1.883714,-2.820626
5.094038,-2.242146,-1.312974,-0.694493,2.028838,-1.913207
5.098039,-0.771230,-1.684424,1.156926,2.173965,-0.969276
5.102041,-0.107163,-2.020438,2.000803,2.319095,0.027791
5.106042,-1.440344,-2.313906,0.948089,2.464218,1.039492
5.110044,-3.506769,-2.558627,-0.732642,2.609338,2.015052
5.114046,-4.535189,-2.749442,-1.572289,2.754438,2.958894
5.118047,-4.375124,-2.882345,-1.092900,2.899527,-2.360069
5.122049,-2.873675,-2.954570,0.261929,3.044586,-1.387755
5.126050,-2.057989,-2.964646,1.170176,-3.093560,-0.486680
5.130052,-1.731000,-2.912424,1.265025,-2.948559,0.346132
5.134054,-2.485948,-2.799078,0.483291,-2.803585,1.247466
5.138055,-3.734787,-2.627071,-1.051981,-2.658656,2.240298
5.142057,-4.119532,-2.400100,-1.773945,-2.513759,-3.040486
5.146058,-2.764647,-2.123012,-0.901699,-2.368912,-2.080282
5.150060,-0.558110,-1.801696,0.828891,-2.224104,-1.139385
5.154062,1.029507,-1.442951,2.132570,-2.079348,-0.176578
5.158063,0.779944,-1.054340,1.624433,-1.934634,0.800850
5.162065,-1.209911,-0.644022,-0.488548,-1.789971,1.768741
5.166066,-2.664536,-0.220586,-2.438212,-1.645352,2.730151
5.170068,-2.105371,0.207134,-2.415451,-1.500780,-2.582137
5.174070,1.002041,0.630238,-0.110866,-1.356253,-1.607694
5.178071,4.103583,1.039947,2.503207,-1.211768,-0.646820
5.182073,4.965411,1.427784,3.150831,-1.067329,0.304997
5.186074,2.786931,1.785746,1.041922,-0.922924,1.268768
5.190076,-0.678739,2.106465,-2.290686,-0.778563,2.246035
5.194078,-1.902286,2.383354,-3.755925,-0.634226,-3.064768
5.198079,0.298165,2.610733,-1.964839,-0.489926,-2.102853
5.202081,4.612984,2.783941,1.705091,-0.345640,-1.132150
5.206082,7.181556,2.899429,4.073766,-0.201385,-0.139379
5.210084,5.717626,2.954829,2.661911,-0.057134,0.860248
5.214086,1.432305,2.949004,-1.048892,0.087092,1.840319
5.218087,-1.430879,2.882066,-3.567889,0.231322,2.792956
5.222089,-1.176775,2.755373,-3.074860,0.375537,-2.546629
5.226090,2.052088,2.571497,-0.093567,0.519767,-1.596412
5.230092,5.206182,2.334177,2.868248,0.663994,-0.643873
5.234094,5.715904,2.048246,3.373483,0.808244,0.309125
5.238095,2.987341,1.719540,1.018524,0.952501,1.277856
5.242097,-0.934302,1.354786,-2.246897,1.096787,2.272838
5.246098,-2.515573,0.961464,-3.301231,1.241089,-3.001598
5.250100,-0.912685,0.547662,-1.296669,1.385421,-2.001771
5.254102,1.802867,0.121909,1.492562,1.529781,-1.021274
5.258103,2.731805,-0.306995,2.633543,1.674173,-0.050674
5.262105,1.307835,-0.730152,1.467745,1.818601,0.920165
5.266106,-1.466171,-1.138752,-0.669703,1.963062,1.880799
5.270108,-3.237787,-1.524254,-1.880030,2.107565,2.809618
5.274110,-3.552398,-1.878565,-1.576617,2.252097,-2.569844
5.278111,-2.379393,-2.194214,-0.127915,2.396675,-1.639584
5.282113,-1.037199,-2.464514,1.473157,2.541276,-0.651725
5.286114,-0.992481,-2.683702,1.651083,2.685926,0.359982
5.290116,-2.459096,-2.847071,0.382590,2.830595,1.332848
5.294118,-4.066911,-2.951071,-0.976888,2.975311,2.251608
5.298119,-4.710485,-2.993395,-1.588614,3.120039,-3.090260
5.302121,-4.070471,-2.973031,-0.801630,-3.018374,-2.088593
5.306122,-2.319501,-2.890296,0.711574,-2.873595,-1.095093
5.310124,-1.653234,-2.746831,1.457277,-2.728780,-0.188163
5.314126,-1.659982,-2.545572,1.217168,-2.583964,0.675490
5.318127,-2.882483,-2.290689,-0.052629,-2.439120,1.600989
5.322129,-4.021397,-1.987503,-1.596196,-2.294281,2.567756
5.326130,-3.813136,-1.642373,-1.899064,-2.149425,-2.768566
5.330132,-1.821967,-1.262563,-0.579866,-2.004579,-1.830228
5.334134,0.998424,-0.856080,1.682072,-1.859729,-0.850877
5.338135,2.467973,-0.431508,2.748988,-1.714894,0.165200
5.342137,1.012909,0.002187,1.118400,-1.570069,1.175643
5.346138,-1.404390,0.435848,-1.629126,-1.425260,2.152385
5.350140,-2.386906,0.860324,-3.053956,-1.280475,3.103221
5.354142,-0.472219,1.266669,-1.960981,-1.135708,-2.231722
5.358143,3.160575,1.646329,0.967328,-0.990978,-1.277577
5.362145,6.067225,1.991334,3.316625,-0.846267,-0.320958
5.366146,5.686526,2.294462,2.928979,-0.701606,0.637177
5.370148,2.506606,2.549399,-0.110231,-0.556967,1.599850
5.374150,-0.940252,2.750864,-3.311592,-0.412387,2.570313
5.378151,-1.128265,2.894721,-3.715676,-0.267828,-2.733043
5.382153,2.182447,2.978050,-0.716725,-0.123333,-1.746363
5.386154,6.367039,2.999213,2.962567,0.021140,-0.759847
5.390156,7.287255,2.957874,3.916438,0.165548,0.219851
5.394158,4.538613,2.855008,1.449418,0.309931,1.190856
5.398159,0.284423,2.692872,-2.085664,0.454248,2.153658
5.402161,-1.795223,2.474950,-3.672182,0.598539,3.108347
5.406162,-0.605276,2.205868,-2.178120,0.742767,-2.223502
5.410164,2.652290,1.891295,1.062152,0.886969,-1.264511
5.414166,4.835433,1.537817,3.297846,1.031117,-0.292757
5.418167,3.830956,1.152801,2.577160,1.175239,0.684084
5.422169,0.351895,0.744245,-0.276021,1.319317,1.657552
5.426170,-2.718960,0.320608,-2.665769,1.463369,2.631956
5.430172,-3.249088,-0.109363,-2.592883,1.607388,-2.665405
5.434174,-1.156548,-0.536810,-0.269518,1.751380,-1.669330
5.438175,0.911056,-0.952951,1.959336,1.895354,-0.677437
5.442177,1.101271,-1.349245,2.176155,2.039304,0.297419
5.446178,-0.782617,-1.717567,0.640970,2.183253,1.253977
5.450180,-2.809039,-2.050367,-1.089838,2.327179,2.193693
5.454182,-3.960142,-2.340821,-1.720705,2.471120,3.112672
5.458183,-3.448714,-2.582967,-1.047999,2.615042,-2.262330
5.462185,-2.274887,-2.771824,0.379619,2.758993,-1.334943
5.466186,-1.104085,-2.903495,1.499467,2.902930,-0.380923
5.470188,-1.415182,-2.975242,1.342518,3.046907,0.574676
5.474190,-2.703482,-2.985544,0.074549,-3.092307,1.524610
5.478191,-4.184070,-2.934130,-1.330970,-2.948285,2.497466
5.482193,-4.322543,-2.821991,-1.577841,-2.804261,-2.787286
5.486194,-2.976061,-2.651362,-0.393495,-2.660180,-1.813564
5.490196,-1.333283,-2.425683,0.994645,-2.516089,-0.906708
5.494198,-0.523629,-2.149537,1.713921,-2.371938,-0.020799
5.498199,-0.879135,-1.828554,1.164059,-2.227767,0.909708
5.502201,-2.556284,-1.469309,-0.603997,-2.083537,1.866681
5.506202,-3.630916,-1.079186,-2.140481,-1.939276,2.817645
5.510204,-2.975420,-0.666237,-2.014926,-1.794959,-2.505565
5.514206,-0.153785,-0.239013,0.149116,-1.650602,-1.516915
5.518207,2.797452,0.193606,2.590906,-1.506198,-0.516661
5.522209,3.222541,0.622600,2.802094,-1.361746,0.473678
5.526210,0.951750,1.039000,0.369452,-1.217256,1.459107
5.530212,-1.824255,1.434072,-2.650252,-1.072712,2.448491
5.534214,-2.016097,1.799508,-3.361548,-0.928139,-2.857377
5.538215,1.040612,2.127596,-1.178228,-0.783508,-1.908429
5.542217,4.951540,2.411392,2.107698,-0.638860,-0.965528
5.546218,7.240972,2.644874,3.887456,-0.494153,0.004104
5.550220,5.332987,2.823075,2.174721,-0.349442,0.991757
5.554222,1.410866,2.942192,-1.522566,-0.204677,1.965746
5.558223,-1.185104,2.999677,-3.853872,-0.059919,2.918765
5.562225,-0.178359,2.994284,-2.972546,0.084890,-2.406224
5.566226,3.745878,2.926103,0.583324,0.229683,-1.426048
5.570228,6.995845,2.796553,3.605265,0.374519,-0.437873
5.574230,6.628926,2.608362,3.303711,0.519332,0.538338
5.578231,2.986597,2.365507,0.254296,0.664175,1.502445
5.582233,-0.817149,2.073130,-2.841593,0.808990,2.471855
5.586234,-1.950124,1.737418,-3.324618,0.953818,-2.827498
5.590236,0.147227,1.365473,-0.879331,1.098616,-1.841264
5.594238,2.850203,0.965152,1.949368,1.243412,-0.873982
5.598239,3.427808,0.544899,2.809390,1.388178,0.064721
5.602241,1.723182,0.113562,1.468143,1.532928,0.992824
5.606242,-1.529998,-0.319792,-0.962159,1.677649,1.944503
5.610244,-3.654061,-0.746076,-2.522144,1.822337,2.936425
5.614246,-3.524839,-1.156376,-1.673516,1.967001,-2.328866
5.618247,-1.416171,-1.542140,0.551654,2.111615,-1.317829
5.622249,-0.432124,-1.895355,1.839819,2.256212,-0.342568
5.626251,-0.792956,-2.208714,1.450643,2.400748,0.597672
5.630252,-2.486951,-2.475761,0.070943,2.545273,1.526897
5.634254,-3.834888,-2.691021,-1.164910,2.689731,2.449939
5.638255,-4.318849,-2.850108,-1.417390,2.834184,-2.923210
5.642257,-3.446932,-2.949812,-0.611341,2.978567,-2.007032
5.646259,-2.146617,-2.988156,0.702914,3.122953,-1.070778
5.650260,-1.168399,-2.964432,1.481954,-3.015916,-0.134943
5.654262,-1.590999,-2.879207,1.098467,-2.871591,0.798686
5.658263,-2.799083,-2.734307,-0.332364,-2.727326,1.767184
5.662265,-4.038949,-2.532774,-1.679463,-2.583049,2.772240
5.666267,-3.417569,-2.278804,-1.484629,-2.438820,-2.522245
5.670268,-1.613515,-1.977657,-0.035700,-2.294574,-1.590071
5.674270,0.317060,-1.635550,1.555441,-2.150362,-0.674617
5.678271,1.050272,-1.259532,2.112724,-2.006132,0.281081
5.682273,-0.236189,-0.857340,0.723536,-1.861915,1.260701
5.686275,-2.307666,-0.437244,-1.528052,-1.717679,2.225609
5.690276,-2.964941,-0.007885,-2.683186,-1.573435,-3.106970
5.694278,-1.311296,0.421897,-1.583482,-1.429172,-2.146098
5.698279,2.240572,0.843240,1.226079,-1.284880,-1.169783
5.702281,4.598418,1.247435,3.298698,-1.140571,-0.184757
5.706283,3.920828,1.626109,2.443442,-0.996213,0.808996
5.710284,0.559497,1.971393,-0.850611,-0.851841,1.805902
5.714286,-1.931814,2.276082,-3.458565,-0.707401,2.787767
5.718287,-1.023571,2.533783,-3.060541,-0.562948,-2.535538
5.722289,2.563406,2.739048,-0.024882,-0.418411,-1.577323
5.726291,6.421324,2.887491,3.201425,-0.273861,-0.604869
5.730292,6.916305,2.975886,3.637156,-0.129219,0.368540
5.734294,3.991039,3.002247,0.938106,0.015435,1.326393
5.738295,0.125025,2.965872,-2.530713,0.160184,2.277272
5.742297,-1.564023,2.867369,-3.933050,0.304947,-3.042585
5.746299,0.685117,2.708647,-1.880394,0.449803,-2.063001
5.750300,4.596589,2.492884,1.884179,0.594677,-1.073323
5.754302,6.763632,2.224470,3.837931,0.739639,-0.078243
5.758303,4.785105,1.908924,2.244310,0.884621,0.914648
5.762305,0.852107,1.552787,-1.107434,1.029679,1.895858
5.766307,-1.972492,1.163488,-3.142861,1.174760,2.868543
5.770308,-1.705719,0.749185,-2.331890,1.319899,-2.438395
5.774310,0.591037,0.318596,0.291925,1.465066,-1.466579
5.778311,2.338140,-0.119190,2.207592,1.610270,-0.526139
5.782313,2.049834,-0.554906,2.223767,1.755507,0.390111
5.786315,-0.141111,-0.979304,0.544212,1.900760,1.337294
5.790316,-2.890203,-1.383357,-1.556167,2.046048,2.329394
5.794318,-4.102378,-1.758457,-2.058523,2.191330,-2.964683
5.798319,-3.230731,-2.096606,-0.820925,2.336647,-2.007748
5.802321,-1.865463,-2.390592,0.944949,2.481935,-1.038377
5.806323,-1.083905,-2.634148,1.751568,2.627257,-0.027466
5.810324,-2.193193,-2.822090,0.891154,2.772531,0.958777
5.814326,-3.551935,-2.950426,-0.373585,2.917835,1.841934
5.818327,-4.550005,-3.016448,-1.297034,3.063076,2.709131
5.822329,-4.593010,-3.018784,-1.303605,-3.074845,-2.602116
5.826331,-3.093648,-2.957433,-0.044360,-2.929655,-1.600411
5.830332,-1.849869,-2.833758,1.105233,-2.784452,-0.689662
5.834334,-1.211820,-2.650451,1.509803,-2.639329,0.157070
5.838335,-1.703079,-2.411470,0.830939,-2.494205,1.085826
5.842337,-3.283520,-2.121953,-1.006437,-2.349161,2.093709
5.846339,-3.841138,-1.788094,-2.157791,-2.204128,3.105423
5.850340,-2.489290,-1.417014,-1.327326,-2.059172,-2.194026
5.854342,0.417639,-1.016599,0.825127,-1.914243,-1.221930
5.858343,2.381635,-0.595332,2.480517,-1.769381,-0.244687
5.862345,2.193228,-0.162100,1.986858,-1.624561,0.729816
5.866347,-0.072400,0.273988,-0.317593,-1.479796,1.686578
5.870348,-1.896469,0.703801,-2.475624,-1.335084,2.622136
5.874350,-1.688453,1.118369,-2.771830,-1.190411,-2.733790
5.878351,1.094228,1.509073,-0.719895,-1.045803,-1.793460
5.882353,4.769673,1.867817,2.387702,-0.901216,-0.827225
5.886355,6.311081,2.187200,3.704764,-0.756704,0.160076
5.890356,4.042175,2.460661,1.579629,-0.612197,1.153599
5.894358,0.062430,2.682614,-2.149987,-0.467771,2.142000
5.898359,-1.846097,2.848552,-4.016584,-0.323333,3.124586
5.902361,0.179132,2.955131,-2.292826,-0.178975,-2.177469
5.906363,4.341374,3.000233,1.438635,-0.034591,-1.200076
5.910364,6.973912,2.983007,3.770159,0.109720,-0.235909
5.914366,5.888451,2.903878,2.874163,0.254065,0.712272
5.918367,2.224997,2.764544,-0.326969,0.398345,1.657607
5.922369,-1.331158,2.567935,-3.266689,0.542663,2.616318
5.926371,-1.747564,2.318148,-3.381683,0.686930,-2.691169
5.930372,1.123974,2.020364,-0.493020,0.831238,-1.705263
5.934374,4.370825,1.680740,2.660850,0.975513,-0.718896
5.938375,4.949407,1.306288,3.245451,1.119827,0.259891
5.942377,2.287021,0.904739,1.056682,1.264129,1.232634
5.946379,-1.138777,0.484385,-1.806797,1.408463,2.212009
5.950380,-2.893483,0.053915,-2.812898,1.552806,-3.081267
5.954382,-1.759692,-0.377767,-1.295164,1.697170,-2.101625
5.958383,0.188469,-0.801718,0.932097,1.841565,-1.155413
5.962385,1.219616,-1.209143,2.091284,1.985970,-0.225737
5.966387,0.392631,-1.591568,1.519561,2.130425,0.723294
5.970388,-1.734930,-1.941022,-0.201199,2.274880,1.677761
5.974390,-3.546150,-2.250196,-1.510553,2.419401,2.599928
5.978391,-4.048958,-2.512603,-1.624279,2.563910,-2.764330
5.982393,-3.138742,-2.722715,-0.378216,2.708497,-1.784794
5.986395,-1.611929,-2.876085,1.257835,2.853061,-0.763238
5.990396,-1.464913,-2.969443,1.581761,2.997709,0.228873
5.994398,-2.554556,-3.000773,0.611645,-3.140857,1.163929
5.998399,-4.010944,-2.969356,-0.784086,-2.996155,2.099657
6.002401,-4.823053,-2.875793,-1.562834,-2.851485,3.065072
6.006403,-3.982508,-2.722002,-0.998860,-2.706738,-2.272228
6.010404,-2.494985,-2.511176,0.311262,-2.562026,-1.371542
6.014406,-0.954587,-2.247723,1.510242,-2.417250,-0.467332
6.018407,-0.648896,-1.937172,1.655197,-2.272505,0.468299
6.022409,-1.730417,-1.586056,0.317159,-2.127713,1.414576
6.026411,-3.282852,-1.201774,-1.637316,-1.982946,2.374571
6.030412,-3.498615,-0.792433,-2.463116,-1.838154,-2.913181
6.034414,-1.123263,-0.366671,-0.867259,-1.693380,-1.897566
6.038415,2.120874,0.066523,1.708217,-1.548604,-0.905959
6.042417,3.693644,0.498012,2.836997,-1.403838,0.041129
6.046419,2.686146,0.918706,1.682112,-1.259096,0.978096
6.050420,0.024841,1.319760,-1.165966,-1.114353,1.940495
6.054422,-1.853402,1.692763,-3.301389,-0.969657,2.915470
6.058423,-0.421901,2.029915,-2.598488,-0.824951,-2.405190
6.062425,3.208368,2.324194,0.437212,-0.680312,-1.451095
6.066427,6.797458,2.569499,3.407944,-0.535656,-0.483943
6.070428,6.847709,2.760784,3.512371,-0.391087,0.500451
6.074430,3.429931,2.894161,0.328667,-0.246496,1.490182
6.078431,-0.551106,2.966973,-3.222262,-0.102005,2.476496
6.082433,-1.304901,2.977846,-3.861519,0.042508,-2.826180
6.086435,1.614004,2.926701,-1.113160,0.186918,-1.852877
6.090436,5.467133,2.814753,2.490863,0.331348,-0.884255
6.094438,6.832515,2.644475,3.835848,0.475677,0.086976
6.098439,4.410957,2.419541,1.822717,0.620020,1.059970
6.102441,0.336821,2.144746,-1.553642,0.764267,2.021285
6.106443,-2.185191,1.825895,-3.390552,0.908519,2.966648
6.110444,-1.611651,1.469676,-2.417522,1.052689,-2.363273
6.114446,1.302155,1.083518,0.643029,1.196851,-1.377603
6.118447,3.632963,0.675432,2.984731,1.340952,-0.369077
6.122449,2.752164,0.253849,2.375890,1.485033,0.628980
6.126451,-0.120619,-0.172549,-0.051666,1.629077,1.590236
6.130452,-2.752507,-0.595005,-2.007241,1.773089,2.523473
6.134454,-3.516699,-1.004865,-2.235793,1.917088,-2.813615
6.138455,-2.189385,-1.393748,-0.577468,2.061042,-1.828269
6.142457,-0.343606,-1.753717,1.429766,2.205010,-0.820081
6.146459,0.020644,-2.077429,1.821104,2.348924,0.161517
6.150460,-1.229125,-2.358281,0.784403,2.492879,1.066686
6.154462,-2.720060,-2.590538,-0.544699,2.636776,1.926896
6.158463,-4.032777,-2.769443,-1.559760,2.780736,2.847890
6.162465,-3.845471,-2.891314,-1.282006,2.924639,-2.440151
6.166467,-2.424142,-2.953619,0.219902,3.068623,-1.437158
6.170468,-1.176198,-2.955024,1.437400,-3.070630,-0.470719
6.174470,-1.193571,-2.895427,1.445869,-2.926605,0.484686
6.178471,-2.452781,-2.775957,0.172911,-2.782619,1.467264
6.182473,-3.816083,-2.598963,-1.275939,-2.638534,2.449923
6.186475,-3.881169,-2.367969,-1.572876,-2.494471,-2.909952
6.190476,-2.691888,-2.087612,-0.763898,-2.350309,-2.043616
6.194478,-0.859030,-1.763555,0.770790,-2.206149,-1.149178
6.198479,0.744131,-1.402382,2.095043,-2.061896,-0.193525
6.202481,0.345367,-1.011463,1.659602,-1.917623,0.786951
6.206483,-1.591090,-0.598816,-0.484472,-1.773267,1.762798
6.210484,-3.297244,-0.172943,-2.508600,-1.628865,2.733780
6.214486,-2.596535,0.257337,-2.474270,-1.484397,-2.575502
6.218487,0.548224,0.683066,-0.089609,-1.339859,-1.599518
6.222489,3.904821,1.095337,2.679688,-1.195274,-0.623209
6.226491,4.818756,1.485480,3.247334,-1.050599,0.357401
6.230492,2.356368,1.845250,0.813349,-0.905898,1.342038
6.234494,-0.780003,2.167005,-2.475614,-0.761090,2.318526
6.238495,-1.709652,2.443870,-3.638672,-0.616275,-3.008256
6.242497,0.905864,2.669887,-1.775199,-0.471341,-2.063993
6.246499,4.995955,2.840152,1.725450,-0.326417,-1.109833
6.250500,7.714699,2.950926,3.955121,-0.181371,-0.138686
6.254502,6.356186,2.999727,2.710464,-0.036350,0.839323
6.258503,2.221150,2.985393,-1.011972,0.108786,1.820702
6.262505,-0.993226,2.908112,-3.864333,0.253886,2.812745
6.266507,-0.525227,2.769423,-3.116619,0.399090,-2.472856
6.270508,3.117327,2.572182,0.293708,0.544252,-1.492735
6.274510,5.829875,2.320504,3.064577,0.689500,-0.540115
6.278511,5.854334,2.019683,3.165789,0.834706,0.409016
6.282513,2.668982,1.676074,0.656941,0.979972,1.371758
6.286515,-0.930983,1.296958,-2.158071,1.125200,2.326378
6.290516,-2.501883,0.890383,-3.000546,1.270456,-3.024478
6.294518,-1.459224,0.464982,-1.452623,1.415680,-2.075294
6.298519,1.214142,0.029786,1.417755,1.560900,-1.074359
6.302521,2.370780,-0.405975,2.799274,1.706099,-0.047867
6.306523,0.650608,-0.833070,1.458286,1.851263,0.952475
6.310524,-2.082993,-1.242465,-0.743744,1.996418,1.906395
6.314526,-4.015279,-1.625521,-2.008021,2.141506,2.850013
6.318527,-3.970975,-1.974176,-1.532635,2.286597,-2.465935
6.322529,-2.609129,-2.281121,0.141015,2.431594,-1.492387
6.326531,-1.414980,-2.539950,1.392315,2.576604,-0.546528
6.330532,-1.449922,-2.745294,1.410880,2.721500,0.365901
6.334534,-2.476074,-2.892925,0.433019,2.866418,1.270665
6.338535,-3.793844,-2.979843,-0.855662,3.011209,2.190209
6.342537,-4.457635,-3.004330,-1.520464,-3.127158,3.131393
6.346539,-3.673904,-2.965980,-0.917657,-2.982470,-2.186003
6.350540,-2.011644,-2.865699,0.604275,-2.837754,-1.197845
6.354542,-0.697340,-2.705682,1.665094,-2.693163,-0.202344
6.358543,-1.074105,-2.489356,1.222651,-2.548545,0.775191
6.362545,-2.283879,-2.221304,-0.252388,-2.404038,1.716864
6.366547,-3.416778,-1.907166,-1.595798,-2.259510,2.637864
6.370548,-3.040334,-1.553519,-1.794648,-2.115070,-2.707818
6.374550,-1.175185,-1.167740,-0.372603,-1.970620,-1.745764
6.378551,1.340607,-0.757854,1.604302,-1.826229,-0.787165
6.382553,2.291004,-0.332367,2.399821,-1.681839,0.147589
6.386555,1.299364,0.099910,1.255328,-1.537475,1.082760
6.390556,-1.251682,0.530037,-1.396711,-1.393126,2.055661
6.394558,-2.689902,0.949121,-3.256557,-1.248766,3.062029
6.398559,-0.880104,1.348503,-2.056098,-1.104432,-2.214645
6.402561,3.040283,1.719920,1.177389,-0.960053,-1.230141
6.406563,5.761422,2.055681,3.519573,-0.815712,-0.258376
6.410564,5.134538,2.348820,2.825409,-0.671296,0.720627
6.414566,1.584595,2.593244,-0.507230,-0.526925,1.704255
6.418567,-1.357326,2.783851,-3.379052,-0.382456,2.671850
6.422569,-1.108918,2.916638,-3.363490,-0.238034,-2.668876
6.426571,2.142442,2.988783,-0.621399,-0.093493,-1.732816
6.430572,6.133317,2.998704,2.844971,0.051002,-0.776207
6.434574,7.400090,2.946105,3.995948,0.195624,0.207801
6.438575,4.584071,2.831984,1.459705,0.340205,1.203507
6.442577,0.285545,2.658624,-2.280767,0.484912,2.187300
6.446579,-1.749454,2.429548,-3.823227,0.629588,-3.132263
6.450580,-0.119034,2.149451,-2.109928,0.774379,-2.165586
6.454582,3.387627,1.824108,1.437967,0.919154,-1.170534
6.458583,5.565685,1.460255,3.433120,1.064028,-0.161156
6.462585,3.839809,1.065460,2.152250,1.208904,0.819955
6.466587,0.706524,0.647968,-0.529493,1.353854,1.755207
6.470588,-2.173271,0.216527,-2.481617,1.498824,2.691422
6.474590,-2.506158,-0.219794,-2.275593,1.643835,-2.615664
6.478591,-0.935616,-0.651800,-0.156189,1.788886,-1.635715
6.482593,0.721774,-1.070370,1.660417,1.933945,-0.704831
6.486595,0.736972,-1.466648,2.049415,2.079060,0.204329
6.490596,-0.795662,-1.832235,0.813520,2.224152,1.170887
6.494598,-3.372554,-2.159374,-1.164527,2.369314,2.188873
6.498599,-4.458324,-2.441114,-1.834278,2.514421,-3.092313
6.502601,-3.913065,-2.671469,-0.904979,2.659606,-2.137065
6.506603,-2.570518,-2.845549,0.611418,2.804711,-1.180797
6.510604,-1.762024,-2.959667,1.479823,2.949895,-0.203297
6.514606,-2.283922,-3.011416,1.033321,3.094980,0.720546
6.518607,-3.277858,-2.999725,0.019168,-3.043045,1.556671
6.522609,-4.418796,-2.924878,-1.177449,-2.897995,2.452036
6.526611,-4.578212,-2.788508,-1.602704,-2.752881,-2.818529
6.530612,-3.072406,-2.593559,-0.381998,-2.607881,-1.796531
6.534614,-1.152478,-2.344222,1.086919,-2.462833,-0.866952
6.538615,-0.267393,-2.045832,1.820066,-2.317894,0.016808
6.542617,-0.514172,-1.704759,1.159404,-2.172930,0.981731
6.546619,-2.483932,-1.328255,-0.953107,-2.028060,2.005755
6.550620,-3.106931,-0.924306,-2.272100,-1.883191,2.997181
6.554622,-1.937889,-0.501451,-1.675210,-1.738395,-2.363324
6.558623,0.879363,-0.068603,0.314680,-1.593629,-1.447372
6.562625,3.492406,0.365147,2.484474,-1.448912,-0.489304
6.566627,3.938881,0.790721,2.677691,-1.304252,0.484381
6.570628,1.621844,1.199246,0.388143,-1.159613,1.450256
6.574630,-1.240061,1.582242,-2.615348,-1.015057,2.425903
6.578631,-1.818921,1.931787,-3.517002,-0.870492,-2.858808
6.582633,1.271274,2.240681,-1.067247,-0.726029,-1.860312
6.586635,5.238024,2.502590,2.367855,-0.581531,-0.887896
6.590636,6.921766,2.712168,3.809861,-0.437150,0.069879
6.594638,4.889176,2.865168,1.967298,-0.292712,1.044610
6.598639,0.791790,2.958522,-1.752362,-0.148398,2.033724
6.602641,-1.547309,2.990392,-3.793464,-0.004013,3.005142
6.606643,-0.241316,2.960207,-2.603066,0.140252,-2.334810
6.610644,3.250168,2.868658,0.690700,0.284598,-1.387554
6.614646,6.351137,2.717687,3.488706,0.428837,-0.413971
6.618647,5.772875,2.510447,3.151788,0.573158,0.566456
6.622649,2.328055,2.251233,0.143293,0.717390,1.531188
6.626651,-1.331301,1.945399,-2.818240,0.861696,2.490509
6.630652,-2.241695,1.599246,-3.296829,1.005939,-2.816183
6.634654,0.030816,1.219897,-0.843249,1.150241,-1.824997
6.638655,3.061227,0.815147,2.117417,1.294513,-0.836500
6.642657,3.737580,0.393316,2.910204,1.438827,0.142993
6.646659,1.787055,-0.036915,1.192169,1.583144,1.115027
6.650660,-1.326088,-0.466681,-1.189812,1.727481,2.072491
6.654662,-2.896999,-0.887104,-2.258059,1.871856,3.010537
6.658663,-2.824234,-1.289484,-1.488536,2.016224,-2.338045
6.662665,-1.115309,-1.665465,0.368382,2.160662,-1.390100
6.666667,-0.013324,-2.007218,1.795378,2.305070,-0.429062
6.670668,-0.252657,-2.307596,1.636675,2.449575,0.550920
6.674670,-2.228335,-2.560285,0.012735,2.594030,1.563942
6.678671,-3.970284,-2.759936,-1.474876,2.738602,2.595512
6.682673,-4.163610,-2.902286,-1.371770,2.883109,-2.692167
6.686675,-3.201815,-2.984252,-0.288924,3.027744,-1.786821
6.690676,-2.240380,-3.003999,0.772557,-3.110881,-0.938008
6.694678,-1.679190,-2.960991,1.369640,-2.966189,-0.055243
6.698679,-2.139843,-2.856006,0.947622,-2.821574,0.866212
6.702681,-3.414956,-2.691127,-0.348766,-2.676836,1.794210
6.706683,-4.382912,-2.469704,-1.589965,-2.532169,2.733393
6.710684,-4.108576,-2.196294,-1.632677,-2.387396,-2.584478
6.714686,-1.935734,-1.876565,-0.061579,-2.242682,-1.599935
6.718687,0.294648,-1.517182,1.877945,-2.097888,-0.608910
6.722689,1.105421,-1.125668,2.269049,-1.953136,0.383808
6.726691,-0.569256,-0.710239,0.506046,-1.808335,1.372975
6.730692,-2.480961,-0.279632,-1.877530,-1.663553,2.348803
6.734694,-2.850247,0.157080,-2.737432,-1.518758,-2.975287
6.738695,-0.483107,0.590684,-1.273370,-1.373957,-2.025419
6.742697,2.900078,1.012026,1.444292,-1.229181,-1.077059
6.746699,5.225862,1.412209,3.190075,-1.084377,-0.126742
6.750700,4.359781,1.782792,2.296250,-0.939635,0.829681
6.754702,1.367250,2.115968,-0.795558,-0.794844,1.794485
6.758703,-1.337635,2.404733,-3.492800,-0.650148,2.764525
6.762705,-0.537958,2.643035,-3.240253,-0.505385,-2.544224
6.766707,3.224956,2.825898,0.049386,-0.360741,-1.558650
6.770708,7.243744,2.949529,3.511795,-0.216022,-0.559423
6.774710,7.382005,3.011397,3.708518,-0.071440,0.439837
6.778711,3.931883,3.010283,0.603550,0.073217,1.417882
6.782713,-0.032838,2.946304,-2.748306,0.217728,2.368899
6.786715,-1.393862,2.820898,-3.733653,0.362307,-2.970295
6.790716,0.633050,2.636789,-1.612052,0.506741,-2.012208
6.794718,4.215845,2.397916,1.880778,0.651230,-1.041101
6.798719,5.904871,2.109350,3.614845,0.795588,-0.069209
6.802721,4.050224,1.777180,2.184199,0.939979,0.898365
6.806723,0.205757,1.408383,-0.985169,1.084259,1.865511
6.810724,-2.734347,1.010676,-3.128217,1.228545,2.837754
6.814726,-2.525084,0.592345,-2.455106,1.372747,-2.462978
6.818727,-0.052337,0.162074,0.304887,1.516925,-1.468609
6.822729,2.077991,-0.271235,2.454936,1.661053,-0.473168
6.826731,1.598216,-0.698647,2.181434,1.805128,0.501537
6.830732,-0.656305,-1.111369,0.280318,1.949189,1.446021
6.834734,-2.976368,-1.500927,-1.514199,2.093169,2.381571
6.838735,-3.902236,-1.859340,-1.923531,2.237171,-2.954852
6.842737,-3.066887,-2.179273,-0.779244,2.381068,-2.011379
6.846739,-1.651485,-2.454190,0.811130,2.525020,-1.085318
6.850740,-0.824567,-2.678477,1.704871,2.668851,-0.146510
6.854742,-1.449816,-2.847555,1.156957,2.812764,0.837420
6.858743,-3.204596,-2.957965,-0.458621,2.956549,1.847253
6.862745,-4.294841,-3.007437,-1.500713,3.100437,2.833554
6.866747,-4.007714,-2.994938,-1.209172,-3.038985,-2.523872
6.870748,-2.791158,-2.920692,-0.098523,-2.895108,-1.636874
6.874750,-1.337894,-2.786179,1.208249,-2.751344,-0.716703
6.878752,-0.891400,-2.594101,1.659386,-2.607462,0.257343
6.882753,-1.789588,-2.348337,0.587005,-2.463670,1.230563
6.886755,-3.339025,-2.053866,-0.975440,-2.319767,2.143623
6.890756,-3.828776,-1.716669,-1.977483,-2.175922,3.031910
6.894758,-3.002307,-1.343618,-1.529256,-2.031982,-2.293423
6.898760,-0.084105,-0.942341,0.764591,-1.888062,-1.270023
6.902761,2.091350,-0.521066,2.612307,-1.744069,-0.250299
6.906763,1.682569,-0.088460,2.069243,-1.600056,0.720325
6.910764,-0.457536,0.346551,-0.269302,-1.455996,1.664049
6.914766,-2.704197,0.774956,-2.696398,-1.311875,2.626992
6.918768,-2.205588,1.187852,-2.914587,-1.167733,-2.674481
6.922769,0.959415,1.576619,-0.428405,-1.023491,-1.698369
6.926771,4.698430,1.933105,2.558480,-0.879259,-0.735275
6.930772,5.885135,2.249801,3.447351,-0.734894,0.220208
6.934774,3.856925,2.520008,1.419291,-0.590565,1.168566
6.938776,0.378762,2.737978,-1.950892,-0.446081,2.115515
6.942777,-1.528807,2.899042,-3.941446,-0.301653,3.079989
6.946779,0.377530,2.999712,-2.453389,-0.157056,-2.213716
6.950780,4.792657,3.037764,1.432365,-0.012529,-1.215876
6.954782,7.658358,3.012288,3.958323,0.132170,-0.228876
6.958784,6.483230,2.923720,2.924301,0.276791,0.747603
6.962785,2.468636,2.773840,-0.597174,0.421572,1.724692
6.966787,-0.959563,2.565737,-3.393441,0.566275,2.699031
6.970788,-1.097788,2.303744,-3.129331,0.711114,-2.624951
6.974790,1.584558,1.993346,-0.352062,0.855884,-1.671711
6.978792,4.467572,1.641062,2.610100,1.000758,-0.699573
6.982793,4.858722,1.254309,3.118946,1.145581,0.287375
6.986795,2.028529,0.841245,0.937122,1.290467,1.255853
6.990796,-1.269077,0.410590,-1.674697,1.435322,2.197344
6.994798,-3.228969,-0.028562,-2.785857,1.580193,-3.126722
6.998800,-2.374028,-0.466941,-1.405742,1.725057,-2.121118
7.002801,-0.152628,-0.895306,1.111707,1.869888,-1.101825
7.006803,0.618415,-1.304640,2.143780,2.014738,-0.122783
7.010804,-0.377737,-1.686347,1.343112,2.159511,0.801273
7.014806,-2.475002,-2.032429,-0.271498,2.304327,1.720612
7.018808,-4.120873,-2.335661,-1.562938,2.449025,2.676870
7.022809,-4.398568,-2.589738,-1.434572,2.593786,-2.628301
7.026811,-3.222917,-2.789412,-0.144328,2.738398,-1.666457
7.030812,-2.130080,-2.930593,1.013474,2.883087,-0.754177
7.034814,-1.726479,-3.010437,1.354261,3.027605,0.113912
7.038816,-2.281965,-3.027389,0.777512,-3.110977,1.009865
7.042817,-3.603575,-2.981218,-0.650937,-2.966552,1.986285
7.046819,-4.481382,-2.873010,-1.699510,-2.822042,3.015118
7.050820,-3.563317,-2.705138,-1.080114,-2.677704,-2.246223
7.054822,-1.645941,-2.481209,0.501610,-2.533292,-1.273136
7.058824,-0.250454,-2.205981,1.644476,-2.389032,-0.339737
7.062825,-0.153341,-1.885258,1.524455,-2.244714,0.595644
7.066827,-1.466125,-1.525764,0.054816,-2.100516,1.542718
7.070828,-2.765766,-1.135000,-1.624517,-1.956283,2.478583
7.074830,-2.770714,-0.721093,-2.147156,-1.812129,-2.887623
7.078832,-0.868739,-0.292627,-0.942458,-1.667966,-1.961944
7.082833,2.126818,0.141536,1.513611,-1.523835,-0.998121
7.086835,4.011638,0.572433,3.091879,-1.379725,0.002863
7.090836,2.665731,0.991185,1.729479,-1.235597,1.017105
7.094838,-0.501072,1.389175,-1.454778,-1.091517,2.016330
7.098840,-2.223938,1.758219,-3.383767,-0.947370,2.985840
7.102841,-0.744466,2.090728,-2.459721,-0.803293,-2.344174
7.106843,3.045279,2.379859,0.686644,-0.659104,-1.381869
7.110844,6.282610,2.619652,3.447178,-0.515002,-0.407274
7.114846,6.132485,2.805155,3.205858,-0.370755,0.562843
7.118848,2.806493,2.932521,0.191152,-0.226607,1.520691
7.122849,-0.624205,2.999096,-3.045672,-0.082288,2.476848
7.126851,-1.487251,3.003464,-3.754511,0.061930,-2.842371
7.130852,1.530730,2.945481,-1.175120,0.206331,-1.870979
7.134854,5.437644,2.826281,2.519045,0.350642,-0.889716
7.138856,7.120983,2.648261,3.950760,0.495134,0.105718
7.142857,4.498891,2.415037,1.723239,0.639552,1.105664
7.146859,0.427353,2.131379,-1.802833,0.784135,2.090371
7.150860,-1.766450,1.803115,-3.410686,0.928668,3.055366
7.154862,-0.806651,1.437018,-2.077811,1.073337,-2.265868
7.158864,2.047112,1.040663,0.807532,1.217987,-1.302414
7.162865,3.777640,0.622277,2.651062,1.362736,-0.356985
7.166867,3.163011,0.190573,2.262323,1.507502,0.567246
7.170868,0.458175,-0.245430,0.164015,1.652322,1.508443
7.174870,-2.491792,-0.676594,-2.059190,1.797195,2.493771
7.178872,-3.419445,-1.093860,-2.286676,1.942072,-2.780032
7.182873,-2.068144,-1.488437,-0.469442,2.087033,-1.782400
7.186875,-0.510641,-1.851996,1.396398,2.231952,-0.811101
7.190876,-0.262415,-2.176847,1.839910,2.376982,0.147811
7.194878,-1.658657,-2.456106,0.766695,2.521927,1.107103
7.198880,-3.440727,-2.683845,-0.731949,2.667004,2.055037
7.202881,-4.520187,-2.855223,-1.437186,2.811960,2.971997
7.206883,-4.248828,-2.966593,-1.060226,2.957058,-2.418852
7.210884,-3.245248,-3.015585,0.080637,3.102010,-1.515096
7.214886,-1.904313,-3.001158,1.284027,-3.036081,-0.575101
7.218888,-1.737282,-2.923624,1.495734,-2.891146,0.395558
7.222889,-2.683750,-2.784639,0.326041,-2.746081,1.378224
7.226891,-4.158636,-2.587166,-1.265071,-2.601172,2.359181
7.230892,-4.233851,-2.335413,-1.836063,-2.456159,-2.946545
7.234894,-2.727117,-2.034740,-0.764546,-2.311286,-1.970880
7.238896,-0.308518,-1.691540,1.104186,-2.166342,-1.002283
7.242897,1.092175,-1.313099,2.144818,-2.021513,-0.045515
7.246899,0.552894,-0.907435,1.399074,-1.876653,0.904808
7.250900,-1.160496,-0.483120,-0.666566,-1.731872,1.852710
7.254902,-2.547742,-0.049103,-2.391148,-1.587103,2.792441
7.258904,-1.601101,0.385490,-2.288688,-1.442371,-2.554930
7.262905,1.201881,0.811541,-0.087337,-1.297696,-1.599760
7.266907,4.675294,1.220141,2.674785,-1.153015,-0.614946
7.270908,5.285270,1.602775,3.201225,-1.008433,0.379972
7.274910,2.838335,1.951499,0.740731,-0.863804,1.360390
7.278912,-0.522500,2.259108,-2.497766,-0.719309,2.324733
7.282913,-1.554342,2.519274,-3.737874,-0.574729,-2.991927
7.286915,0.984044,2.726674,-1.667292,-0.430307,-2.013819
7.290916,5.168526,2.877091,2.012786,-0.285770,-1.033038
7.294918,7.276826,2.967500,3.904294,-0.141405,-0.062862
7.298920,5.591141,2.996122,2.441001,0.003092,0.892956
7.302921,1.536470,2.962459,-1.064632,0.147414,1.845959
7.306923,-1.618607,2.867296,-3.762447,0.291876,2.814728
7.310924,-1.200579,2.712678,-3.132535,0.436174,-2.478418
7.314926,2.422868,2.501859,0.337497,0.580607,-1.483358
7.318928,5.436645,2.239237,3.220837,0.724902,-0.505526
7.322929,5.301776,1.930258,3.164770,0.869316,0.454957
7.326931,2.137963,1.581317,0.501952,1.013629,1.423021
7.330932,-1.402600,1.199620,-2.420665,1.158031,2.408553
7.334934,-2.586671,0.793040,-2.936300,1.302375,-2.894126
7.338936,-0.867786,0.369959,-1.007971,1.446772,-1.939982
7.342937,1.299292,-0.060902,1.419575,1.591162,-0.998891
7.346939,2.427933,-0.490657,2.487179,1.735564,-0.046680
7.350940,0.928865,-0.910433,1.440522,1.880011,0.911048
7.354942,-1.500149,-1.311543,-0.642650,2.024430,1.863076
7.358944,-3.576003,-1.685669,-2.046562,2.168943,2.827543
7.362945,-3.521886,-2.025026,-1.606288,2.313388,-2.464217
7.366947,-2.046793,-2.322529,0.191087,2.457969,-1.471065
7.370948,-0.833540,-2.571937,1.552607,2.602449,-0.506528
7.374950,-1.017769,-2.767989,1.526306,2.747098,0.446906
7.378952,-2.495874,-2.906509,0.234590,2.891623,1.426765
7.382953,-4.069746,-2.984507,-1.141485,3.036338,2.414642
7.386955,-4.388020,-3.000239,-1.360298,-3.102267,-2.937918
7.390956,-3.682243,-2.953259,-0.664443,-2.957491,-2.091621
7.394958,-2.483930,-2.844432,0.464472,-2.812849,-1.242841
7.398960,-1.275233,-2.675925,1.560629,-2.668020,-0.313493
7.402961,-1.393646,-2.451167,1.426775,-2.523311,0.676471
7.406963,-2.838417,-2.174781,-0.215986,-2.378437,1.681062
7.410964,-4.212022,-1.852499,-1.825317,-2.233656,2.666699
7.414966,-3.694282,-1.491039,-1.907631,-2.088746,-2.658398
7.418968,-1.535470,-1.097970,-0.311737,-1.943893,-1.706020
7.422969,1.243136,-0.681553,1.856201,-1.798957,-0.735355
7.426971,2.286318,-0.250564,2.583546,-1.654037,0.249108
7.430972,0.890507,0.185897,0.940042,-1.509085,1.226160
7.434974,-1.459988,0.618599,-1.666856,-1.364104,2.185562
7.438976,-2.267831,1.038380,-3.023639,-1.219143,3.135193
7.442977,-0.378588,1.436346,-1.872290,-1.074110,-2.199245
7.446979,3.369360,1.804061,1.071242,-0.929148,-1.247855
7.450980,6.226597,2.133733,3.455618,-0.784076,-0.284537
7.454982,5.795746,2.418389,2.919519,-0.639124,0.700095
7.458984,2.217656,2.652024,-0.507508,-0.494033,1.699470
7.462985,-1.023543,2.829728,-3.597873,-0.349098,2.695370
7.466987,-0.576794,2.947795,-3.409569,-0.204007,-2.607430
7.470988,2.876401,3.003793,-0.268300,-0.059095,-1.639152
7.474990,6.693008,2.996613,3.048683,0.085978,-0.672500
7.478992,7.192275,2.926495,3.674571,0.230860,0.296581
7.482993,4.330147,2.795017,1.138020,0.375891,1.262073
7.486995,0.245670,2.605057,-2.178196,0.520733,2.213826
7.490996,-1.706073,2.360724,-3.572891,0.665699,-3.129084
7.494998,-0.438237,2.067260,-2.037203,0.810493,-2.173438
7.499000,2.841600,1.730921,1.372431,0.955374,-1.179638
7.503001,4.911093,1.358841,3.422105,1.100115,-0.162975
7.507003,3.165465,0.958878,2.144406,1.244896,0.838260
7.511004,-0.211516,0.539445,-0.685363,1.389577,1.805866
7.515006,-2.864787,0.109330,-2.554683,1.534245,2.764919
7.519008,-3.018965,-0.322487,-2.115681,1.678859,-2.545719
7.523009,-1.181432,-0.747028,-0.027967,1.823405,-1.582830
7.527011,0.287181,-1.155501,1.686355,1.967947,-0.654855
7.531012,0.565119,-1.539477,1.956885,2.112371,0.270426
7.535014,-1.139222,-1.891057,0.642723,2.256840,1.238148
7.539016,-3.131870,-2.203036,-1.125853,2.401147,2.228426
7.543017,-4.102426,-2.469037,-1.670369,2.545545,-3.100288
7.547019,-3.494303,-2.683643,-0.927729,2.689748,-2.200250
7.551020,-2.189870,-2.842501,0.460124,2.834076,-1.280737
7.555022,-1.051188,-2.942405,1.597765,2.978192,-0.281490
7.559024,-1.443367,-2.981355,1.174053,3.122458,0.755019
7.563025,-2.904086,-2.958594,-0.239025,-3.016675,1.734824
7.567027,-3.774844,-2.874621,-1.185706,-2.872462,2.603875
7.571028,-3.843603,-2.731178,-1.401768,-2.728446,-2.815337
7.575030,-2.706338,-2.531220,-0.470640,-2.584271,-1.862019
7.579032,-0.865127,-2.278850,1.092858,-2.440262,-0.885503
7.583033,-0.081129,-1.979242,1.803424,-2.296112,0.040157
7.587035,-0.543673,-1.638536,1.170544,-2.152081,0.951738
7.591036,-2.384699,-1.263718,-0.816856,-2.007935,1.928468
7.595038,-3.679890,-0.862481,-2.545305,-1.863852,2.958739
7.599040,-2.312600,-0.443074,-1.797474,-1.719691,-2.298757
7.603041,0.781716,-0.014141,0.684823,-1.575530,-1.317639
7.607043,3.189565,0.415458,2.607872,-1.431336,-0.378245
7.611044,3.238109,0.836826,2.527342,-1.287077,0.555012
7.615046,0.968511,1.241213,0.196591,-1.142831,1.509240
7.619048,-1.780908,1.620193,-2.687611,-0.998459,2.483538
7.623049,-1.957898,1.965842,-3.356645,-0.854142,-2.822285
7.627051,1.097771,2.270897,-1.026318,-0.709646,-1.857053
7.631052,5.162946,2.528917,2.333993,-0.565242,-0.900838
7.635054,7.103634,2.734420,3.912240,-0.420620,0.066404
7.639056,5.129131,2.883008,1.999630,-0.276122,1.054114
7.643057,1.010968,2.971470,-1.868900,-0.131384,2.047587
7.647059,-1.310823,2.997846,-3.995750,0.013213,3.027441
7.651060,0.286540,2.961482,-2.616328,0.158054,-2.289201
7.655062,4.128359,2.863044,0.983125,0.302750,-1.319000
7.659064,7.146296,2.704510,3.655055,0.447678,-0.339505
7.663065,6.187712,2.489138,3.009699,0.592468,0.635518
7.667067,2.661623,2.221404,-0.085695,0.737456,1.594675
7.671068,-1.007324,1.906904,-2.883014,0.882325,2.547103
7.675070,-1.760866,1.552239,-3.169105,1.027342,-2.773628
7.679072,0.266235,1.164871,-0.745991,1.172272,-1.799625
7.683073,3.062896,0.752960,2.136845,1.317289,-0.824049
7.687075,3.624050,0.325193,2.959800,1.462258,0.149364
7.691076,1.364119,-0.109405,1.220005,1.607245,1.126624
7.695078,-1.886140,-0.541664,-1.365285,1.752228,2.108707
7.699080,-3.817164,-0.962468,-2.466174,1.897156,3.084792
7.703081,-3.188373,-1.362951,-1.408479,2.042124,-2.233202
7.707083,-1.576274,-1.734696,0.641480,2.186967,-1.265831
7.711084,-0.376891,-2.069909,1.890524,2.331889,-0.291585
7.715086,-1.116162,-2.361584,1.410809,2.476628,0.665746
7.719088,-2.753281,-2.603651,-0.027184,2.621478,1.587240
7.723089,-4.225465,-2.791101,-1.276036,2.766099,2.498637
7.727091,-4.687726,-2.920088,-1.518972,2.910853,-2.851731
7.731092,-3.571155,-2.988006,-0.520043,3.055348,-1.903932
7.735094,-2.133144,-2.993538,0.943440,-3.083199,-0.947582
7.739096,-1.156864,-2.936677,1.653336,-2.938829,0.026769
7.743097,-1.892188,-2.818718,0.892530,-2.794320,1.007264
7.747099,-3.178659,-2.642220,-0.649216,-2.650069,1.967184
7.751100,-3.949458,-2.410950,-1.683978,-2.505695,2.913159
7.755102,-3.141190,-2.129798,-1.340870,-2.361548,-2.416942
7.759104,-1.179927,-1.804668,0.158406,-2.217309,-1.484072
7.763105,0.658391,-1.442353,1.589645,-2.073248,-0.602529
7.767107,1.369489,-1.050391,2.119942,-1.929134,0.293663
7.771108,0.195189,-0.636903,0.753096,-1.785137,1.276012
7.775110,-2.235153,-0.210433,-1.920933,-1.641131,2.307404
7.779112,-2.746677,0.220230,-2.929190,-1.497169,-2.966847
7.783113,-0.376020,0.646226,-1.296433,-1.353246,-2.003708
7.787115,3.101431,1.058804,1.676614,-1.209293,-1.039207
7.791116,5.368373,1.449494,3.499424,-1.065426,-0.042075
7.795118,3.754157,1.810279,2.055074,-0.921457,0.953580
7.799120,0.503499,2.133758,-1.170578,-0.777614,1.907850
7.803121,-1.849359,2.413286,-3.470816,-0.633604,2.838294
7.807123,-0.963196,2.643106,-3.039359,-0.489748,-2.490704
7.811124,2.862084,2.818462,0.230751,-0.345673,-1.512232
7.815126,6.581017,2.935698,3.411728,-0.201769,-0.538941
7.819128,6.828615,2.992330,3.651069,-0.057612,0.423465
7.823129,3.661695,2.987108,0.714656,0.086371,1.393396
7.827131,-0.540293,2.920040,-2.912321,0.230619,2.374255
7.831132,-1.673048,2.792399,-3.894612,0.374707,-2.930025
7.835134,0.751011,2.606697,-1.457113,0.519054,-1.953478
7.839136,4.649040,2.366641,2.142190,0.663270,-0.969538
7.843137,6.186556,2.077069,3.588428,0.807720,0.013368
7.847139,4.176910,1.743855,1.887546,0.952080,0.971777
7.851140,0.686540,1.373804,-1.046041,1.096630,1.906461
7.855142,-1.984896,0.974512,-2.962110,1.241140,2.852357
7.859144,-1.804343,0.554216,-2.322737,1.385781,-2.458694
7.863145,0.467180,0.121623,0.250196,1.530438,-1.482645
7.867147,2.427598,-0.314265,2.342366,1.675158,-0.515949
7.871148,2.110996,-0.744340,2.307815,1.819955,0.463012
7.875150,-0.443441,-1.159573,0.241812,1.964745,1.471381
7.879152,-3.087205,-1.551208,-1.750638,2.109665,2.487038
7.883153,-3.797247,-1.910952,-1.827688,2.254510,-2.813219
7.887155,-2.911376,-2.231152,-0.514416,2.399532,-1.878417
7.891156,-1.834475,-2.504970,0.876434,2.544418,-0.968768
7.895158,-1.339994,-2.726526,1.457359,2.689514,-0.064340
7.899160,-2.091528,-2.891037,0.951253,2.834428,0.846913
7.903161,-3.415831,-2.994920,-0.322984,2.979572,1.794143
7.907163,-4.646963,-3.035876,-1.364497,3.124502,2.776110
7.911164,-4.384323,-3.012946,-1.175970,-3.013521,-2.545496
7.915166,-3.225331,-2.926537,-0.102588,-2.868583,-1.642918
7.919168,-1.835883,-2.778415,1.153537,-2.723429,-0.736257
7.923169,-1.088885,-2.571671,1.701957,-2.578492,0.246494
7.927171,-2.125456,-2.310654,0.548351,-2.433372,1.276205
7.931172,-3.526367,-2.000876,-1.256171,-2.288440,2.284634
7.935174,-3.717709,-1.648896,-1.918970,-2.143374,-3.055150
7.939176,-2.200891,-1.262175,-1.123567,-1.998452,-2.156829
7.943177,0.304211,-0.848915,0.735369,-1.853455,-1.239942
7.947179,2.441481,-0.417877,2.444134,-1.708546,-0.277914
7.951180,2.409999,0.021808,2.113205,-1.563630,0.707674
7.955182,0.038799,0.460844,-0.349227,-1.418738,1.688631
7.959184,-1.942246,0.889962,-2.795414,-1.273906,2.657585
7.963185,-1.617190,1.300127,-2.983166,-1.129029,-2.655113
7.967187,1.878484,1.682718,-0.357028,-0.984278,-1.670455
7.971188,5.659276,2.029721,2.917057,-0.839421,-0.675081
7.975190,6.592102,2.333894,3.601362,-0.694746,0.314417
7.979192,3.869415,2.588918,1.081281,-0.549912,1.280797
7.983193,0.158450,2.789530,-2.326426,-0.405304,2.226188
7.987195,-1.459591,2.931621,-3.930304,-0.260496,-3.104089
7.991196,0.560238,3.012317,-2.117101,-0.115939,-2.123869
7.995198,4.829400,3.030032,1.682460,0.028840,-1.135828
7.999200,7.113095,2.984492,3.807163,0.173364,-0.176367
8.003201,5.892938,2.876739,2.789178,0.318112,0.755783
8.007203,1.960627,2.709107,-0.552826,0.462616,1.712064
8.011204,-1.711955,2.485163,-3.603637,0.607326,2.714445
8.015206,-1.671158,2.209631,-3.168359,0.751825,-2.557299
8.019208,1.455940,1.888284,-0.029962,0.896495,-1.579264
8.023209,4.203898,1.527827,2.710108,1.041004,-0.627647
8.027211,4.473751,1.135757,3.032921,1.185633,0.340473
8.031212,1.706367,0.720212,0.728647,1.330165,1.326953
8.035214,-1.523093,0.289806,-1.811359,1.474754,2.290604
8.039216,-2.807491,-0.146547,-2.532662,1.619316,-3.067539
8.043217,-2.180934,-0.579814,-1.315480,1.763864,-2.137398
8.047219,0.072043,-1.001030,0.940604,1.908460,-1.166321
8.051220,1.019341,-1.401478,2.242313,2.052973,-0.167807
8.055222,0.205418,-1.772861,1.416462,2.197604,0.830906
8.059224,-2.215411,-2.107472,-0.453766,2.342091,1.810714
8.063225,-3.666683,-2.398352,-1.627943,2.486758,2.766377
8.067227,-3.852100,-2.639432,-1.379880,2.631230,-2.564329
8.071228,-2.694281,-2.825661,-0.027278,2.775928,-1.588288
8.075230,-1.580608,-2.953113,1.166522,2.920397,-0.611473
8.079232,-1.666661,-3.019072,1.219151,3.065122,0.290735
8.083233,-2.308309,-3.022088,0.564398,-3.073582,1.103418
8.087235,-3.545495,-2.962016,-0.558367,-2.928835,1.975640
8.091236,-4.401450,-2.840022,-1.583335,-2.784326,2.965653
8.095238,-3.815063,-2.658568,-1.126676,-2.639562,-2.297147
8.099240,-1.984132,-2.421367,0.411246,-2.495009,-1.329984
8.103241,-0.531913,-2.133307,1.687214,-2.350234,-0.409212
8.107243,-0.354630,-1.800359,1.761441,-2.205624,0.551523
8.111244,-1.886141,-1.429452,0.004567,-2.060841,1.568777
8.115246,-3.601050,-1.028330,-1.959205,-1.916161,2.576466
8.119248,-3.100915,-0.605396,-2.175648,-1.771372,-2.767425
8.123249,-1.023829,-0.169533,-0.730583,-1.626615,-1.868044
8.127251,2.130479,0.270082,1.665810,-1.481823,-0.930603
8.131253,3.884849,0.704177,3.067639,-1.336989,0.050522
8.135254,2.691022,1.123585,1.669004,-1.192196,1.038080
8.139256,-0.334176,1.519443,-1.511830,-1.047287,2.020066
8.143257,-2.050984,1.883382,-3.631303,-0.902494,3.008569
8.147259,-0.224118,2.207705,-2.462980,-0.757519,-2.281353
8.151261,4.059564,2.485560,1.013584,-0.612724,-1.301668
8.155262,7.102448,2.711080,3.623550,-0.467698,-0.340455
8.159264,6.785938,2.879523,3.185741,-0.322904,0.619435
8.163265,3.116919,2.987367,-0.079023,-0.177850,1.590681
8.167267,-0.480692,3.032392,-3.342222,-0.033062,2.568087
8.171269,-0.881997,3.013715,-3.613071,0.111994,-2.742338
8.175270,2.060493,2.931809,-0.801517,0.256774,-1.781597
8.179272,5.727303,2.788486,2.524364,0.401807,-0.833251
8.183273,6.744865,2.586856,3.704917,0.546575,0.115813
8.187275,4.494179,2.331256,1.740722,0.691557,1.085197
8.191277,0.049614,2.027154,-1.777730,0.836303,2.076829
8.195278,-2.241018,1.681026,-3.497331,0.981203,3.070504
8.199280,-1.401678,1.300209,-2.034142,1.125914,-2.234351
8.203281,1.504608,0.892742,0.946489,1.270706,-1.262742
8.207283,3.155793,0.467188,2.824687,1.415373,-0.278891
8.211285,2.154721,0.032459,2.039154,1.560037,0.710308
8.215286,-0.715484,-0.402377,-0.238960,1.704649,1.670879
8.219288,-2.925047,-0.828280,-1.823455,1.849169,2.580541
8.223289,-3.630951,-1.236431,-1.944115,1.993711,-2.807525
8.227291,-2.640100,-1.618410,-0.599010,2.138079,-1.867650
8.231293,-0.891620,-1.966371,1.283429,2.282540,-0.878757
8.235294,-0.397290,-2.273193,1.890733,2.426754,0.123381
8.239296,-1.594686,-2.532625,0.793791,2.571126,1.104170
8.243297,-3.343630,-2.739403,-0.767901,2.715199,2.052989
8.247299,-4.320874,-2.889353,-1.602478,2.859478,2.997006
8.251301,-3.818146,-2.979469,-1.090316,3.003426,-2.309265
8.255302,-2.303953,-3.007971,0.415064,-3.135574,-1.304785
8.259304,-1.176283,-2.974335,1.389758,-2.991724,-0.327720
8.263305,-1.423206,-2.879299,1.159642,-2.847626,0.560525
8.267307,-2.210269,-2.724843,0.249939,-2.703841,1.393547
8.271309,-3.426751,-2.514150,-1.057273,-2.559818,2.287280
8.275310,-3.873230,-2.251542,-1.810847,-2.416060,-3.029064
8.279312,-2.578969,-1.942394,-0.909581,-2.272096,-2.044040
8.283313,-0.295906,-1.593031,1.041894,-2.128327,-1.067554
8.287315,1.269074,-1.210598,2.338813,-1.984399,-0.089591
8.291317,0.558783,-0.802922,1.576219,-1.840580,0.900890
8.295318,-1.680213,-0.378358,-0.860210,-1.696663,1.895950
8.299320,-3.209060,0.054380,-2.708523,-1.552756,2.879281
8.303321,-2.059035,0.486386,-2.221397,-1.408820,-2.440096
8.307323,1.103480,0.908743,0.253847,-1.264794,-1.487276
8.311325,4.195777,1.312705,2.768255,-1.120811,-0.530138
8.315326,4.682826,1.689874,3.053684,-0.976643,0.435348
8.319328,2.257333,2.032380,0.596775,-0.832586,1.399498
8.323329,-0.913430,2.333042,-2.577044,-0.688261,2.357062
8.327331,-1.711190,2.585523,-3.756938,-0.544104,-2.962554
8.331333,1.040723,2.784460,-1.584852,-0.399615,-1.979940
8.335334,5.553361,2.925585,2.246151,-0.255335,-0.985277
8.339336,7.684470,3.005821,4.049614,-0.110685,0.005092
8.343337,5.667387,3.023361,2.201451,0.033733,0.984778
8.347339,1.634401,2.977712,-1.457164,0.178528,1.955872
8.351341,-1.093023,2.869712,-3.657948,0.323088,2.915718
8.355342,-0.185858,2.701520,-2.735755,0.468007,-2.421114
8.359344,2.914849,2.476570,0.335608,0.612711,-1.476659
8.363345,5.805029,2.199510,3.045047,0.757727,-0.522299
8.367347,5.728266,1.876105,3.118026,0.902569,0.438511
8.371349,2.475330,1.513121,0.552438,1.047649,1.406666
8.375350,-1.084187,1.118182,-2.425365,1.192611,2.395787
8.379352,-2.693082,0.699609,-3.024853,1.337718,-2.883777
8.383353,-0.762481,0.266235,-0.928737,1.482774,-1.900502
8.387355,1.129852,-0.172784,1.538389,1.627871,-0.951636
8.391357,2.108130,-0.608170,2.526497,1.772991,0.005818
8.395358,0.279238,-1.030717,1.285678,1.918045,1.000022
8.399360,-2.382060,-1.431495,-0.868174,2.063196,1.989043
8.403361,-3.999874,-1.802044,-1.854926,2.208177,2.920921
8.407363,-4.044239,-2.134552,-1.390669,2.353321,-2.459921
8.411365,-2.785605,-2.422034,0.092485,2.498203,-1.518150
8.415366,-1.543539,-2.658472,1.454590,2.643302,-0.543987
8.419368,-1.603839,-2.838947,1.481070,2.788069,0.422623
8.423369,-2.772112,-2.959739,0.296806,2.933088,1.381546
8.427371,-4.344202,-3.018400,-1.095700,3.077732,2.353029
8.431373,-4.531887,-3.013802,-1.495219,-3.060544,-2.954048
8.435374,-3.698087,-2.946158,-0.616245,-2.916024,-1.998928
8.439376,-1.958583,-2.817007,0.705973,-2.771247,-1.073253
8.443377,-1.142040,-2.629179,1.514877,-2.626843,-0.157127
8.447379,-1.113472,-2.386722,1.175431,-2.482214,0.771242
8.451381,-2.443150,-2.094812,-0.249990,-2.337910,1.711978
8.455382,-3.395843,-1.759641,-1.726831,-2.193434,2.659541
8.459384,-3.109188,-1.388278,-1.918092,-2.049209,-2.661162
8.463385,-0.760505,-0.988522,-0.249835,-1.904882,-1.675653
8.467387,1.900509,-0.568734,1.996623,-1.760712,-0.680122
8.471389,2.764932,-0.137662,2.581405,-1.616520,0.301040
8.475390,1.063656,0.295745,0.861930,-1.472378,1.263936
8.479392,-1.465789,0.722516,-1.871006,-1.328297,2.232483
8.483393,-2.443108,1.133842,-3.197833,-1.184154,-3.066073
8.487395,-0.160036,1.521252,-1.624534,-1.040152,-2.088625
8.491397,3.470450,1.876780,1.388500,-0.895981,-1.141087
8.495398,5.889197,2.193130,3.390305,-0.752023,-0.206885
8.499400,5.103785,2.463818,2.677123,-0.607802,0.748604
8.503401,1.639873,2.683306,-0.579780,-0.463851,1.724378
8.507403,-1.510204,2.847106,-3.470522,-0.319563,2.693352
8.511405,-1.207776,2.951870,-3.433321,-0.175578,-2.633406
8.515406,2.149657,2.995452,-0.375510,-0.031209,-1.663416
8.519408,6.342681,2.976952,3.254508,0.112850,-0.665931
8.523409,6.873567,2.896737,3.843010,0.257310,0.339809
8.527411,3.760242,2.756438,0.939521,0.401475,1.328246
8.531413,-0.327428,2.558921,-2.489466,0.546022,2.297288
8.535414,-1.785598,2.308227,-3.578650,0.690318,-3.017293
8.539416,0.024623,2.009498,-1.563704,0.834948,-2.044812
8.543417,3.163831,1.668865,1.478032,0.979393,-1.090530
8.547419,4.678208,1.293341,2.988616,1.124097,-0.165184
8.551421,3.551897,0.890671,2.147420,1.268701,0.767631
8.555422,0.317989,0.469187,-0.517618,1.413467,1.746343
8.559424,-2.514659,0.037636,-2.624858,1.558227,2.753949
8.563425,-2.640323,-0.394999,-2.151506,1.703039,-2.540154
8.567427,-0.858866,-0.819691,-0.035879,1.847943,-1.585636
8.571429,0.746648,-1.227551,1.878413,1.992785,-0.621193
8.575430,0.747754,-1.610017,2.020508,2.137813,0.381493
8.579432,-1.419928,-1.959034,0.370362,2.282672,1.379555
8.583433,-3.294378,-2.267228,-1.159659,2.427798,2.314308
8.587435,-4.276158,-2.528061,-1.592416,2.572662,-3.082245
8.591437,-3.786479,-2.735983,-0.889392,2.717856,-2.172399
8.595438,-2.586762,-2.886548,0.510530,2.862716,-1.236501
8.599440,-1.650523,-2.976521,1.482894,3.007942,-0.304577
8.603441,-1.969143,-3.003943,1.282126,-3.130391,0.638713
8.607443,-3.293122,-2.968186,-0.061739,-2.985166,1.608326
8.611445,-4.697293,-2.869963,-1.410111,-2.840323,2.573947
8.615446,-4.551704,-2.711322,-1.606611,-2.695128,-2.765872
8.619448,-3.207778,-2.495602,-0.441562,-2.550293,-1.812902
8.623449,-0.953599,-2.227365,1.321827,-2.405157,-0.831203
8.627451,-0.104327,-1.912298,2.010535,-2.260325,0.152344
8.631453,-0.893093,-1.557084,0.931085,-2.115269,1.108125
8.635454,-2.478695,-1.169262,-0.978202,-1.970434,2.036267
8.639456,-3.347251,-0.757062,-2.313254,-1.825471,2.959251
8.643457,-2.056321,-0.329227,-1.887924,-1.680629,-2.381706
8.647459,0.907838,0.105178,0.473791,-1.535766,-1.406162
8.651461,4.045171,0.536963,2.879317,-1.390912,-0.404741
8.655462,3.972774,0.957014,2.714082,-1.246150,0.597461
8.659464,1.438365,1.356490,-0.036378,-1.101284,1.581561
8.663465,-1.350988,1.727011,-2.896345,-0.956617,2.553001
8.667467,-1.281022,2.060836,-3.324325,-0.811738,-2.757751
8.671469,1.866746,2.351019,-0.782539,-0.667150,-1.786857
8.675470,5.720295,2.591557,2.496490,-0.522262,-0.827298
8.679472,7.114560,2.777512,3.713952,-0.377737,0.122858
8.683473,4.995090,2.905110,1.823012,-0.232850,1.074066
8.687475,0.963616,2.971817,-1.749105,-0.088371,2.032764
8.691477,-1.567489,2.976381,-3.984657,0.056503,3.002467
8.695478,-0.280141,2.918849,-2.715711,0.200957,-2.296563
8.699480,3.730867,2.800552,1.083129,0.345806,-1.302139
8.703481,6.615343,2.624074,3.786779,0.490257,-0.310849
8.707483,5.529106,2.393194,3.004613,0.635066,0.667962
8.711485,1.775111,2.112801,-0.245848,0.779531,1.637772
8.715486,-1.813397,1.788790,-3.023419,0.924283,2.604251
8.719488,-2.279829,1.427936,-3.064299,1.068772,-2.715934
8.723489,-0.072182,1.037746,-0.583577,1.213453,-1.753060
8.727491,2.708689,0.626308,2.176341,1.357975,-0.782751
8.731493,3.253969,0.202125,2.830722,1.502576,0.191216
8.735494,1.131566,-0.226051,1.085406,1.647136,1.152652
8.739496,-1.756249,-0.649399,-1.254367,1.791651,2.096730
8.743497,-3.514615,-1.059203,-2.376259,1.936248,3.044328
8.747499,-3.021611,-1.447027,-1.475867,2.080677,-2.268037
8.751501,-1.122594,-1.804886,0.633155,2.225303,-1.276838
8.755502,0.093898,-2.125405,1.956878,2.369652,-0.276741
8.759504,-0.558491,-2.401964,1.390977,2.514299,0.718356
8.763505,-2.391894,-2.628834,-0.188275,2.658582,1.685316
8.767507,-3.718740,-2.801288,-1.280792,2.803242,2.607156
8.771509,-3.981694,-2.915703,-1.318749,2.947479,-2.781755
8.775510,-3.220121,-2.969637,-0.433013,3.092142,-1.885761
8.779512,-1.982114,-2.961882,0.801656,-3.046828,-0.980909
8.783513,-1.305137,-2.892494,1.546599,-2.902171,-0.051844
8.787515,-1.780086,-2.762801,1.017093,-2.757946,0.925622
8.791517,-3.408736,-2.575373,-0.640739,-2.613302,1.935381
8.795518,-4.310715,-2.333989,-1.802379,-2.469036,2.927900
8.799520,-3.535017,-2.043555,-1.410230,-2.324407,-2.403448
8.803521,-1.461803,-1.710019,0.236203,-2.180069,-1.454763
8.807523,0.602129,-1.340250,1.934587,-2.035453,-0.479794
8.811525,0.835039,-0.941898,1.993190,-1.891015,0.487782
8.815526,-0.595848,-0.523239,0.380549,-1.746406,1.407317
8.819528,-2.422915,-0.093006,-1.733532,-1.601844,2.312085
8.823529,-2.947237,0.339796,-2.886897,-1.457230,-3.013094
8.827531,-0.655074,0.766069,-1.349779,-1.312525,-2.008259
8.831533,3.246353,1.176826,1.761424,-1.167895,-1.010761
8.835534,5.306459,1.563376,3.409219,-1.023040,-0.049357
8.839536,4.227960,1.917521,2.225378,-0.878381,0.904196
8.843537,0.830709,2.231729,-1.176000,-0.733379,1.884376
8.847539,-1.730339,2.499303,-3.795662,-0.588677,2.879949
8.851541,-0.313978,2.714524,-2.965596,-0.443539,-2.420356
8.855542,3.635097,2.872776,0.461800,-0.298779,-1.453779
8.859544,7.310791,2.970649,3.504172,-0.153524,-0.487814
8.863545,7.273674,3.006022,3.501040,-0.008698,0.478356
8.867547,3.999828,2.978108,0.525787,0.136637,1.435913
8.871549,0.017584,2.887478,-2.872147,0.281529,2.395617
8.875550,-1.237638,2.736043,-3.790957,0.426905,-2.910867
8.879552,1.102200,2.527009,-1.333127,0.571859,-1.930233
8.883553,4.657003,2.264809,2.073044,0.717230,-0.966511
8.887555,5.952915,1.955003,3.560465,0.862239,-0.007178
8.891557,4.006268,1.604160,1.946951,1.007558,0.976990
8.895558,-0.134656,1.219711,-1.298977,1.152602,1.976472
8.899560,-2.528885,0.809792,-2.965925,1.297821,2.951041
8.903561,-2.284047,0.383059,-2.053876,1.442873,-2.389595
8.907563,-0.167218,-0.051501,0.372704,1.587946,-1.431827
8.911565,1.600760,-0.484759,2.279696,1.732978,-0.443418
8.915566,1.039014,-0.907642,1.967981,1.877870,0.527504
8.919568,-1.035024,-1.311320,0.250934,2.022848,1.450302
8.923569,-3.249801,-1.687390,-1.472622,2.167535,2.381438
8.927571,-4.199679,-2.028053,-1.941729,2.312426,-2.912620
8.931573,-3.121434,-2.326272,-0.615874,2.456890,-1.906078
8.935574,-1.665372,-2.575916,1.022321,2.601660,-0.936862
8.939576,-1.060340,-2.771879,1.652394,2.745901,0.013289
8.943577,-1.902592,-2.910183,0.875377,2.890522,0.996693
8.947579,-3.442923,-2.988046,-0.615418,3.034552,1.988983
8.951581,-4.141090,-3.003938,-1.358989,-3.104182,2.916817
8.955582,-3.759829,-2.957607,-1.109314,-2.960339,-2.511073
8.959584,-2.530796,-2.850074,-0.093037,-2.816070,-1.633213
8.963585,-0.942944,-2.683610,1.281622,-2.672379,-0.688272
8.967587,-0.400707,-2.461687,1.731664,-2.528296,0.291405
8.971589,-1.455945,-2.188898,0.561375,-2.384712,1.275481
8.975590,-3.114601,-1.870866,-1.277968,-2.240804,2.249784
8.979592,-3.625797,-1.514130,-2.147464,-2.097276,-3.074207
8.983593,-2.088644,-1.126014,-1.200710,-1.953522,-2.117477
8.987595,0.576482,-0.714479,1.026953,-1.810000,-1.144618
8.991597,2.579326,-0.287965,2.582702,-1.666372,-0.163831
8.995598,1.919138,0.144778,1.890649,-1.522805,0.799663
8.999600,-0.290050,0.574869,-0.486231,-1.379263,1.742907
9.003601,-2.302024,0.993469,-2.722253,-1.235605,2.689218
9.007603,-1.859901,1.391957,-2.823061,-1.092102,-2.633432
9.011605,1.386467,1.762106,-0.329515,-0.948313,-1.667216
9.015606,4.966822,2.096245,2.770129,-0.804801,-0.697518
9.019608,6.154079,2.387423,3.643360,-0.660855,0.283147
9.023609,3.456116,2.629554,1.154875,-0.517288,1.271468
9.027611,-0.294983,2.817544,-2.509795,-0.373170,2.253691
9.031613,-1.762839,2.947402,-4.010197,-0.229501,-3.055236
9.035614,0.716847,3.016322,-1.970471,-0.085208,-2.076836
9.039616,5.085823,3.022748,1.859780,0.058604,-1.092704
9.043617,7.435281,2.966415,3.914734,0.203064,-0.117898
9.047619,5.972773,2.848367,2.564073,0.347049,0.838044
9.051621,2.050791,2.670944,-0.816214,0.491650,1.788473
9.055622,-1.130074,2.437738,-3.473194,0.635823,2.753490
9.059624,-1.110172,2.153524,-3.053179,0.780531,-2.550342
9.063625,1.946204,1.824162,-0.006242,0.924895,-1.572561
9.067627,4.646278,1.456477,2.779918,1.069670,-0.604544
9.071629,4.785849,1.058124,3.027258,1.214218,0.362590
9.075630,1.784456,0.637426,0.703862,1.359016,1.341447
9.079632,-1.600035,0.203199,-2.002410,1.503725,2.330090
9.083633,-3.123614,-0.235436,-2.632937,1.648498,-2.974566
9.087635,-2.008235,-0.669250,-1.069238,1.793331,-2.023279
9.091637,-0.254950,-1.089111,1.085117,1.938034,-1.079898
9.095638,0.678193,-1.486176,2.185488,2.082945,-0.104000
9.099640,-0.588264,-1.852086,1.258436,2.227542,0.902262
9.103641,-2.797900,-2.179141,-0.552064,2.372481,1.884926
9.107643,-4.213637,-2.460472,-1.491744,2.516945,2.796562
9.111645,-4.348133,-2.690191,-1.304548,2.661858,-2.594306
9.115646,-3.378303,-2.863512,-0.102849,2.806171,-1.638102
9.119648,-2.086034,-2.976858,1.171017,2.951003,-0.649702
9.123649,-1.972937,-3.027935,1.321122,3.095160,0.297336
9.127651,-2.703186,-3.015772,0.485315,-3.043320,1.206936
9.131653,-3.835887,-2.940744,-0.762557,-2.899312,2.142004
9.135654,-4.297037,-2.804550,-1.446243,-2.754772,3.093403
9.139656,-3.397229,-2.610181,-0.961878,-2.610895,-2.271376
9.143657,-1.801104,-2.361843,0.325898,-2.466547,-1.368525
9.147659,-0.083521,-2.064862,1.666670,-2.322771,-0.425708
9.151661,0.165786,-1.725567,1.737909,-2.178628,0.552442
9.155662,-1.261071,-1.351145,0.077703,-2.034919,1.536156
9.159664,-2.904697,-0.949489,-2.004472,-1.890977,2.524428
9.163665,-2.834238,-0.529028,-2.464209,-1.747291,-2.759512
9.167667,-0.099170,-0.098549,-0.538573,-1.603531,-1.764652
9.171669,2.958523,0.332988,2.041736,-1.459826,-0.791244
9.175670,4.284082,0.756641,2.995794,-1.316219,0.169285
9.179672,2.593246,1.163664,1.342639,-1.172455,1.136505
9.183673,-0.389459,1.545695,-1.686851,-1.028954,2.107053
9.187675,-1.828053,1.894917,-3.363779,-0.885093,3.060091
9.191677,-0.233989,2.204212,-2.300615,-0.741641,-2.288977
9.195678,3.568566,2.467303,0.829471,-0.597650,-1.344991
9.199680,6.727072,2.678878,3.653879,-0.454186,-0.372349
9.203681,6.415285,2.834692,3.312293,-0.310043,0.617592
9.207683,2.482513,2.931655,-0.151535,-0.166505,1.607564
9.211685,-1.217412,2.967884,-3.536217,-0.022202,2.595452
9.215686,-1.558698,2.942739,-3.698035,0.121472,-2.696362
9.219688,1.838570,2.856827,-0.552667,0.265941,-1.710832
9.223689,5.433500,2.711988,2.753081,0.409809,-0.752725
9.227691,6.315784,2.511260,3.606457,0.554438,0.181838
9.231693,3.959215,2.258820,1.552318,0.698547,1.133660
9.235694,-0.136603,1.959903,-1.900575,0.843319,2.121553
9.239696,-2.226565,1.620694,-3.460787,0.987700,3.116328
9.243697,-0.969739,1.248204,-1.905052,1.132590,-2.202063
9.247699,1.808145,0.850133,0.931623,1.277260,-1.262578
9.251701,3.746784,0.434711,2.863507,1.422243,-0.302588
9.255702,2.808883,0.010538,2.213974,1.567205,0.695832
9.259704,-0.244315,-0.413584,-0.340535,1.712254,1.699563
9.263705,-2.741156,-0.828837,-2.111166,1.857491,2.665790
9.267707,-3.195118,-1.226564,-1.961313,2.002581,-2.688951
9.271709,-2.009778,-1.598452,-0.361372,2.148060,-1.745097
9.275710,-0.495661,-1.936706,1.426127,2.293169,-0.760521
9.279712,-0.332072,-2.234214,1.729621,2.438847,0.217183
9.283713,-1.722368,-2.484697,0.683013,2.583963,1.126421
9.287715,-3.278526,-2.682846,-0.651994,2.729788,2.003445
9.291717,-4.587418,-2.824438,-1.587065,2.874908,2.947158
9.295718,-4.216635,-2.906433,-1.132650,3.020826,-2.337788
9.299720,-2.859403,-2.927046,0.329384,-3.117229,-1.360974
9.303721,-1.701160,-2.885787,1.426649,-2.971274,-0.429941
9.307723,-1.720651,-2.783482,1.430303,-2.826116,0.515877
9.311725,-2.920918,-2.622256,0.110973,-2.680172,1.506156
9.315726,-4.296907,-2.405494,-1.371029,-2.534964,2.488744
9.319728,-4.120679,-2.137771,-1.671556,-2.389068,-2.869349
9.323729,-2.810528,-1.824762,-0.723958,-2.243781,-1.972116
9.327731,-0.392440,-1.473116,1.051256,-2.097963,-1.037712
9.331733,1.038892,-1.090317,2.280831,-1.952566,-0.061331
9.335734,0.660303,-0.684518,1.482735,-1.806841,0.921766
9.339736,-1.479501,-0.264367,-0.814210,-1.661302,1.888330
9.343737,-2.697220,0.161181,-2.681382,-1.515668,2.846602
9.347739,-1.717106,0.583056,-2.370802,-1.369963,-2.468711
9.351741,1.779545,0.992272,0.264747,-1.224407,-1.489359
9.355742,5.135858,1.380117,3.023490,-1.078519,-0.503468
9.359744,5.462731,1.738351,3.187179,-0.933017,0.488711
9.363745,2.638066,2.059376,0.325794,-0.786942,1.482501
9.367747,-0.728508,2.336402,-2.872684,-0.641461,2.460717
9.371749,-1.082340,2.563588,-3.559859,-0.495207,-2.874526
9.375750,1.494594,2.736160,-1.367535,-0.349707,-1.941194
9.379752,5.569960,2.850508,2.172199,-0.203292,-0.987823
9.383754,7.651644,2.904258,4.081704,-0.057733,-0.006575
9.387755,5.501146,2.896324,2.281536,0.088805,0.984820
9.391757,1.161354,2.826923,-1.606623,0.234453,1.973345
9.395758,-1.852401,2.697562,-3.969225,0.381064,2.958637
9.399760,-0.654450,2.511000,-2.736691,0.526826,-2.340958
9.403762,2.779839,2.271183,0.781103,0.673449,-1.362489
9.407763,5.523693,1.983155,3.317864,0.819341,-0.394826
9.411765,4.788373,1.652953,2.894149,0.965912,0.562433
9.415766,1.559760,1.287483,0.170559,1.111931,1.518663
9.419768,-1.803156,0.894373,-2.465493,1.258380,2.479678
9.423770,-2.792453,0.481815,-2.830273,1.404505,-2.845773
9.427771,-1.109406,0.058396,-0.911202,1.550764,-1.901884
9.431773,1.174711,-0.367081,1.551977,1.696959,-0.960544
9.435774,2.268483,-0.785769,2.653645,1.842971,0.008333
9.439776,0.591887,-1.188958,1.355695,1.989188,1.011106
9.443778,-2.201380,-1.568246,-1.030716,2.134910,2.020389
9.447779,-3.911036,-1.915706,-2.140395,2.281089,3.011728
9.451781,-3.393886,-2.224050,-1.297004,2.426492,-2.294293
9.455782,-1.944855,-2.486778,0.427582,2.572567,-1.325093
9.459784,-0.921401,-2.698305,1.432736,2.717642,-0.390145
9.463786,-1.254287,-2.854076,1.247377,2.863545,0.480393
9.467787,-2.174237,-2.950662,0.326649,3.008303,1.337024
9.471789,-3.661676,-2.985831,-0.965651,-3.129211,2.266062
9.475790,-4.236910,-2.958598,-1.572940,-2.984740,-3.026833
9.479792,-3.389161,-2.869256,-0.718439,-2.839351,-2.035655
9.483794,-1.787846,-2.719371,0.765148,-2.695123,-1.076293
9.487795,-0.838065,-2.511764,1.651364,-2.550056,-0.136516
9.491797,-1.237169,-2.250459,1.219043,-2.406015,0.813199
9.495798,-2.697478,-1.940606,-0.397610,-2.261290,1.781637
9.499800,-3.903621,-1.588391,-1.866408,-2.117375,2.753342
9.503802,-3.268185,-1.200912,-1.789500,-1.972996,-2.569947
9.507803,-1.046864,-0.786042,-0.121023,-1.829146,-1.624572
9.511805,1.444480,-0.352273,1.861073,-1.685101,-0.689369
9.515806,2.422323,0.091458,2.554154,-1.541261,0.250912
9.519808,0.976058,0.535954,1.012205,-1.397522,1.216039
9.523810,-1.594557,0.971947,-1.890139,-1.253647,2.206979
9.527811,-2.715947,1.390292,-3.379277,-1.110173,-3.076164
9.531813,-0.127969,1.782159,-1.726528,-0.966230,-2.082689
9.535814,3.811321,2.139221,1.641096,-0.822970,-1.100439
9.539816,6.500666,2.453836,3.666701,-0.678950,-0.126607
9.543818,5.270730,2.719215,2.507165,-0.535850,0.842051
9.547819,1.789679,2.929579,-0.915981,-0.391763,1.811844
9.551821,-1.020500,3.080279,-3.640267,-0.248771,2.788818
9.555822,-0.322933,3.167905,-3.127124,-0.104645,-2.522344
9.559824,3.353452,3.190359,-0.023019,0.038290,-1.576902
9.563826,6.639453,3.146908,3.026921,0.182408,-0.646500
9.567827,7.447416,3.038206,3.710217,0.325325,0.310293
9.571829,4.186871,2.866289,1.048259,0.469369,1.300958
9.575830,-0.041610,2.634531,-2.537367,0.612291,2.293733
9.579832,-1.807372,2.347572,-3.666811,0.756180,-3.016717
9.583834,-0.098021,2.011222,-1.646007,0.899115,-2.046610
9.587835,3.203194,1.632331,1.700465,1.042765,-1.056850
9.591837,4.539023,1.218644,3.200927,1.185704,-0.066765
9.595838,2.828396,0.778643,1.844520,1.329030,0.886271
9.599840,-0.400198,0.321358,-0.643790,1.471945,1.808514
9.603842,-2.935769,-0.143817,-2.458648,1.614867,2.750467
9.607843,-3.326198,-0.607330,-2.142864,1.757711,-2.555016
9.611845,-1.459282,-1.059671,0.001714,1.900160,-1.570087
9.615846,0.104800,-1.491578,1.851167,2.042873,-0.600871
9.619848,0.135183,-1.894222,1.966095,2.184800,0.362558
9.623850,-1.717559,-2.259392,0.458038,2.327314,1.337643
9.627851,-3.751809,-2.579664,-1.266635,2.468694,2.319234
9.631853,-4.506047,-2.848547,-1.722328,2.610937,-2.984154
9.635854,-3.665772,-3.060620,-0.687591,2.751768,-2.008872
9.639856,-2.203096,-3.211639,0.727313,2.893670,-1.059547
9.643858,-1.570643,-3.298612,1.373121,3.033978,-0.158351
9.647859,-1.767819,-3.319863,1.041489,-3.107709,0.723943
9.651861,-2.869196,-3.275056,-0.098737,-2.967874,1.637922
9.655862,-3.926701,-3.165194,-1.350817,-2.826825,2.588529
9.659864,-3.874797,-2.992601,-1.569412,-2.687387,-2.727265
9.663866,-2.304522,-2.760864,-0.328542,-2.546817,-1.749335
9.667867,-0.260729,-2.474761,1.428028,-2.407684,-0.760995
9.671869,0.490762,-2.140159,2.011279,-2.267600,0.221488
9.675870,-0.621615,-1.763891,0.813963,-2.128665,1.182964
9.679872,-2.415593,-1.353616,-1.223115,-1.989049,2.135324
9.683874,-3.258225,-0.917666,-2.444053,-1.850197,3.094044
9.687875,-1.706725,-0.464874,-1.590487,-1.711007,-2.229404
9.691877,1.249501,-0.004399,0.789109,-1.572122,-1.278826
9.695878,3.676156,0.454465,2.742751,-1.433293,-0.336721
9.699880,3.556580,0.902478,2.555825,-1.294265,0.610850
9.703882,0.966954,1.330649,-0.025087,-1.155711,1.578252
9.707883,-1.926509,1.730412,-3.003908,-1.016440,2.564095
9.711885,-1.932329,2.093811,-3.421240,-0.878050,-2.727040
9.715886,1.519957,2.413656,-0.647647,-0.738450,-1.741535
9.719888,5.504008,2.683677,2.753498,-0.600101,-0.770636
9.723890,6.844456,2.898659,3.799099,-0.460109,0.190283
9.727891,4.457984,3.054556,1.585044,-0.321672,1.154263
9.731893,0.497338,3.148579,-2.083364,-0.181253,2.125848
9.735894,-1.556078,3.179255,-3.947212,-0.042591,3.099577
9.739896,0.210115,3.146456,-2.349238,0.098265,-2.215484
9.743898,4.103655,3.051402,1.197548,0.237288,-1.255293
9.747899,6.789524,2.896635,3.664532,0.378562,-0.291952
9.751901,5.896481,2.685965,2.920872,0.518070,0.686603
9.755902,2.027459,2.424389,-0.377760,0.659711,1.674189
9.759904,-1.322437,2.117972,-3.075663,0.799806,2.652521
9.763906,-1.761155,1.773709,-2.955090,0.941733,-2.671887
9.767907,0.531820,1.399360,-0.465717,1.082491,-1.716548
9.771909,3.148242,1.003272,2.313073,1.224598,-0.734160
9.775910,3.490902,0.594181,2.820350,1.366063,0.275008
9.779912,0.893156,0.181010,0.770851,1.508230,1.273703
9.783914,-1.990432,-0.227337,-1.422089,1.650401,2.227057
9.787915,-3.454133,-0.622189,-2.129597,1.792490,-3.140757
9.791917,-3.133511,-0.995312,-1.228479,1.935316,-2.221246
9.795918,-1.652480,-1.339101,0.568250,2.077188,-1.275787
9.799920,-0.671454,-1.646758,1.776906,2.220567,-0.315112
9.803922,-1.216522,-1.912445,1.416068,2.362091,0.655074
9.807923,-2.956350,-2.131408,-0.111971,2.505874,1.636569
9.811925,-4.524209,-2.300082,-1.396878,2.646938,2.610740
9.815926,-4.579670,-2.416156,-1.425558,2.790925,-2.716873
9.819928,-3.565813,-2.478610,-0.290352,2.931442,-1.761240
9.823930,-2.024017,-2.487714,1.022185,3.075394,-0.812673
9.827931,-1.632536,-2.444995,1.445509,-3.067873,0.095937
9.831933,-1.994391,-2.353169,0.838687,-2.924227,0.983934
9.835934,-3.307447,-2.216042,-0.568296,-2.784916,1.915858
9.839936,-4.083021,-2.038389,-1.803067,-2.641866,2.900186
9.843938,-3.291786,-1.825803,-1.454622,-2.503127,-2.397837
9.847939,-0.929953,-1.584530,0.257320,-2.360972,-1.447342
9.851941,1.186537,-1.321286,1.996920,-2.222729,-0.497597
9.855942,1.736440,-1.043069,2.182465,-2.081760,0.488945
9.859944,-0.088154,-0.756959,0.214727,-1.943887,1.488284
9.863946,-2.012474,-0.469935,-2.097499,-1.804377,2.462366
9.867947,-2.124906,-0.188697,-2.730076,-1.666706,-2.874644
9.871949,0.303650,0.080508,-1.050993,-1.528894,-1.924309
9.875950,3.822249,0.332027,1.874147,-1.391216,-0.950746
9.879952,5.604745,0.560932,3.322841,-1.255301,0.023844
9.883954,4.109055,0.763124,1.908690,-1.117369,0.975792
9.887955,0.843828,0.935406,-1.234362,-0.983488,1.923239
9.891957,-1.628885,1.075530,-3.683309,-0.845005,2.892757
9.895958,-0.515318,1.182204,-2.940309,-0.713207,-2.402824
9.899960,3.554883,1.255080,0.634426,-0.573820,-1.413772
9.903962,6.980794,1.294718,3.692287,-0.444037,-0.432807
9.907963,6.725258,1.302517,3.464664,-0.303328,0.548819
9.911965,2.928960,1.280635,0.113482,-0.175325,1.542499
9.915966,-0.817619,1.231882,-3.169481,-0.032773,2.531086
9.919968,-1.480563,1.159596,-3.474065,0.093969,-2.793701
9.923970,1.123405,1.067516,-1.015255,0.239051,-1.858278
9.927971,4.335171,0.959639,2.130601,0.365544,-0.920006
9.931973,5.833266,0.840094,3.448600,0.514116,0.035643
9.935974,3.700048,0.713010,1.796036,0.642256,1.004935
9.939976,0.157636,0.582394,-1.280374,0.795726,1.975737
9.943978,-2.450933,0.452017,-3.129897,0.929131,2.956023
9.947979,-1.782971,0.325317,-2.118976,1.089705,-2.331849
9.951981,0.735039,0.205314,0.634080,1.235623,-1.347450
9.955982,2.455753,0.094552,2.438166,1.406944,-0.379454
9.959984,1.706926,-0.004944,1.962022,1.580665,0.598835
9.963986,-0.749952,-0.091684,-0.022758,1.768631,1.581624
9.967987,-2.923860,-0.164717,-1.536940,2.003095,2.547251
9.971989,-3.421166,-0.223615,-1.553623,2.214659,-2.802991
9.975990,-2.748036,-0.268434,-0.510856,2.568310,-1.918705
9.979992,-1.485793,-0.299675,0.741040,2.794919,-1.014381
9.983994,-1.064851,-0.318218,1.241740,-3.005502,-0.050424
9.987995,-1.761505,-0.325249,0.653233,-2.819805,0.939661
9.991997,-3.508163,-0.322191,-0.579852,-2.362375,2.101916
9.995998,-4.828830,-0.310627,-1.130085,-2.249523,-2.831379
10.000000,-4.683625,-0.292220,0.005735,-1.881288,-1.564341
