time_s,eeg_uv,theta_filtered,gamma_filtered,theta_phase_rad,gamma_phase_rad
0.000000,0.983906,-0.185970,0.000948,-2.019148,1.568941
0.004002,0.778126,-0.063733,-0.791221,-1.685900,2.622741
0.008003,0.974459,0.061790,-0.908813,-1.466781,-2.523647
0.012005,2.400158,0.188114,0.150479,-1.282673,-1.456113
0.016006,3.521341,0.312737,1.513807,-1.108009,-0.303516
0.020008,3.098748,0.433191,1.051021,-0.956741,0.908293
0.024010,0.932028,0.547101,-0.725062,-0.802984,2.035481
0.028011,0.265161,0.652225,-1.480521,-0.666508,2.994754
0.032013,0.583560,0.746500,-1.178449,-0.524807,-2.436516
0.036014,1.968068,0.828075,0.076800,-0.396375,-1.528231
0.040016,3.884887,0.895345,1.825305,-0.262311,-0.497465
0.044018,3.610811,0.946975,1.823933,-0.138575,0.570442
0.048019,1.784394,0.981925,-0.026054,-0.009571,1.582961
0.052021,-0.413199,0.999458,-1.818689,0.111418,2.556757
0.056022,-0.397891,0.999156,-2.071574,0.237040,-2.725984
0.060024,1.312686,0.980915,-0.295135,0.356557,-1.700329
0.064026,3.734545,0.944947,1.717570,0.479988,-0.680036
0.068027,3.908968,0.891780,1.995934,0.598941,0.298618
0.072029,2.544595,0.822244,0.659574,0.721081,1.244922
0.076030,0.260527,0.737459,-1.321760,0.840157,2.242911
0.080032,-0.710700,0.638822,-2.067733,0.961723,-2.977643
0.084034,0.672340,0.527976,-0.649029,1.081473,-1.916950
0.088035,2.286358,0.406791,1.019245,1.203064,-0.911943
0.092037,2.843219,0.277331,1.462912,1.323947,0.028544
0.096038,1.975095,0.141827,0.787435,1.446082,0.950108
0.100040,0.684584,0.002641,-0.411957,1.568481,1.898353
0.104042,-0.425776,-0.137773,-1.155520,1.691607,2.847138
0.108043,-0.228762,-0.276907,-0.932656,1.815838,-2.479122
0.112045,0.633829,-0.412246,0.149095,1.940339,-1.442433
0.116046,1.633364,-0.541309,0.980266,2.066649,-0.348071
0.120048,1.115686,-0.661696,0.633230,2.192847,0.686687
0.124050,0.568641,-0.771132,0.045040,2.321410,1.499710
0.128051,-0.166619,-0.867510,-0.405708,2.449555,2.212071
0.132053,-0.775826,-0.948937,-0.856789,2.580455,-3.055629
0.136054,-0.408476,-1.013776,-0.231736,2.710706,-1.817318
0.140056,0.329479,-1.060685,0.739787,2.843924,-0.511106
0.144058,-0.146800,-1.088647,0.426444,2.976336,0.736383
0.148059,-0.802646,-1.097000,0.026081,3.111734,1.472047
0.152061,-0.865437,-1.085458,0.028096,-3.036939,1.496520
0.156062,-1.556867,-1.054121,-0.554765,-2.899618,2.566724
0.160064,-1.552396,-1.003483,-0.632698,-2.763196,-2.493710
0.164066,-0.643463,-0.934424,0.152131,-2.624328,-1.376318
0.168067,0.079136,-0.848197,0.734882,-2.486311,-0.413789
0.172069,0.343405,-0.746400,0.781196,-2.346369,0.576209
0.176070,-0.408879,-0.630948,-0.115415,-2.207176,1.679352
0.180072,-1.037613,-0.504029,-1.038378,-2.066695,2.798926
0.184074,-0.667837,-0.368057,-0.834474,-1.926819,-2.453409
0.188075,0.602166,-0.225622,0.087717,-1.786354,-1.493349
0.192077,1.609125,-0.079432,1.111055,-1.646323,-0.467811
0.196078,1.759701,0.067747,1.025824,-1.506399,0.592441
0.200080,0.659340,0.213148,0.079395,-1.366724,1.500255
0.204082,0.017564,0.354062,-0.788078,-1.227794,2.250937
0.208083,-0.681213,0.487895,-1.654995,-1.088924,-3.085937
0.212085,0.459477,0.612215,-0.759596,-0.951333,-1.969468
0.216086,2.839534,0.724804,1.272853,-0.813630,-0.862768
0.220088,3.288089,0.823693,1.829688,-0.677604,0.101018
0.224090,2.559561,0.907206,1.084147,-0.541323,0.987064
0.228091,0.247247,0.973979,-0.934939,-0.406964,1.998344
0.232093,-1.173735,1.022981,-2.340285,-0.272241,3.094404
0.236094,0.028043,1.053526,-1.179614,-0.139533,-2.138073
0.240096,2.300225,1.065272,0.800645,-0.006390,-1.173032
0.244098,3.454046,1.058222,2.007259,0.124783,-0.193988
0.248099,2.971466,1.032715,1.299171,0.256417,0.828287
0.252101,0.735151,0.989407,-0.317770,0.386244,1.762867
0.256102,-0.203855,0.929256,-1.359724,0.516518,2.555242
0.260104,-1.208877,0.853492,-1.807221,0.645247,-2.795949
0.264106,0.577548,0.763587,-0.211052,0.774378,-1.672302
0.268107,2.337437,0.661224,1.632485,0.902304,-0.527493
0.272109,2.034164,0.548265,1.371855,1.030561,0.472941
0.276110,0.994592,0.426717,0.340052,1.158005,1.329665
0.280112,-0.693234,0.298701,-1.008475,1.285690,2.303228
0.284114,-1.141616,0.166413,-1.414101,1.412980,-2.879407
0.288115,-0.207294,0.032090,-0.304794,1.540414,-1.821711
0.292117,0.724279,-0.102018,0.593211,1.667880,-0.953230
0.296118,1.172222,-0.233686,1.055366,1.795392,-0.124687
0.300120,0.834731,-0.360741,0.753044,1.923349,0.880326
0.304122,-0.506434,-0.481092,-0.473240,2.051262,1.972825
0.308123,-1.258894,-0.592757,-1.151986,2.179995,3.061417
0.312125,-0.809046,-0.693894,-0.587660,2.308606,-2.152352
0.316126,0.202196,-0.782827,0.432701,2.438357,-1.102197
0.320128,0.519487,-0.858069,0.822743,2.567925,-0.109899
0.324130,0.129689,-0.918348,0.529994,2.698879,0.774058
0.328131,-0.569559,-0.962627,-0.051826,2.829610,1.637559
0.332133,-1.478827,-0.990124,-0.775250,2.961884,2.649666
0.336134,-1.497103,-1.000332,-0.722221,3.093915,-2.496254
0.340136,-0.738390,-0.993028,0.155629,-3.055644,-1.367001
0.344138,-0.479200,-0.968290,0.470741,-2.922258,-0.519812
0.348139,-0.394977,-0.926496,0.600594,-2.787330,-0.108831
0.352141,-0.438983,-0.868325,0.702186,-2.652619,0.803951
0.356142,-1.590915,-0.794756,-0.588212,-2.516525,2.017603
0.360144,-2.519982,-0.707051,-1.447316,-2.380606,-3.017478
0.364146,-1.107559,-0.606737,-0.398567,-2.243560,-1.877032
0.368147,0.062071,-0.495590,0.702378,-2.106632,-0.938955
0.372149,0.862680,-0.375593,1.272461,-1.968905,-0.052784
0.376150,0.522665,-0.248911,0.814329,-1.831230,0.957410
0.380152,-0.822139,-0.117842,-0.567554,-1.693131,1.981345
0.384154,-1.309505,0.015224,-1.372052,-1.555008,2.885802
0.388155,-1.090663,0.147849,-1.324274,-1.416850,-2.506816
0.392157,0.839802,0.277596,0.204646,-1.278594,-1.467147
0.396158,2.786242,0.402078,2.011703,-1.140674,-0.348204
0.400160,2.411076,0.519009,1.546114,-1.002587,0.732834
0.404162,0.502138,0.626246,-0.287736,-0.865160,1.716301
0.408163,-0.978163,0.721832,-1.805456,-0.727502,2.663464
0.412165,-0.966535,0.804035,-1.861409,-0.590756,-2.616863
0.416166,1.168791,0.871376,-0.013014,-0.453727,-1.576791
0.420168,3.072582,0.922657,1.763966,-0.317775,-0.563265
0.424170,3.224954,0.956986,1.845564,-0.181508,0.406251
0.428171,1.593601,0.973785,0.398773,-0.046393,1.368172
0.432173,-0.370842,0.972805,-1.357686,0.089048,2.335562
0.436174,-1.131005,0.954121,-1.928124,0.223357,-2.985074
0.440176,-0.008523,0.918126,-0.836180,0.357988,-2.009354
0.444178,1.800981,0.865520,1.039355,0.491591,-1.010068
0.448179,2.738574,0.797291,1.873338,0.625496,-0.025701
0.452181,1.655043,0.714700,1.119101,0.758548,0.910569
0.456182,-0.149281,0.619252,-0.548025,0.891865,1.862162
0.460184,-1.875702,0.512670,-1.954496,1.024560,2.908629
0.464186,-1.254356,0.396860,-1.239001,1.157471,-2.266456
0.468187,0.749841,0.273882,0.610024,1.290030,-1.193959
0.472189,1.374065,0.145912,1.321384,1.422754,-0.249684
0.476190,1.364982,0.015209,1.025334,1.555420,0.604535
0.480192,0.001282,-0.115916,0.053077,1.688196,1.528435
0.484194,-0.918168,-0.245141,-1.004170,1.821205,2.535535
0.488195,-1.358116,-0.370167,-1.022737,1.954269,-2.739088
0.492197,-0.348765,-0.488753,-0.211072,2.087840,-1.786760
0.496198,0.273545,-0.598755,0.573682,2.221418,-0.886353
0.500200,0.770566,-0.698159,0.901748,2.355742,0.010326
0.504202,0.341387,-0.785115,0.545147,2.490032,0.969369
0.508203,-0.772009,-0.857969,-0.467054,2.625259,2.037224
0.512205,-1.354437,-0.915298,-1.043329,2.760423,-3.095029
0.516206,-0.948530,-0.955932,-0.337424,2.896647,-1.936010
0.520208,0.075402,-0.978991,0.511886,3.032789,-0.864268
0.524210,-0.139758,-0.983900,0.688329,-3.113143,0.072529
0.528211,-0.203626,-0.970409,0.365162,-2.975979,1.017390
0.532213,-1.266775,-0.938608,-0.326753,-2.837731,2.060746
0.536214,-1.299922,-0.888932,-0.623377,-2.699565,3.058374
0.540216,-1.309196,-0.822164,-0.448261,-2.560420,-2.415840
0.544218,-0.633158,-0.739430,-0.000899,-2.421344,-1.572034
0.548219,0.076616,-0.642179,0.754182,-2.281460,-0.554345
0.552221,0.344569,-0.532169,0.873009,-2.141622,0.481045
0.556222,-0.311529,-0.411430,0.135673,-2.001204,1.447090
0.560224,-1.273587,-0.282232,-1.021019,-1.860802,2.439198
0.564226,-1.384437,-0.147040,-1.482748,-1.720083,-2.742379
0.568227,0.218369,-0.008466,-0.037820,-1.579348,-1.592569
0.572229,2.136360,0.130786,1.477240,-1.438573,-0.498449
0.576230,1.907744,0.267974,1.425632,-1.297753,0.481676
0.580232,0.942552,0.400384,0.224340,-1.157163,1.435483
0.584234,-0.784317,0.525383,-1.318225,-1.016498,2.452842
0.588235,-0.638113,0.640481,-1.511201,-0.876303,-2.834245
0.592237,0.513381,0.743381,-0.611810,-0.736013,-2.003428
0.596238,2.054091,0.832032,0.572453,-0.596389,-1.220221
0.600240,3.720467,0.904677,2.005550,-0.456662,-0.238788
0.604242,3.156683,0.959887,1.484444,-0.317745,0.861817
0.608243,0.774930,0.996597,-0.809394,-0.178731,1.944822
0.612245,-0.560681,1.014126,-2.004358,-0.040610,2.927303
0.616246,-0.064920,1.012185,-1.557516,0.097593,-2.444737
0.620248,1.692083,0.990880,0.172162,0.234885,-1.491079
0.624250,3.677483,0.950706,2.026582,0.372228,-0.466048
0.628251,3.231082,0.892531,1.869429,0.508703,0.582879
0.632253,1.169527,0.817571,-0.063774,0.645184,1.601268
0.636255,-0.947953,0.727360,-1.625532,0.780887,2.559130
0.640256,-1.156358,0.623713,-1.793192,0.916545,-2.792107
0.644258,-0.045419,0.508675,-0.466311,1.051561,-1.813159
0.648259,1.871697,0.384481,1.358770,1.186479,-0.781572
0.652261,2.255070,0.253504,1.731990,1.320925,0.244733
0.656263,0.745668,0.118212,0.544917,1.455221,1.235864
0.660264,-0.844077,-0.018886,-0.989012,1.589235,2.246453
0.664266,-1.867940,-0.155285,-1.434054,1.723048,-2.973893
0.668267,-0.801228,-0.288526,-0.431042,1.856775,-1.929140
0.672269,-0.020867,-0.416244,0.564521,1.990262,-0.988705
0.676271,0.463572,-0.536203,0.959853,2.123859,-0.081147
0.680272,0.288137,-0.646325,0.576812,2.257192,0.919233
0.684274,-0.827581,-0.744724,-0.341910,2.390816,1.957872
0.688275,-0.982640,-0.829728,-0.866071,2.524169,2.979501
0.692277,-1.010453,-0.899896,-0.541290,2.657967,-2.226330
0.696279,0.198912,-0.954043,0.399894,2.791505,-1.073434
0.700280,0.255822,-0.991245,0.680344,2.925608,0.008585
0.704282,-0.079054,-1.010857,0.395394,3.059478,0.805434
0.708283,-0.465937,-1.012512,-0.031875,-3.089196,1.617352
0.712285,-1.416280,-0.996135,-0.744384,-2.954873,2.718141
0.716287,-0.939994,-0.961937,-0.579259,-2.819881,-2.403358
0.720288,-0.463166,-0.910422,0.090073,-2.685023,-1.427054
0.724290,0.211946,-0.842379,0.440304,-2.549515,-0.753571
0.728291,0.383866,-0.758876,0.790347,-2.414077,0.092917
0.732293,0.105009,-0.661252,0.376214,-2.278054,1.168910
0.736295,-1.011665,-0.551098,-0.638613,-2.142029,2.264229
0.740296,-1.229731,-0.430246,-0.958270,-2.005524,-3.022709
0.744298,-0.692319,-0.300740,-0.518056,-1.868943,-2.121636
0.748299,0.326476,-0.164815,0.406995,-1.732017,-1.196161
0.752301,1.253226,-0.024862,1.228538,-1.594947,-0.209184
0.756303,0.991552,0.116609,0.978459,-1.457681,0.787426
0.760304,-0.220932,0.257011,-0.331825,-1.320210,1.785765
0.764306,-1.437908,0.393725,-1.679762,-1.182697,2.837747
0.768307,-0.719579,0.524145,-1.291984,-1.044927,-2.334655
0.772309,1.412469,0.645734,0.573648,-0.907260,-1.239545
0.776311,2.644503,0.756076,1.482055,-0.769301,-0.281692
0.780312,2.473852,0.852927,1.326230,-0.631573,0.521887
0.784314,1.482940,0.934274,0.259804,-0.493532,1.426096
0.788315,-0.434350,0.998375,-1.590332,-0.355821,2.481877
0.792317,-0.524632,1.043812,-1.816033,-0.217793,-2.743132
0.796319,1.147360,1.069523,-0.433875,-0.080156,-1.807390
0.800320,2.874489,1.074833,1.181917,0.057784,-0.929419
0.804322,4.148820,1.059480,2.263094,0.195306,0.072580
0.808323,2.539774,1.023631,0.916799,0.333097,1.180484
0.812325,-0.047788,0.967882,-1.501658,0.470477,2.293005
0.816327,-0.706605,0.893252,-1.942405,0.608078,-2.960275
0.820328,0.326625,0.801165,-0.801576,0.745306,-2.043908
0.824330,1.987011,0.693416,0.723725,0.882695,-1.143865
0.828331,2.944749,0.572139,1.792431,1.019779,-0.155037
0.832333,2.248551,0.439756,1.102105,1.156951,0.905386
0.836335,0.148120,0.298928,-0.610473,1.293903,1.960012
0.840336,-0.886897,0.152490,-1.364012,1.430862,2.921218
0.844338,-0.936404,0.003388,-1.056737,1.567694,-2.469569
0.848339,0.065072,-0.145391,0.147231,1.704451,-1.468355
0.852341,1.059106,-0.290887,1.350852,1.841178,-0.338904
0.856343,0.463576,-0.430233,0.863249,1.977748,0.794519
0.860344,-0.908082,-0.560716,-0.204434,2.114383,1.781501
0.864346,-1.560137,-0.679836,-0.789785,2.250787,2.642581
0.868347,-1.827291,-0.785359,-0.812714,2.387335,-2.630641
0.872349,-0.931582,-0.875360,0.061538,2.523588,-1.497366
0.876351,-0.390420,-0.948255,0.537935,2.660048,-0.488224
0.880352,-0.513438,-1.002829,0.488339,2.796165,0.134030
0.884354,-0.339686,-1.038250,0.395326,2.932530,0.874642
0.888355,-1.150601,-1.054073,-0.221210,3.068523,1.876158
0.892357,-1.424367,-1.050239,-0.782511,-3.078406,2.885253
0.896359,-1.322090,-1.027062,-0.670043,-2.942532,-2.387861
0.900360,-0.279631,-0.985211,0.273604,-2.806406,-1.306282
0.904362,0.820872,-0.925688,1.098525,-2.670653,-0.193260
0.908363,0.237053,-0.849793,0.725201,-2.534684,0.889581
0.912365,-0.479153,-0.759091,-0.455949,-2.399056,1.962437
0.916367,-1.455676,-0.655378,-1.193262,-2.263271,3.068949
0.920368,-0.320718,-0.540640,-0.574796,-2.127777,-2.138490
0.924370,0.444095,-0.417017,0.275784,-1.992203,-1.261078
0.928371,1.251515,-0.286761,0.846394,-1.856856,-0.516834
0.932373,1.338563,-0.152201,1.080913,-1.721516,0.434113
0.936375,0.294852,-0.015701,0.102402,-1.586326,1.490564
0.940376,-0.913610,0.120371,-0.960916,-1.451233,2.453405
0.944378,-1.197416,0.253678,-1.323536,-1.316206,-2.958493
0.948379,-0.411436,0.381948,-0.609541,-1.181361,-1.962380
0.952381,1.509989,0.503000,1.125417,-1.046499,-0.850724
0.956383,1.985638,0.614782,1.527141,-0.911899,0.207890
0.960384,1.122999,0.715393,0.694908,-0.777206,1.065643
0.964386,-0.115842,0.803119,-0.567166,-0.642835,1.918693
0.968387,-1.388302,0.876455,-1.933961,-0.508309,2.981650
0.972389,-0.368370,0.934128,-1.102036,-0.374143,-2.169134
0.976391,1.830794,0.975124,0.684932,-0.239774,-1.157269
0.980392,2.803468,0.998705,1.547879,-0.105783,-0.333650
0.984394,3.025635,1.004431,1.596022,0.028438,0.584080
0.988395,1.180154,0.992170,-0.203034,0.162285,1.667082
0.992397,-0.716084,0.962110,-1.885812,0.296368,2.747366
0.996399,-0.170568,0.914759,-1.629054,0.430104,-2.565479
1.000400,1.096025,0.850939,-0.056623,0.564064,-1.598126
1.004402,3.619542,0.771780,1.962746,0.697728,-0.499004
1.008403,2.857238,0.678702,1.674878,0.831584,0.672687
1.012405,0.939332,0.573392,-0.400007,0.965211,1.796980
1.016407,-0.539081,0.457778,-1.309231,1.098982,2.765830
1.020408,-0.382145,0.333989,-1.103301,1.232600,-2.664767
1.024410,0.125327,0.204314,-0.242462,1.366302,-1.773859
1.028411,1.111539,0.071157,0.750504,1.499939,-0.879663
1.032413,1.351911,-0.063013,1.268395,1.633596,0.009574
1.036415,0.696591,-0.195709,0.754574,1.767276,1.031461
1.040416,-1.290331,-0.324477,-0.917788,1.900907,2.189988
1.044418,-2.004401,-0.446948,-1.439001,2.034645,-2.896116
1.048419,-0.924755,-0.560884,-0.236037,2.168268,-1.763143
1.052421,0.034885,-0.664228,0.739870,2.302070,-0.751701
1.056423,0.134880,-0.755135,0.873169,2.435700,0.240981
1.060424,-0.456782,-0.832012,0.196854,2.569569,1.309850
1.064426,-1.189454,-0.893545,-0.348187,2.703219,2.279987
1.068427,-1.110724,-0.938718,-0.404228,2.837147,2.811400
1.072429,-1.449085,-0.966827,-0.530004,2.970821,-2.726325
1.076431,-0.774328,-0.977494,-0.046042,3.104789,-1.639794
1.080432,-0.386744,-0.970660,0.481090,-3.044704,-0.650995
1.084434,-0.039983,-0.946583,0.644301,-2.910724,0.045787
1.088435,-0.306584,-0.905827,0.530353,-2.777023,0.973314
1.092437,-1.166491,-0.849241,-0.678150,-2.643067,2.168599
1.096439,-1.832301,-0.777938,-1.196626,-2.509377,-2.892585
1.100440,-0.282844,-0.693272,-0.269978,-2.375485,-1.821494
1.104442,0.394409,-0.596808,0.603891,-2.241832,-0.957809
1.108443,1.536040,-0.490288,1.224118,-2.108046,-0.019919
1.112445,0.693518,-0.375600,0.646190,-1.974455,1.070719
1.116447,-0.423943,-0.254742,-0.694099,-1.840809,2.146047
1.120448,-0.907541,-0.129793,-1.147296,-1.707298,3.049435
1.124450,-0.592142,-0.002877,-0.947847,-1.573814,-2.433525
1.128451,0.676908,0.123867,0.115098,-1.440399,-1.495354
1.132453,2.092573,0.248313,1.597053,-1.307089,-0.446982
1.136455,2.138720,0.368385,1.562489,-1.173776,0.613757
1.140456,0.217779,0.482079,-0.161541,-1.040637,1.651581
1.144458,-1.400275,0.587495,-1.874743,-0.907421,2.682157
1.148459,-1.206336,0.682859,-1.798551,-0.774428,-2.557811
1.152461,0.965541,0.766549,0.122378,-0.641288,-1.513622
1.156463,2.942417,0.837118,1.810013,-0.508403,-0.500359
1.160464,2.859205,0.893317,1.783341,-0.375313,0.474629
1.164466,1.359866,0.934120,0.237426,-0.242489,1.452290
1.168467,-0.772682,0.958740,-1.556374,-0.109411,2.462087
1.172469,-0.929796,0.966647,-1.806008,0.023415,-2.807192
1.176471,0.305983,0.957580,-0.473608,0.156530,-1.839529
1.180472,2.103934,0.931558,1.058033,0.289433,-0.918198
1.184474,2.880691,0.888888,1.822379,0.422647,0.039380
1.188475,1.985962,0.830170,0.894202,0.555705,1.079902
1.192477,-0.013264,0.756297,-1.014548,0.689075,2.158012
1.196479,-0.745614,0.668448,-1.635699,0.822360,-3.089444
1.200480,0.150195,0.568072,-0.799262,0.955943,-2.147377
1.204482,1.437663,0.456875,0.476793,1.089524,-1.231249
1.208483,2.384662,0.336791,1.398159,1.223376,-0.245132
1.212485,1.910802,0.209955,0.982058,1.357310,0.771745
1.216487,0.341264,0.078667,-0.208389,1.491473,1.736924
1.220488,-0.625406,-0.054651,-1.088613,1.625801,2.669218
1.224490,-1.113823,-0.187502,-1.067090,1.760302,-2.627520
1.228491,0.029527,-0.317364,-0.046159,1.895041,-1.610046
1.232493,0.618018,-0.441745,0.900955,2.029894,-0.632337
1.236495,0.886418,-0.558235,1.071692,2.165045,0.359507
1.240496,-0.398754,-0.664560,0.101653,2.300249,1.485310
1.244498,-1.634529,-0.758631,-0.998285,2.435793,2.736259
1.248499,-1.337487,-0.838595,-0.491008,2.571327,-2.271179
1.252501,-0.973266,-0.902879,0.068165,2.707219,-1.358217
1.256503,-0.992977,-0.950223,0.008784,2.843042,-1.548540
1.260504,-0.519999,-0.979712,0.672636,2.979218,-0.421690
1.264506,-0.477801,-0.990796,0.516897,3.115271,0.924867
1.268507,-1.590881,-0.983302,-0.433255,-3.031537,2.202951
1.272509,-1.479725,-0.957432,-0.526437,-2.895329,-3.134313
1.276511,-1.311064,-0.913764,-0.443751,-2.758852,-2.484696
1.280512,-0.790399,-0.853227,0.060615,-2.622579,-1.488239
1.284514,0.298068,-0.777084,0.735850,-2.486116,-0.372731
1.288515,-0.077636,-0.686893,0.638053,-2.349880,0.590419
1.292517,0.048150,-0.584471,0.108875,-2.213548,1.447882
1.296519,-1.246627,-0.471852,-0.896169,-2.077454,2.471999
1.300520,-0.773007,-0.351234,-1.175761,-1.941370,-2.660373
1.304522,0.386996,-0.224939,0.075610,-1.805522,-1.514013
1.308523,1.837745,-0.095352,1.074059,-1.669795,-0.480127
1.312525,1.771744,0.035118,1.062902,-1.534290,0.391865
1.316527,1.098076,0.164096,0.395777,-1.399011,1.258175
1.320528,-0.188033,0.289278,-0.934361,-1.263926,2.254626
1.324530,-0.766467,0.408472,-1.521151,-1.129158,-2.989468
1.328531,0.245939,0.519632,-0.685653,-0.994546,-2.042454
1.332533,1.808663,0.620893,0.643569,-0.860321,-1.170786
1.336535,2.905367,0.710588,1.960493,-0.726208,-0.176453
1.340536,2.480513,0.787278,1.291428,-0.592528,0.945931
1.344538,-0.490859,0.849764,-1.015592,-0.458911,2.070544
1.348539,-0.932520,0.897096,-1.868077,-0.325743,3.080575
1.352541,-0.632247,0.928583,-1.184227,-0.192582,-2.304146
1.356543,1.464555,0.943792,0.374792,-0.059852,-1.364124
1.360544,2.766895,0.942554,1.701906,0.072923,-0.368555
1.364546,2.610186,0.924958,1.459789,0.205312,0.591895
1.368547,1.144337,0.891351,0.080417,0.337792,1.525664
1.372549,-0.717602,0.842330,-1.520181,0.469956,2.520326
1.376551,-0.948157,0.778735,-1.704875,0.602252,-2.716704
1.380552,0.552496,0.701630,-0.206673,0.734325,-1.687633
1.384554,2.037291,0.612300,1.281230,0.866563,-0.701264
1.388555,2.490892,0.512226,1.576336,0.998689,0.277625
1.392557,1.142193,0.403076,0.461725,1.131003,1.284082
1.396559,-0.401877,0.286677,-1.109130,1.263323,2.330752
1.400560,-0.951177,0.165000,-1.452363,1.395839,-2.873458
1.404562,0.171118,0.040122,-0.320792,1.528479,-1.823634
1.408563,1.196992,-0.085795,0.625364,1.661317,-0.930162
1.412565,1.458561,-0.210542,1.028604,1.794389,-0.165395
1.416567,1.345342,-0.331896,0.877841,1.927651,0.779872
1.420568,-0.268356,-0.447662,-0.433687,2.061244,1.897838
1.424570,-1.335090,-0.555705,-1.286458,2.195005,3.045302
1.428571,-0.743992,-0.654003,-0.621089,2.329171,-2.150726
1.432573,-0.136712,-0.740679,0.396705,2.463476,-1.154488
1.436575,0.589766,-0.814053,0.878537,2.598236,-0.229945
1.440576,-0.180958,-0.872671,0.705013,2.733099,0.708792
1.444578,-0.834767,-0.915345,-0.201464,2.868436,1.774822
1.448579,-2.083433,-0.941183,-0.930270,3.003839,2.947928
1.452581,-1.504152,-0.949615,-0.437467,3.139703,-2.225487
1.456583,-1.195205,-0.940412,-0.012069,-3.007594,-1.594273
1.460584,-0.895371,-0.913695,0.408129,-2.871287,-0.996179
1.464586,-0.046959,-0.869936,1.065124,-2.734996,0.131938
1.468587,-1.017999,-0.809953,0.237957,-2.598358,1.366026
1.472589,-1.757413,-0.734890,-0.822929,-2.461772,2.485454
1.476591,-1.611244,-0.646197,-0.897347,-2.324932,-2.929300
1.480592,-0.921278,-0.545596,-0.533168,-2.188177,-2.117847
1.484594,0.575266,-0.435042,0.494990,-2.051281,-1.150385
1.488595,1.467552,-0.316677,1.321032,-1.914494,-0.125688
1.492597,1.288099,-0.192783,0.889581,-1.777685,0.880494
1.496599,-0.087847,-0.065730,-0.427762,-1.641000,1.868315
1.500600,-1.039710,0.062076,-1.468215,-1.504413,2.857970
1.504602,-0.500378,0.188240,-1.197255,-1.367953,-2.422756
1.508603,0.997469,0.310430,0.250077,-1.231703,-1.414977
1.512605,2.578293,0.426418,1.439850,-1.095578,-0.437499
1.516607,2.366192,0.534125,1.423754,-0.959761,0.492378
1.520608,1.250424,0.631657,0.215417,-0.824059,1.448109
1.524610,-0.666026,0.717333,-1.512776,-0.688739,2.487628
1.528611,-0.926496,0.789713,-1.743236,-0.553515,-2.729108
1.532613,0.715927,0.847612,-0.284614,-0.418717,-1.730079
1.536615,2.153681,0.890112,1.236931,-0.283989,-0.806711
1.540616,2.995237,0.916577,1.908919,-0.149704,0.158306
1.544618,1.586475,0.926647,0.744966,-0.015461,1.199526
1.548619,-0.535363,0.920245,-1.290180,0.118354,2.249889
1.552621,-1.270488,0.897566,-1.992252,0.252157,-3.019260
1.556623,-0.223100,0.859067,-0.871474,0.385581,-2.023777
1.560624,1.918277,0.805458,1.036078,0.519027,-1.021185
1.564626,2.668939,0.737684,1.958835,0.652168,-0.023383
1.568627,1.811173,0.656912,1.110915,0.785365,0.966958
1.572629,-0.390575,0.564515,-0.783918,0.918352,1.978700
1.576631,-1.724383,0.462049,-1.939408,1.051423,3.018328
1.580632,-0.903804,0.351232,-1.136588,1.184396,-2.224767
1.584634,0.840920,0.233921,0.645730,1.317480,-1.196110
1.588635,2.126664,0.112088,1.637987,1.450589,-0.153918
1.592637,1.215633,-0.012206,0.910274,1.583833,0.913388
1.596639,0.019358,-0.136835,-0.459661,1.717224,1.954652
1.600640,-0.887713,-0.259639,-0.925955,1.850765,2.864859
1.604642,-0.536756,-0.378458,-0.755084,1.984565,-2.639406
1.608643,-0.356415,-0.491163,-0.176199,2.118522,-1.768695
1.612645,0.712644,-0.595693,0.630477,2.252833,-0.789246
1.616647,0.568363,-0.690092,0.824246,2.387304,0.162572
1.620648,0.196154,-0.772544,0.406295,2.522202,1.046435
1.624650,-0.835440,-0.841413,-0.320325,2.657255,1.953616
1.628651,-1.586907,-0.895277,-0.907797,2.792780,2.918553
1.632653,-1.523603,-0.932965,-0.722944,2.928446,-2.352944
1.636655,-0.597688,-0.953589,0.335437,3.064599,-1.267496
1.640656,0.124729,-0.956572,1.125915,-3.082312,-0.123478
1.644658,-0.431650,-0.941666,0.569889,-2.945566,0.972239
1.648659,-1.445979,-0.908970,-0.263083,-2.808720,1.869938
1.652661,-1.871542,-0.858936,-0.913120,-2.671448,2.710673
1.656663,-2.080031,-0.792371,-0.983944,-2.534102,-2.522651
1.660664,-0.573841,-0.710426,0.218870,-2.396403,-1.394293
1.664666,0.246818,-0.614578,1.050429,-2.258656,-0.397744
1.668667,0.340966,-0.506607,1.087357,-2.120653,0.425993
1.672669,-0.305300,-0.388553,0.281252,-1.982628,1.382083
1.676671,-1.964183,-0.262681,-1.398003,-1.844455,2.501856
1.680672,-1.678537,-0.131432,-1.546787,-1.706288,-2.652531
1.684674,0.072653,0.002634,-0.079118,-1.568093,-1.619473
1.688675,1.706037,0.136887,1.208858,-1.429931,-0.677135
1.692677,2.213814,0.268695,1.492371,-1.291864,0.252956
1.696679,1.283944,0.395479,0.610627,-1.153857,1.162406
1.700680,-0.014047,0.514771,-0.729354,-1.016059,2.037500
1.704682,-1.016381,0.624267,-1.802187,-0.878344,2.963035
1.708683,-0.503969,0.721874,-1.390840,-0.740938,-2.320796
1.712685,1.855811,0.805753,0.577543,-0.603637,-1.302913
1.716687,3.395181,0.874356,2.221095,-0.466727,-0.281157
1.720688,3.045043,0.926454,1.720361,-0.329944,0.776250
1.724690,0.275655,0.961158,-0.658405,-0.193614,1.855186
1.728691,-1.167243,0.977930,-2.039849,-0.057429,2.872403
1.732693,-0.837920,0.976581,-1.595672,0.078271,-2.506610
1.736695,0.876398,0.957273,-0.004898,0.213812,-1.573120
1.740696,2.854407,0.920498,1.930697,0.348865,-0.507400
1.744698,2.669354,0.867065,1.681150,0.483748,0.591167
1.748699,0.633760,0.798076,0.010832,0.618163,1.564337
1.752701,-0.603011,0.714896,-1.129703,0.752399,2.379554
1.756703,-1.622712,0.619121,-1.698560,0.886214,-2.986829
1.760704,-0.544386,0.512538,-0.633582,1.019847,-1.931823
1.764706,1.038000,0.397094,1.075588,1.153132,-0.884826
1.768707,1.500878,0.274852,1.610203,1.286242,0.103213
1.772709,0.485712,0.147960,0.684792,1.419093,1.134397
1.776711,-1.405636,0.018617,-0.953976,1.551785,2.249405
1.780712,-1.819172,-0.110967,-1.207484,1.684322,-2.945793
1.784714,-1.037758,-0.238601,-0.442840,1.816721,-2.060289
1.788715,-0.420374,-0.362141,0.256644,1.949075,-1.286479
1.792717,0.575020,-0.479522,0.950593,2.081325,-0.294165
1.796719,0.141107,-0.588781,0.634897,2.213644,0.824394
1.800720,-0.603275,-0.688082,-0.233420,2.345898,1.887195
1.804722,-1.060267,-0.775739,-0.535992,2.478327,2.757211
1.808723,-1.172990,-0.850236,-0.516645,2.610733,-2.817792
1.812725,-0.961749,-0.910250,-0.272414,2.743407,-1.990318
1.816727,-0.323468,-0.954675,0.525284,2.876101,-0.914709
1.820728,0.048338,-0.982635,0.944306,3.009135,0.328647
1.824730,-0.950645,-0.993505,-0.062428,-3.140954,1.634016
1.828731,-1.951975,-0.986926,-0.800829,-3.007468,2.901188
1.832733,-1.235222,-0.962823,-0.385382,-2.873881,-2.282144
1.836735,-1.279560,-0.921411,0.025074,-2.739882,-1.511434
1.840736,-0.623733,-0.863203,0.241508,-2.605748,-0.977101
1.844738,-0.731717,-0.789016,0.608310,-2.471207,-0.237036
1.848739,-0.382549,-0.699966,0.626741,-2.336503,0.805722
1.852741,-1.622137,-0.597457,-0.443173,-2.201418,1.988923
1.856743,-1.952127,-0.483171,-1.058871,-2.066149,3.125994
1.860744,-1.331186,-0.359046,-0.631673,-1.930549,-2.296740
1.864746,-0.408890,-0.227245,0.015279,-1.794751,-1.558114
1.868747,1.117649,-0.090123,1.486502,-1.658687,-0.507071
1.872749,1.368283,0.049814,1.538374,-1.522419,0.696388
1.876751,-0.967178,0.189956,-0.585229,-1.385958,1.872673
1.880752,-1.733129,0.327641,-1.716978,-1.249293,2.904332
1.884754,-1.352564,0.460208,-1.351252,-1.112513,-2.471371
1.888756,0.609494,0.585050,0.109488,-0.975535,-1.511509
1.892757,2.380881,0.699674,1.669557,-0.838522,-0.490793
1.896759,2.455931,0.801760,1.622382,-0.701327,0.485762
1.900760,1.241626,0.889212,0.317273,-0.564170,1.398783
1.904762,-0.591075,0.960213,-1.399799,-0.426854,2.342928
1.908764,-1.095515,1.013261,-2.107649,-0.289639,-2.932815
1.912765,0.399118,1.047215,-0.738563,-0.152292,-1.910533
1.916767,2.765889,1.061315,1.382483,-0.015094,-0.906268
1.920768,3.716586,1.055209,2.288735,0.122201,0.095771
1.924770,2.290526,1.028960,1.010535,0.259310,1.130664
1.928772,-0.387127,0.983053,-1.410350,0.396477,2.209867
1.932773,-1.347088,0.918374,-2.147624,0.533435,-2.975740
1.936775,0.010496,0.836199,-0.642151,0.670410,-1.935000
1.940776,1.374088,0.738156,0.683592,0.807173,-1.080621
1.944778,1.970779,0.626193,1.399185,0.943912,-0.337079
1.948780,1.855605,0.502528,1.418464,1.080452,0.627726
1.952781,-0.280319,0.369605,-0.359474,1.216925,1.769285
1.956783,-1.781785,0.230039,-1.504583,1.353220,2.913097
1.960784,-1.387534,0.086551,-0.860776,1.489409,-2.442343
1.964786,-0.865039,-0.058084,-0.233370,1.625454,-1.793801
1.968788,0.173589,-0.201101,0.834659,1.761360,-0.884499
1.972789,0.834706,-0.339796,1.395966,1.897164,0.259589
1.976791,-0.518727,-0.471581,0.194351,2.032804,1.423660
1.980792,-1.554763,-0.594032,-0.878737,2.168386,2.490034
1.984794,-1.779340,-0.704929,-0.901456,2.303788,-2.821690
1.988796,-1.095441,-0.802301,-0.231606,2.439175,-1.846985
1.992797,-0.451416,-0.884452,0.456091,2.574372,-0.901146
1.996799,-0.235468,-0.949989,0.675563,2.709596,-0.064844
2.000800,-0.469953,-0.997842,0.494854,2.844629,0.823288
2.004802,-1.141958,-1.027272,-0.200099,2.979722,1.838179
2.008804,-1.768222,-1.037883,-0.669276,3.114633,2.798478
2.012805,-1.528608,-1.029618,-0.663830,-3.033558,-2.666952
2.016807,-1.185677,-1.002758,-0.134175,-2.898730,-1.712537
2.020808,0.232955,-0.957910,0.962946,-2.763808,-0.555243
2.024810,-0.037408,-0.895992,0.903333,-2.629029,0.660976
2.028812,-0.999390,-0.818210,-0.229380,-2.494155,1.805844
2.032813,-1.589727,-0.726039,-0.735063,-2.359397,2.749145
2.036815,-1.478130,-0.621193,-0.717865,-2.224554,-2.768029
2.040816,-0.897175,-0.505596,-0.290728,-2.089795,-1.894425
2.044818,0.135980,-0.381349,0.690162,-1.954975,-0.871638
2.048820,0.779285,-0.250692,1.135599,-1.820207,0.197626
2.052821,0.013229,-0.115967,0.395361,-1.685408,1.226296
2.056823,-0.838908,0.020419,-0.682759,-1.550627,2.172582
2.060824,-1.492540,0.156039,-1.365297,-1.415852,3.121091
2.064826,-0.567971,0.288483,-0.818654,-1.281064,-2.120436
2.068828,1.003867,0.415397,0.831983,-1.146321,-1.042070
2.072829,2.113390,0.534528,1.621954,-1.011538,-0.040393
2.076831,1.208140,0.643763,1.100169,-0.876841,0.876156
2.080832,-0.250069,0.741161,-0.598797,-0.742083,1.875636
2.084834,-1.939649,0.824997,-2.130240,-0.607445,2.992203
2.088836,-0.585995,0.893782,-1.153187,-0.472733,-2.187928
2.092837,1.457352,0.946299,0.521318,-0.338169,-1.264378
2.096839,2.783067,0.981625,1.659200,-0.203527,-0.442891
2.100840,3.193860,0.999148,1.807808,-0.069058,0.579267
2.104842,0.872817,0.998584,-0.351971,0.065479,1.731751
2.108844,-0.688336,0.979986,-1.767321,0.199827,2.819772
2.112845,-0.193284,0.943736,-1.350056,0.334228,-2.607416
2.116847,0.527453,0.890544,-0.363679,0.468433,-1.783884
2.120848,2.708291,0.821431,1.468093,0.602670,-0.735359
2.124850,2.704183,0.737709,1.820875,0.736717,0.410330
2.128852,0.960685,0.640954,0.093743,0.870766,1.517091
2.132853,-0.575194,0.532980,-1.162693,1.004639,2.502078
2.136855,-1.089244,0.415794,-1.261203,1.138482,-2.934560
2.140856,-0.370080,0.291558,-0.688684,1.272173,-2.096580
2.144858,0.513093,0.162548,0.723977,1.405803,-1.099536
2.148860,1.788287,0.031102,1.712031,1.539316,0.041607
2.152861,0.029979,-0.100415,0.547436,1.672739,1.215984
2.156863,-1.266165,-0.229664,-0.808981,1.806087,2.272834
2.160864,-1.930851,-0.354367,-1.064342,1.939322,3.092669
2.164866,-1.628234,-0.472352,-0.806220,2.072524,-2.319115
2.168868,-0.468137,-0.581590,0.443025,2.205600,-1.221236
2.172869,0.417169,-0.680225,1.191547,2.338692,-0.067109
2.176871,-0.323987,-0.766602,0.541828,2.471655,0.983305
2.180872,-1.046834,-0.839288,-0.271227,2.604682,1.899332
2.184874,-1.709856,-0.897094,-0.752287,2.737589,2.850496
2.188876,-1.360418,-0.939087,-0.521823,2.870606,-2.471045
2.192877,-1.062815,-0.964600,-0.118290,3.003520,-1.781024
2.196879,-0.388727,-0.973239,0.343040,3.136585,-1.097409
2.200880,0.164270,-0.964881,1.048012,-3.013609,-0.035367
2.204882,-0.093752,-0.939678,0.482226,-2.880431,1.161636
2.208884,-1.683751,-0.898047,-0.827828,-2.747289,2.330399
2.212885,-1.424277,-0.840667,-1.075434,-2.613935,-2.882577
2.216887,-0.959908,-0.768465,-0.336548,-2.480570,-1.901363
2.220888,0.405724,-0.682608,0.544949,-2.346979,-0.991910
2.224890,0.656520,-0.584489,1.051024,-2.213326,-0.143312
2.228892,0.585856,-0.475702,0.898340,-2.079442,0.800025
2.232893,-0.897033,-0.358030,-0.496620,-1.945444,1.907838
2.236895,-1.993863,-0.233422,-1.478692,-1.811218,3.070780
2.240896,-0.934826,-0.103966,-0.693982,-1.676826,-2.172222
2.244898,-0.086836,0.028136,0.146959,-1.542222,-1.434593
2.248900,1.128204,0.160599,1.083045,-1.407409,-0.650757
2.252901,1.654862,0.291092,1.567552,-1.272406,0.404275
2.256903,0.165415,0.417271,0.076131,-1.137159,1.529043
2.260904,-1.216215,0.536825,-1.490943,-1.001750,2.585123
2.264906,-1.254947,0.647511,-1.577258,-0.866069,-2.742398
2.268908,0.340257,0.747199,-0.400412,-0.730255,-1.795180
2.272909,2.146786,0.833914,1.335515,-0.594154,-0.795794
2.276911,2.944651,0.905884,1.897777,-0.457949,0.212914
2.280912,1.606133,0.961573,0.731939,-0.321457,1.185194
2.284914,-0.155985,0.999731,-1.084263,-0.184888,2.139359
2.288916,-1.244132,1.019417,-2.129695,-0.048039,3.123922
2.292917,-0.024189,1.020034,-1.192406,0.088866,-2.142674
2.296919,2.300892,1.001346,0.942444,0.226036,-1.128785
2.300920,3.727236,0.963496,2.172506,0.363247,-0.132997
2.304922,2.833491,0.907017,1.416369,0.500694,0.875221
2.308924,0.455795,0.832822,-0.756443,0.638172,1.924611
2.312925,-1.135589,0.742204,-1.988159,0.775847,2.987953
2.316927,-0.431863,0.636802,-1.141091,0.913549,-2.293048
2.320928,0.855860,0.518581,0.244955,1.051408,-1.409095
2.324930,1.954689,0.389785,1.335223,1.189297,-0.532845
2.328932,2.019144,0.252898,1.472336,1.327298,0.481841
2.332933,0.262392,0.110589,-0.044403,1.465338,1.597927
2.336935,-1.238006,-0.034340,-1.302167,1.603441,2.714634
2.340936,-1.277624,-0.179021,-0.963567,1.741590,-2.545588
2.344938,-0.469026,-0.320580,-0.055273,1.879755,-1.625879
2.348940,0.060628,-0.456202,0.745793,2.017975,-0.677428
2.352941,0.249788,-0.583189,0.857048,2.156164,0.336905
2.356943,-0.645020,-0.699023,0.196725,2.294416,1.336260
2.360944,-1.403603,-0.801415,-0.584698,2.432598,2.337266
2.364946,-1.757238,-0.888357,-0.819431,2.570844,-2.834998
2.368948,-1.099734,-0.958161,-0.051389,2.708983,-1.637109
2.372949,-0.435794,-1.009493,0.487108,2.847184,-0.526518
2.376951,-0.772576,-1.041398,0.398348,2.985250,0.137358
2.380952,-0.540105,-1.053314,0.377364,3.123367,0.777949
2.384954,-1.346131,-1.045082,-0.193332,-3.021856,1.851819
2.388956,-1.612565,-1.016939,-0.737584,-2.883859,2.994149
2.392957,-1.341943,-0.969512,-0.451555,-2.746029,-2.234608
2.396959,-0.390759,-0.903799,0.257805,-2.608188,-1.216814
2.400960,0.149808,-0.821140,0.708984,-2.470518,-0.153871
2.404962,0.010429,-0.723188,0.407619,-2.332863,0.789861
2.408964,-0.179529,-0.611870,0.150147,-2.195374,1.296784
2.412965,-0.523587,-0.489346,-0.424130,-2.057928,2.056997
2.416967,-1.228890,-0.357962,-1.299533,-1.920633,-3.088505
2.420968,-0.133737,-0.220209,-0.457627,-1.783411,-1.882556
2.424970,1.539000,-0.078672,1.068186,-1.646317,-0.748623
2.428972,1.720741,0.064017,1.314682,-1.509324,0.245048
2.432973,0.893129,0.205228,0.553286,-1.372431,1.146968
2.436975,-0.481596,0.342374,-0.649143,-1.235659,2.045457
2.440976,-1.392046,0.472960,-1.537616,-1.098953,2.943939
2.444978,-0.988481,0.594616,-1.357198,-0.962382,-2.393072
2.448980,0.917099,0.705142,0.501423,-0.825843,-1.339352
2.452981,3.081811,0.802541,2.312711,-0.689450,-0.218754
2.456983,2.065479,0.885052,1.476329,-0.553058,0.884577
2.460984,-0.002543,0.951183,-0.740176,-0.416818,1.912080
2.464986,-1.497479,0.999736,-2.135081,-0.280552,2.900533
2.468988,-0.738207,1.029825,-1.563132,-0.144433,-2.346044
2.472989,1.693099,1.040898,0.619880,-0.008268,-1.273566
2.476991,2.903939,1.032740,1.764350,0.127760,-0.267287
2.480992,2.643103,1.005490,1.350521,0.263846,0.588910
2.484994,1.133583,0.959636,0.234641,0.399807,1.432878
2.488996,-0.422144,0.896015,-1.394466,0.535828,2.416978
2.492997,-1.247210,0.815793,-1.757526,0.671742,-2.820408
2.496999,0.507798,0.720451,-0.427021,0.807709,-1.823435
2.501000,1.643804,0.611757,1.002034,0.943595,-0.898877
2.505002,2.647086,0.491737,1.614783,1.079520,0.034104
2.509004,1.487836,0.362636,0.863882,1.215387,1.015675
2.513005,-0.223289,0.226884,-0.724511,1.351272,2.027403
2.517007,-1.462206,0.087038,-1.618307,1.487118,3.077034
2.521008,-0.958239,-0.054258,-0.788380,1.622951,-2.120633
2.525010,0.421789,-0.194335,0.613132,1.758763,-1.071883
2.529012,0.643447,-0.330549,1.071273,1.894528,-0.158859
2.533013,0.310644,-0.460333,0.818223,2.030287,0.716267
2.537015,-0.829768,-0.581255,-0.193877,2.165961,1.738947
2.541016,-2.121056,-0.691061,-1.085407,2.301635,2.839239
2.545018,-1.696823,-0.787725,-0.766002,2.437185,-2.382936
2.549020,-1.189807,-0.869491,0.231279,2.572732,-1.342994
2.553021,-0.204913,-0.934904,0.975342,2.708117,-0.220971
2.557023,-1.047892,-0.982839,0.497524,2.843489,0.948404
2.561024,-1.651674,-1.012520,-0.220304,2.978663,1.948592
2.565026,-1.927721,-1.023531,-0.410621,3.113805,2.506614
2.569028,-2.215030,-1.015817,-0.698196,-3.034466,-2.964351
2.573029,-1.502804,-0.989682,-0.217849,-2.899610,-1.831653
2.577031,-0.781387,-0.945771,0.592980,-2.765006,-0.722963
2.581032,-0.325156,-0.885054,0.696460,-2.630492,0.126760
2.585034,-0.686330,-0.808794,0.519296,-2.496244,0.905011
2.589036,-1.172903,-0.718518,-0.383083,-2.362119,1.939732
2.593037,-1.894091,-0.615974,-1.114492,-2.228264,3.049064
2.597039,-1.045363,-0.503102,-0.678165,-2.094564,-2.271554
2.601040,0.116012,-0.381983,0.148011,-1.961127,-1.442525
2.605042,1.210419,-0.254804,1.301853,-1.827874,-0.442571
2.609044,1.538691,-0.123809,1.205938,-1.694863,0.696136
2.613045,-0.562104,0.008732,-0.294945,-1.562056,1.778032
2.617047,-0.919365,0.140569,-1.137662,-1.429457,2.643312
2.621048,-1.633035,0.269499,-1.394739,-1.297069,-2.801438
2.625050,-0.101413,0.393398,-0.339741,-1.164845,-1.766813
2.629052,1.592765,0.510251,1.408002,-1.032830,-0.674920
2.633053,1.914726,0.618174,1.637216,-0.900928,0.329978
2.637055,0.904670,0.715440,0.553325,-0.769224,1.254916
2.641056,-0.989710,0.800500,-1.223315,-0.637576,2.234049
2.645058,-1.729693,0.871994,-2.148843,-0.506099,-2.996971
2.649060,-0.236339,0.928768,-0.789774,-0.374618,-1.927629
2.653061,2.129125,0.969891,1.483370,-0.243271,-0.863669
2.657063,2.998726,0.994658,2.198137,-0.111863,0.197328
2.661064,1.162741,1.002609,0.685054,0.019456,1.241212
2.665066,-0.705010,0.993533,-1.205290,0.150887,2.238888
2.669068,-1.616474,0.967475,-1.808058,0.282283,-3.100799
2.673069,-0.605140,0.924737,-1.013353,0.413842,-2.185850
2.677071,0.988555,0.865882,0.542397,0.545425,-1.262992
2.681072,2.447703,0.791730,1.801466,0.677212,-0.295641
2.685074,2.050671,0.703359,1.457846,0.809085,0.728867
2.689076,0.073369,0.602098,-0.400635,0.941192,1.779972
2.693077,-1.476975,0.489515,-1.726858,1.073442,2.811676
2.697079,-1.159550,0.367399,-1.355163,1.205943,-2.469287
2.701080,0.290314,0.237741,0.200757,1.338640,-1.450938
2.705082,1.691380,0.102709,1.464417,1.471599,-0.389203
2.709084,1.110313,-0.035386,1.081657,1.604801,0.670537
2.713085,-0.029327,-0.174121,-0.084682,1.738261,1.645287
2.717087,-1.187024,-0.311005,-0.801153,1.872000,2.518211
2.721088,-1.232213,-0.443520,-0.901270,2.005984,-2.889999
2.725090,-1.162182,-0.569174,-0.378634,2.140270,-2.011717
2.729092,-0.188035,-0.685547,0.354273,2.274778,-1.175897
2.733093,0.065042,-0.790347,1.055908,2.409599,-0.223258
2.737095,-0.143055,-0.881458,0.738341,2.544614,0.905250
2.741096,-1.792876,-0.956991,-0.527297,2.679940,2.069569
2.745098,-2.340374,-1.015329,-0.890268,2.815426,3.056044
2.749100,-2.128829,-1.055169,-0.690520,2.951204,-2.432119
2.753101,-1.520573,-1.075561,0.217354,3.087105,-1.377185
2.757103,-0.253742,-1.075932,1.174140,-3.059919,-0.103349
2.761104,-1.224211,-1.056109,0.368022,-2.923672,1.164033
2.765106,-1.721359,-1.016325,-0.262706,-2.787207,2.058474
2.769108,-1.635499,-0.957224,-0.465881,-2.650693,2.449605
2.773109,-2.265176,-0.879847,-0.866305,-2.514013,-2.882752
2.777111,-0.903730,-0.785613,-0.224434,-2.377318,-1.786334
2.781112,-0.359074,-0.676293,0.822462,-2.240517,-0.773398
2.785114,0.805848,-0.553972,1.303591,-2.103733,0.244053
2.789116,-0.601118,-0.420998,0.325415,-1.966905,1.355926
2.793117,-1.618954,-0.279937,-1.222870,-1.830122,2.487066
2.797119,-1.624616,-0.133516,-1.312918,-1.693357,-2.748893
2.801120,-0.108421,0.015440,-0.312486,-1.556661,-1.808803
2.805122,1.371365,0.164062,0.811876,-1.420045,-0.898953
2.809124,2.109040,0.309506,1.306201,-1.283516,-0.005813
2.813125,1.788327,0.449009,0.911243,-1.147124,0.858939
2.817127,0.427255,0.579944,-0.356747,-1.010832,1.794104
2.821128,-0.929359,0.699876,-1.715816,-0.874719,2.829069
2.825130,-0.685399,0.806601,-1.380702,-0.738710,-2.406737
2.829132,1.214479,0.898189,0.292546,-0.602911,-1.414942
2.833133,2.591769,0.973011,1.842461,-0.467213,-0.426407
2.837135,2.651279,1.029771,1.754079,-0.331743,0.641249
2.841136,0.175832,1.067519,-0.400440,-0.196368,1.755638
2.845138,-1.226705,1.085666,-1.869858,-0.061225,2.821958
2.849140,-0.820889,1.083983,-1.420064,0.073835,-2.509006
2.853141,0.748310,1.062602,-0.053841,0.208677,-1.602175
2.857143,2.262912,1.022004,1.371602,0.343453,-0.652344
2.861144,2.591950,0.963011,1.630421,0.478033,0.289201
2.865146,1.293245,0.886761,0.632235,0.612563,1.204020
2.869148,-0.527808,0.794693,-1.123150,0.746930,2.193369
2.873149,-1.753073,0.688513,-1.962709,0.881262,-3.017301
2.877151,-0.384296,0.570164,-0.720052,1.015475,-1.973245
2.881152,1.137442,0.441791,0.884276,1.149670,-1.036789
2.885154,2.160276,0.305704,1.863789,1.283798,-0.068430
2.889156,1.188460,0.164341,0.970006,1.417925,1.058208
2.893157,-1.151791,0.020229,-1.123484,1.552038,2.252394
2.897159,-1.555964,-0.124062,-1.317856,1.686165,-2.947472
2.901160,-0.887115,-0.265957,-0.580267,1.820330,-2.143870
2.905162,-0.154431,-0.402922,0.346250,1.954522,-1.269294
2.909164,0.857309,-0.532508,1.180385,2.088801,-0.120829
2.913165,-0.065503,-0.652386,0.451521,2.223120,1.062321
2.917167,-0.789452,-0.760397,-0.201085,2.357571,1.927302
2.921168,-1.033546,-0.854580,-0.419372,2.492071,2.409119
2.925170,-1.763600,-0.933215,-0.707515,2.626736,-2.963349
2.929172,-0.963812,-0.994854,-0.271096,2.761457,-1.936617
2.933173,-0.862763,-1.038352,0.437081,2.896363,-0.997872
2.937175,0.186925,-1.062889,0.969542,3.031327,0.040857
2.941176,-1.057296,-1.067991,0.332220,-3.116698,1.260807
2.945178,-1.827453,-1.053539,-0.828023,-2.981482,2.538162
2.949180,-2.034412,-1.019783,-0.627351,-2.846075,-2.600881
2.953181,-1.364608,-0.967335,-0.195988,-2.710618,-1.942418
2.957183,-1.068046,-0.897166,0.231467,-2.574989,-1.256392
2.961184,-0.274067,-0.810587,0.986071,-2.439320,-0.128697
2.965186,-0.641206,-0.709227,0.492039,-2.303511,1.066601
2.969188,-1.593678,-0.595006,-0.420685,-2.167674,2.076800
2.973189,-1.548419,-0.470090,-0.820391,-2.031739,2.804558
2.977191,-1.553004,-0.336855,-0.976479,-1.895792,-2.593869
2.981192,-0.019231,-0.197839,0.083309,-1.759797,-1.509861
2.985194,1.401685,-0.055683,1.264116,-1.623807,-0.443970
2.989196,1.410781,0.086918,1.234051,-1.487824,0.488542
2.993197,0.682668,0.227274,0.288389,-1.351863,1.387354
2.997199,-1.100084,0.362758,-1.379730,-1.215960,2.398184
3.001200,-1.320768,0.490851,-1.953855,-1.080093,-2.794915
3.005202,0.576740,0.609199,-0.266013,-0.944333,-1.697371
3.009204,2.571896,0.715655,1.587575,-0.808622,-0.647362
3.013205,3.072218,0.808320,1.762142,-0.673061,0.310662
3.017207,1.471605,0.885579,0.660100,-0.537561,1.209778
3.021208,0.018669,0.946131,-1.154691,-0.402244,2.174394
3.025210,-1.561438,0.989003,-2.116320,-0.266995,-3.063384
3.029212,0.200520,1.013565,-0.911315,-0.131949,-2.034057
3.033213,1.775629,1.019534,0.909899,0.003027,-1.088808
3.037215,3.175725,1.006970,2.047409,0.137794,-0.143274
3.041216,2.392632,0.976273,1.379990,0.272488,0.894544
3.045218,-0.131331,0.928169,-0.848650,0.406979,1.970278
3.049220,-1.339295,0.863683,-2.030260,0.541399,3.006357
3.053221,-0.804040,0.784123,-1.262671,0.675634,-2.276852
3.057223,1.053645,0.691041,0.555547,0.809805,-1.265984
3.061224,2.177986,0.586207,1.629153,0.943826,-0.277549
3.065226,1.504961,0.471572,1.279346,1.077794,0.635193
3.069228,0.262207,0.349236,0.009425,1.211654,1.565084
3.073229,-1.729611,0.221408,-1.473828,1.345475,2.601681
3.077231,-1.612728,0.090367,-1.408213,1.479237,-2.605815
3.081232,-0.280804,-0.041573,-0.010028,1.612978,-1.577627
3.085234,0.857389,-0.172103,1.106550,1.746717,-0.591919
3.089236,1.104652,-0.298955,1.116991,1.880458,0.407345
3.093237,-0.083779,-0.419932,0.195725,2.014256,1.387095
3.097239,-0.885838,-0.532945,-0.658518,2.148080,2.309077
3.101240,-1.442344,-0.636043,-0.957947,2.282016,-2.999731
3.105242,-1.010600,-0.727444,-0.317175,2.416001,-1.926124
3.109244,-0.035306,-0.805565,0.486381,2.550146,-0.879435
3.113245,-0.317533,-0.869047,0.640501,2.684360,0.019796
3.117247,-0.147049,-0.916779,0.388796,2.818775,0.899387
3.121248,-1.240811,-0.947916,-0.172294,2.953278,1.851285
3.125250,-1.351232,-0.961900,-0.589235,3.088008,2.750576
3.129252,-1.714615,-0.958470,-0.647227,-3.060346,-2.574922
3.133253,-0.898046,-0.937674,0.142330,-2.925273,-1.414946
3.137255,-0.148856,-0.899870,0.910064,-2.790091,-0.164042
3.141257,-0.822701,-0.845726,0.405539,-2.654669,1.004129
3.145258,-1.321860,-0.776214,-0.176757,-2.519134,1.882419
3.149260,-1.632454,-0.692591,-0.496601,-2.383375,2.594702
3.153261,-1.660709,-0.596390,-0.620619,-2.247504,-2.831176
3.157263,-1.010692,-0.489384,-0.299820,-2.111441,-1.998617
3.161265,-0.317960,-0.373563,0.386761,-1.975273,-1.138648
3.165266,0.741867,-0.251093,1.187398,-1.838954,-0.103832
3.169268,0.281769,-0.124274,0.730465,-1.702543,1.006622
3.173269,-1.121932,0.004502,-0.687846,-1.566029,2.077005
3.177271,-1.513162,0.132802,-1.452930,-1.429438,3.083715
3.181273,-1.020692,0.258199,-0.898757,-1.292798,-2.205738
3.185274,1.032760,0.378321,0.524080,-1.156100,-1.226214
3.189276,1.846817,0.490900,1.549846,-1.019410,-0.297236
3.193277,2.092130,0.593825,1.460684,-0.882688,0.645486
3.197279,0.196962,0.685179,-0.217243,-0.746030,1.675479
3.201281,-1.476385,0.763284,-2.031461,-0.609363,2.747700
3.205282,-0.990715,0.826730,-1.749761,-0.472811,-2.496801
3.209284,1.080139,0.874404,0.145901,-0.336277,-1.504088
3.213285,3.186517,0.905510,1.962598,-0.199901,-0.500382
3.217287,2.972083,0.919583,1.916150,-0.063571,0.527332
3.221289,1.054569,0.916496,0.100788,0.072563,1.522950
3.225290,-1.099728,0.896457,-1.607558,0.208620,2.467699
3.229292,-1.570378,0.859999,-2.025726,0.344458,-2.839361
3.233293,-0.226431,0.807960,-0.477143,0.480195,-1.797364
3.237295,1.847000,0.741460,1.412071,0.615703,-0.771195
3.241297,2.185903,0.661874,1.819347,0.751092,0.166672
3.245298,1.085653,0.570802,0.834961,0.886254,1.123544
3.249300,-1.016709,0.470029,-1.205916,1.021277,2.216612
3.253301,-1.940716,0.361491,-1.740200,1.156086,-2.921786
3.257303,-0.500654,0.247232,-0.478946,1.290743,-1.935136
3.261305,0.099101,0.129365,0.378614,1.425208,-1.253944
3.265306,1.286130,0.010028,1.441461,1.559517,-0.360835
3.269308,0.887311,-0.108648,1.198196,1.693668,0.807521
3.273309,-1.248652,-0.224576,-0.656040,1.827662,2.004357
3.277311,-1.864717,-0.335751,-1.210441,1.961535,3.031925
3.281313,-1.780610,-0.440281,-0.832479,2.095256,-2.429618
3.285314,-0.732530,-0.536411,0.132324,2.228897,-1.461354
3.289316,0.284852,-0.622554,1.150541,2.362400,-0.313626
3.293317,-0.206217,-0.697310,0.675470,2.495869,0.829840
3.297319,-0.926099,-0.759479,-0.151858,2.629222,1.780494
3.301321,-1.420269,-0.808078,-0.488436,2.762588,2.462526
3.305322,-1.533952,-0.842353,-0.732631,2.895865,-3.053403
3.309324,-1.321685,-0.861783,-0.434083,3.029199,-2.077463
3.313325,-0.220731,-0.866088,0.547117,-3.120708,-0.998962
3.317327,0.202261,-0.855230,1.037043,-2.987334,0.094288
3.321329,-0.328880,-0.829411,0.448002,-2.853978,1.114492
3.325330,-1.384419,-0.789069,-0.493391,-2.720492,2.051968
3.329332,-1.982965,-0.734876,-1.242510,-2.586985,3.055739
3.333333,-1.520409,-0.667726,-0.710969,-2.453326,-2.096574
3.337335,0.254453,-0.588728,0.860495,-2.319608,-0.920393
3.341337,0.549388,-0.499191,1.222678,-2.185724,0.186498
3.345338,-0.188295,-0.400607,0.472904,-2.051747,1.099416
3.349340,-0.902297,-0.294630,-0.299906,-1.917599,1.860522
3.353341,-1.818368,-0.183057,-1.159013,-1.783327,2.739851
3.357343,-1.434051,-0.067799,-1.195777,-1.648890,-2.528808
3.361345,-0.162361,0.049143,0.122206,-1.514304,-1.491819
3.365346,1.525573,0.165711,1.360003,-1.379570,-0.518460
3.369348,1.492722,0.279829,1.548110,-1.244673,0.394679
3.373349,0.497250,0.389432,0.392267,-1.109648,1.367445
3.377351,-1.620302,0.492510,-1.666326,-0.974452,2.444471
3.381353,-1.763026,0.587142,-1.994448,-0.839152,-2.730888
3.385354,0.402409,0.671532,-0.242497,-0.703678,-1.694293
3.389356,2.103799,0.744050,1.266709,-0.568129,-0.784758
3.393357,2.909619,0.803263,1.789468,-0.432415,0.089145
3.397359,1.991851,0.847971,0.994924,-0.296655,1.005798
3.401361,0.241002,0.877236,-0.643021,-0.160747,1.911404
3.405362,-1.208023,0.890403,-2.030580,-0.024820,2.825844
3.409364,-0.982589,0.887119,-1.859311,0.111236,-2.438906
3.413365,1.658093,0.867339,0.593303,0.247292,-1.336992
3.417367,3.553587,0.831335,2.326524,0.383454,-0.252194
3.421369,2.713652,0.779695,1.624340,0.519599,0.725192
3.425370,0.780127,0.713311,-0.165602,0.655821,1.647293
3.429372,-1.509940,0.633369,-2.053421,0.792014,2.669754
3.433373,-1.433593,0.541321,-1.816896,0.928255,-2.497243
3.437375,0.614101,0.438857,0.350413,1.064461,-1.393091
3.441377,1.723806,0.327871,1.490974,1.200691,-0.404119
3.445378,1.458473,0.210423,1.277290,1.336890,0.476077
3.449380,0.236023,0.088702,0.242753,1.473089,1.398133
3.453381,-1.242523,-0.035020,-1.003833,1.609265,2.392190
3.457383,-1.675448,-0.158431,-1.237649,1.745419,-2.896726
3.461385,-0.942635,-0.279226,-0.411158,1.881562,-1.924947
3.465386,0.061460,-0.395150,0.644420,2.017668,-0.952735
3.469388,0.547238,-0.504042,1.044232,2.153780,0.010604
3.473389,-0.098098,-0.603872,0.582005,2.289846,0.965491
3.477391,-1.046500,-0.692778,-0.427419,2.425938,1.988895
3.481393,-1.983022,-0.769099,-1.038407,2.561980,3.118301
3.485394,-1.202769,-0.831405,-0.368621,2.698065,-1.992221
3.489396,-0.621699,-0.878522,0.411327,2.834104,-0.907850
3.493397,-0.349808,-0.909551,0.486706,2.970203,-0.103360
3.497399,-0.472868,-0.923882,0.419266,3.106264,0.591671
3.501401,-0.677447,-0.921205,0.032023,-3.040784,1.516407
3.505402,-1.189091,-0.901512,-0.508497,-2.904669,2.494451
3.509404,-1.240504,-0.865100,-0.688540,-2.768463,-2.863294
3.513405,-0.725414,-0.812563,-0.268100,-2.632260,-1.877292
3.517407,0.260565,-0.744789,0.777710,-2.495956,-0.771704
3.521409,0.714278,-0.662938,1.114473,-2.359632,0.388277
3.525410,-0.618192,-0.568428,0.049725,-2.223201,1.529418
3.529412,-1.305162,-0.462916,-0.938511,-2.086723,2.588941
3.533413,-1.509523,-0.348267,-0.928578,-1.950135,-2.777765
3.537415,-0.457039,-0.226530,-0.407070,-1.813477,-1.981770
3.541417,0.315715,-0.099902,0.544358,-1.676712,-1.112623
3.545418,1.634010,0.029305,1.476067,-1.539857,-0.097502
3.549420,0.770629,0.158710,0.913973,-1.402903,0.972852
3.553421,-0.596079,0.285898,-0.685477,-1.265840,2.000077
3.557423,-1.739721,0.408468,-1.670950,-1.128688,2.958021
3.561425,-0.928389,0.524073,-1.313652,-0.991413,-2.348843
3.565426,0.930727,0.630469,0.549708,-0.854063,-1.297899
3.569428,2.864648,0.725555,2.012092,-0.716583,-0.221415
3.573429,1.958341,0.807423,1.349714,-0.579046,0.810228
3.577431,0.448199,0.874398,-0.369436,-0.441382,1.770711
3.581433,-1.071265,0.925077,-1.684344,-0.303679,2.701249
3.585434,-0.897407,0.958358,-1.695382,-0.165855,-2.627141
3.589436,0.969967,0.973471,-0.108026,-0.028009,-1.623472
3.593437,2.826413,0.970001,1.742952,0.109945,-0.577121
3.597439,3.223984,0.947898,1.760110,0.247902,0.461665
3.601441,1.266738,0.907493,0.270863,0.385943,1.419884
3.605442,-0.037510,0.849488,-1.218787,0.523967,2.318412
3.609444,-1.121410,0.774953,-1.901632,0.662046,-2.992920
3.613445,0.181649,0.685299,-0.715301,0.800090,-1.941323
3.617447,2.119950,0.582255,1.187254,0.938156,-0.898273
3.621449,2.576006,0.467829,1.844208,1.076171,0.117236
3.625450,1.435106,0.344271,0.689547,1.214171,1.187387
3.629452,-0.960222,0.214019,-1.157697,1.352103,2.330383
3.633453,-1.257040,0.079651,-1.246179,1.489979,-2.849284
3.637455,-0.691955,-0.056176,-0.389274,1.627769,-1.998444
3.641457,-0.294709,-0.190784,0.255515,1.765463,-1.294299
3.645458,0.581163,-0.321536,1.019237,1.903057,-0.306295
3.649460,-0.011779,-0.445886,0.720191,2.040516,0.804880
3.653461,-0.839348,-0.561438,-0.222393,2.177864,1.821556
3.657463,-1.632382,-0.665993,-0.766195,2.315041,2.701288
3.661465,-1.691991,-0.757595,-0.816303,2.452094,-2.628231
3.665466,-0.903459,-0.834566,0.034500,2.588947,-1.537259
3.669468,-0.030050,-0.895539,0.966488,2.725662,-0.384897
3.673469,-0.347279,-0.939476,0.682808,2.862153,0.775563
3.677471,-1.244236,-0.965687,-0.223987,2.998496,1.867931
3.681473,-1.623385,-0.973834,-0.504599,3.134598,2.681590
3.685474,-1.460062,-0.963926,-0.613607,-3.012645,-3.033497
3.689476,-1.378312,-0.936317,-0.438971,-2.876955,-2.106123
3.693477,0.019222,-0.891687,0.563663,-2.741434,-0.979788
3.697479,0.324936,-0.831020,0.993770,-2.606166,0.122352
3.701481,-0.037493,-0.755574,0.436277,-2.471075,1.087032
3.705482,-0.868337,-0.666857,-0.373866,-2.336229,1.964759
3.709484,-1.505907,-0.566587,-1.071630,-2.201562,2.904541
3.713485,-1.028769,-0.456658,-0.881898,-2.067127,-2.371487
3.717487,0.140405,-0.339105,0.295248,-1.932870,-1.345314
3.721489,1.498288,-0.216063,1.310627,-1.798823,-0.317345
3.725490,1.042212,-0.089730,1.068465,-1.664952,0.699249
3.729492,0.036671,0.037672,-0.145703,-1.531261,1.676265
3.733493,-1.199416,0.163932,-1.209393,-1.397736,2.605881
3.737495,-1.090410,0.286882,-1.394486,-1.264355,-2.747318
3.741497,0.062158,0.404433,-0.331038,-1.131126,-1.772323
3.745498,1.871316,0.514599,1.266161,-0.998005,-0.769265
3.749500,2.431361,0.615531,1.786229,-0.865020,0.219269
3.753501,1.238254,0.705543,0.727324,-0.732106,1.184369
3.757503,-0.646117,0.783133,-1.187160,-0.599306,2.169297
3.761505,-1.822584,0.847009,-2.290124,-0.466539,-3.075666
3.765506,-0.201825,0.896098,-0.991660,-0.333862,-1.999024
3.769508,2.328788,0.929569,1.416344,-0.201180,-0.919608
3.773509,3.273750,0.946846,2.147812,-0.068563,0.127740
3.777511,1.895105,0.947616,0.861567,0.064085,1.113912
3.781513,0.086830,0.931838,-0.805648,0.196693,2.033552
3.785514,-0.979683,0.899750,-1.742848,0.329354,2.933818
3.789516,-0.596811,0.851861,-1.368688,0.462000,-2.412195
3.793517,1.104544,0.788949,0.254904,0.594717,-1.435655
3.797519,2.812872,0.712054,1.746803,0.727443,-0.437966
3.801521,2.503389,0.622462,1.628688,0.860250,0.578678
3.805522,0.929320,0.521690,-0.076196,0.993086,1.610490
3.809524,-1.188405,0.411465,-1.624890,1.126001,2.639992
3.813525,-0.853069,0.293692,-1.541393,1.258959,-2.618733
3.817527,0.183874,0.170427,-0.018297,1.391991,-1.581598
3.821529,1.856542,0.043839,1.334195,1.525075,-0.542949
3.825530,1.469328,-0.083830,1.264362,1.658222,0.454366
3.829532,0.264369,-0.210298,0.187093,1.791428,1.429750
3.833533,-1.059881,-0.333293,-1.008077,1.924676,2.471160
3.837535,-1.644832,-0.450593,-1.036818,2.057982,-2.720938
3.841537,-0.503047,-0.560069,-0.140902,2.191308,-1.729678
3.845538,-0.506195,-0.659730,0.455540,2.324685,-0.939153
3.849540,0.231233,-0.747761,0.832219,2.458057,-0.044526
3.853541,-0.674617,-0.822557,0.427059,2.591471,1.026867
3.857543,-1.263633,-0.882756,-0.302975,2.724855,2.021535
3.861545,-1.886952,-0.927267,-0.627045,2.858269,2.822953
3.865546,-1.755601,-0.955286,-0.608739,2.991631,-2.487845
3.869548,-1.045856,-0.966314,0.189176,3.125007,-1.320451
3.873549,-0.381821,-0.960164,0.559964,-3.024871,-0.270528
3.877551,-0.504242,-0.936962,0.495699,-2.891565,0.309702
3.881553,-0.341528,-0.897140,0.300918,-2.758338,1.178783
3.885554,-1.359785,-0.841421,-0.738829,-2.625122,2.412892
3.889556,-1.197510,-0.770811,-0.815632,-2.491987,-2.623299
3.893557,-0.204325,-0.686567,-0.047144,-2.358871,-1.634845
3.897559,0.237716,-0.590181,0.431280,-2.225829,-0.969435
3.901561,1.081166,-0.483342,1.041670,-2.092809,-0.046790
3.905562,0.490836,-0.367914,0.617686,-1.959846,1.053734
3.909564,-0.670416,-0.245893,-0.699031,-1.826901,2.123346
3.913565,-1.231388,-0.119383,-1.413617,-1.693989,3.137958
3.917567,-0.449586,0.009444,-0.773894,-1.561085,-2.110060
3.921569,1.426382,0.138379,0.715887,-1.428184,-1.072945
3.925570,2.044539,0.265211,1.419929,-1.295278,-0.139330
3.929572,1.942693,0.387762,1.162078,-1.162340,0.720973
3.933573,0.280254,0.503921,-0.233097,-1.029379,1.699011
3.937575,-1.192853,0.611673,-1.848129,-0.896345,2.780132
3.941577,-0.876252,0.709129,-1.474006,-0.763261,-2.456016
3.945578,1.065451,0.794555,0.068391,-0.630064,-1.533472
3.949580,2.579232,0.866395,1.631600,-0.496789,-0.623266
3.953581,3.251643,0.923307,2.075672,-0.363363,0.411620
3.957583,1.030316,0.964179,0.141510,-0.229832,1.509868
3.961585,-0.972134,0.988155,-1.828196,-0.096114,2.563940
3.965586,-1.067850,0.994654,-1.907770,0.037739,-2.750136
3.969588,0.422484,0.983382,-0.436187,0.171809,-1.780333
3.973589,2.806723,0.954346,1.568192,0.306045,-0.742582
3.977591,2.992548,0.907866,1.922891,0.440523,0.309277
3.981593,1.862089,0.844576,0.497932,0.575192,1.298044
3.985594,-0.236125,0.765428,-1.108574,0.710115,2.237941
3.989596,-0.678253,0.671681,-1.826603,0.845249,-3.057254
3.993597,-0.079787,0.564889,-0.781229,0.980642,-2.016135
3.997599,2.019911,0.446879,0.925824,1.116262,-0.997792
4.001601,2.356343,0.319729,1.644782,1.252139,-0.027634
4.005602,1.770930,0.185729,0.940692,1.388252,0.971537
4.009604,-0.243487,0.047350,-0.723529,1.524611,2.027313
4.013605,-1.233953,-0.092805,-1.510430,1.661205,3.060578
4.017607,-0.658893,-0.232053,-0.907691,1.798025,-2.256097
4.021609,0.483786,-0.367685,0.476180,1.935073,-1.239578
4.025610,1.482485,-0.497024,1.398318,2.072321,-0.102966
4.029612,0.387853,-0.617478,0.559956,2.209783,1.041296
4.033613,-0.719320,-0.726606,-0.245488,2.347414,1.913881
4.037615,-1.162541,-0.822167,-0.545743,2.485237,2.458891
4.041617,-1.930830,-0.902181,-0.843556,2.623191,-2.888945
4.045618,-1.143399,-0.964973,-0.188813,2.761305,-1.793808
4.049620,-0.696385,-1.009217,0.478018,2.899509,-0.864656
4.053621,-0.261501,-1.033972,0.791256,3.037836,-0.027559
4.057623,-0.593752,-1.038703,0.451409,-3.106976,1.060099
4.061625,-1.708031,-1.023297,-0.591419,-2.968521,2.290996
4.065626,-1.716158,-0.988064,-0.659871,-2.830063,-2.821967
4.069628,-1.177400,-0.933737,-0.178020,-2.691570,-1.945969
4.073629,-0.955913,-0.861450,0.118307,-2.553118,-1.313723
4.077631,-0.145819,-0.772711,0.497475,-2.414681,-0.494246
4.081633,-0.360341,-0.669368,0.616245,-2.276327,0.454539
4.085634,-0.142004,-0.553560,0.081858,-2.138040,1.469963
4.089636,-1.314063,-0.427669,-0.731413,-1.999875,2.503111
4.093637,-0.698877,-0.294261,-0.944489,-1.861826,-2.803787
4.097639,-0.225383,-0.156027,-0.323751,-1.723935,-1.847515
4.101641,1.524666,-0.015722,1.005118,-1.586210,-0.806383
4.105642,2.136395,0.123901,1.592652,-1.448672,0.299898
4.109644,0.751632,0.260144,0.314465,-1.311340,1.392003
4.113645,-0.634668,0.390427,-1.391650,-1.174220,2.434662
4.117647,-1.228928,0.512335,-1.819575,-1.037339,-2.816788
4.121649,0.794713,0.623662,-0.376145,-0.900682,-1.762993
4.125650,2.425287,0.722450,1.419785,-0.764290,-0.725754
4.129652,2.996376,0.807022,1.728202,-0.628130,0.230697
4.133653,1.668249,0.876004,0.776791,-0.492248,1.115641
4.137655,-0.086719,0.928342,-0.839458,-0.356598,2.027050
4.141657,-1.429582,0.963308,-2.053172,-0.221226,2.996928
4.145658,-0.942816,0.980502,-1.462970,-0.086071,-2.288656
4.149660,1.604210,0.979847,0.710266,0.048821,-1.266112
4.153661,2.986609,0.961574,2.402984,0.183517,-0.204983
4.157663,2.502827,0.926216,1.538872,0.317976,0.871946
4.161665,-0.478024,0.874586,-0.731984,0.452266,1.910258
4.165666,-1.396061,0.807755,-1.955985,0.586352,2.885540
4.169668,-1.327229,0.727030,-1.467019,0.720302,-2.431417
4.173669,0.718346,0.633925,0.236773,0.854095,-1.441580
4.177671,2.120096,0.530133,1.514198,0.987791,-0.477685
4.181673,1.980038,0.417504,1.483245,1.121381,0.460733
4.185674,0.843697,0.298011,0.171619,1.254914,1.467559
4.189676,-1.186277,0.173729,-1.277247,1.388391,2.535756
4.193677,-1.051564,0.046795,-1.218438,1.521847,-2.745704
4.197679,-0.506852,-0.080617,-0.354540,1.655298,-1.868040
4.201681,0.617211,-0.206330,0.804941,1.788763,-0.897993
4.205682,1.222578,-0.328195,1.266647,1.922271,0.237598
4.209684,-0.185679,-0.444123,0.198914,2.055826,1.393706
4.213685,-0.840680,-0.552113,-0.686263,2.189466,2.425544
4.217687,-1.416716,-0.650289,-0.800882,2.323180,-2.901581
4.221689,-0.690595,-0.736926,-0.187654,2.457013,-1.811297
4.225690,-0.239058,-0.810484,0.506579,2.590940,-0.640379
4.229692,-0.437070,-0.869632,0.366553,2.725013,0.289000
4.233693,-0.542956,-0.913279,0.298071,2.859192,0.582661
4.237695,-0.932435,-0.940591,0.069279,2.993533,1.452125
4.241697,-1.584411,-0.951015,-0.644917,3.127989,2.639963
4.245698,-1.577120,-0.944295,-0.570459,-3.020575,-2.461843
4.249700,-0.875885,-0.920478,0.076915,-2.885838,-1.450984
4.253701,-0.401350,-0.879925,0.511646,-2.750941,-0.652495
4.257703,-0.231599,-0.823306,0.781775,-2.615935,0.250442
4.261705,-0.685418,-0.751593,0.219921,-2.480783,1.340186
4.265706,-1.764135,-0.666049,-0.759701,-2.345533,2.453817
4.269708,-1.628432,-0.568206,-0.874491,-2.210161,-2.842586
4.273709,-1.021187,-0.459840,-0.387146,-2.074708,-1.994637
4.277711,0.101411,-0.342940,0.526515,-1.939163,-1.076689
4.281713,1.035002,-0.219669,1.266511,-1.803560,-0.058187
4.285714,0.556913,-0.092321,0.792826,-1.667902,0.951190
4.289716,-0.515969,0.036727,-0.524586,-1.532210,1.928445
4.293717,-1.562605,0.165056,-1.669304,-1.396499,2.952185
4.297719,-0.617692,0.290262,-1.141221,-1.260780,-2.243016
4.301721,1.490995,0.409999,0.703523,-1.125082,-1.167563
4.305722,2.676420,0.522030,1.651228,-0.989404,-0.194468
4.309724,2.431845,0.624274,1.311716,-0.853785,0.709439
4.313725,0.715843,0.714848,-0.234507,-0.718212,1.694433
4.317727,-0.640927,0.792101,-1.799393,-0.582730,2.753143
4.321729,-0.602457,0.854648,-1.468956,-0.447315,-2.530250
4.325730,1.365860,0.901390,-0.178905,-0.312016,-1.674657
4.329732,2.382627,0.931533,1.377723,-0.176799,-0.794243
4.333733,3.870545,0.944601,2.202334,-0.041716,0.237583
4.337735,1.302086,0.940439,0.567290,0.093272,1.329197
4.341737,-0.607780,0.919213,-1.689321,0.228116,2.393007
4.345738,-1.664852,0.881398,-2.125523,0.362859,-2.865594
4.349740,0.095685,0.827762,-0.579910,0.497462,-1.849333
4.353741,2.011758,0.759350,1.301971,0.631968,-0.848793
4.357743,2.398720,0.677454,1.834747,0.766348,0.114060
4.361745,1.545994,0.583595,0.850876,0.900640,1.074443
4.365746,-0.609612,0.479488,-0.799478,1.034825,2.056634
4.369748,-1.332098,0.367015,-1.586035,1.168936,3.006205
4.373749,-1.111198,0.248184,-1.137621,1.302966,-2.370552
4.377751,0.455211,0.125101,0.296289,1.436942,-1.394433
4.381753,1.884129,-0.000069,1.631542,1.570870,-0.321374
4.385754,1.337017,-0.125131,1.156386,1.704768,0.755664
4.389756,-0.118174,-0.247901,-0.264359,1.838653,1.757379
4.393758,-1.416743,-0.366233,-1.260415,1.972531,2.741586
4.397759,-1.239666,-0.478057,-1.037975,2.106430,-2.470596
4.401761,-0.232073,-0.581410,0.239723,2.240343,-1.362260
4.405762,0.595015,-0.674471,0.869697,2.374306,-0.354411
4.409764,0.073651,-0.755588,0.702849,2.508306,0.536049
4.413766,-0.280802,-0.823306,0.031113,2.642382,1.531679
4.417767,-1.394925,-0.876392,-0.574630,2.776513,2.607110
4.421769,-0.969791,-0.913860,-0.460080,2.910740,-2.883789
4.425770,-1.280158,-0.934988,-0.400479,3.045034,-2.346551
4.429772,-0.454500,-0.939337,0.229217,-3.103749,-1.291565
4.433774,0.106750,-0.926764,0.933298,-2.969271,-0.033478
4.437775,-0.501043,-0.897423,0.324164,-2.834679,1.169690
4.441777,-1.249080,-0.851772,-0.366425,-2.700010,2.132420
4.445778,-1.601595,-0.790569,-0.718562,-2.565230,2.981706
4.449780,-1.446762,-0.714862,-0.526485,-2.430376,-2.250302
4.453782,-0.443543,-0.625975,0.352141,-2.295424,-1.128316
4.457783,-0.148276,-0.525487,0.696677,-2.160408,-0.173123
4.461785,-0.083269,-0.415204,0.622195,-2.025314,0.543229
4.465786,-0.444400,-0.297130,0.163646,-1.890171,1.400780
4.469788,-1.366189,-0.173423,-0.944339,-1.754976,2.446858
4.473790,-1.273724,-0.046364,-1.292333,-1.619750,-2.754677
4.477791,-0.058593,0.081698,-0.217735,-1.484504,-1.718316
4.481793,1.780137,0.208385,1.168562,-1.349250,-0.735422
4.485794,2.089399,0.331340,1.676098,-1.214008,0.247911
4.489796,1.134000,0.448278,0.565394,-1.078783,1.264605
4.493798,-0.883041,0.557031,-1.265071,-0.943602,2.278316
4.497799,-1.474010,0.655587,-1.996297,-0.808459,-3.033693
4.501801,-0.147086,0.742133,-1.019007,-0.673387,-2.059327
4.505802,2.167563,0.815088,1.237780,-0.538375,-1.014720
4.509804,3.713334,0.873130,2.326314,-0.403461,0.066012
4.513806,2.001937,0.915230,0.996323,-0.268629,1.084637
4.517807,0.310168,0.940661,-0.829477,-0.133920,1.995866
4.521809,-1.251948,0.949015,-2.054421,0.000689,2.924664
4.525810,-0.607982,0.940199,-1.508776,0.135161,-2.341535
4.529812,1.463107,0.914437,0.471640,0.269522,-1.338595
4.533814,2.791234,0.872259,1.783566,0.403739,-0.436620
4.537815,2.823401,0.814486,1.908773,0.537838,0.475409
4.541817,0.837943,0.742213,0.127586,0.671790,1.517565
4.545818,-1.934401,0.656781,-2.154810,0.805623,2.637269
4.549820,-1.595312,0.559752,-1.872989,0.939317,-2.527149
4.553822,0.055577,0.452870,0.216008,1.072899,-1.461776
4.557823,1.639180,0.338035,1.478634,1.206363,-0.491651
4.561825,1.243825,0.217263,1.413773,1.339732,0.390445
4.565826,0.154559,0.092656,0.382892,1.473012,1.323102
4.569828,-1.460303,-0.033633,-1.119541,1.606222,2.377687
4.573830,-2.069565,-0.159435,-1.274808,1.739378,-2.843113
4.577831,-0.755265,-0.282598,-0.418596,1.872496,-1.971967
4.581833,-0.416380,-0.401018,0.387916,2.005602,-1.215402
4.585834,1.151510,-0.512670,1.287020,2.138710,-0.204153
4.589836,0.227682,-0.615632,0.761202,2.271855,0.959857
4.593838,-0.852950,-0.708118,-0.555087,2.405045,2.084082
4.597839,-1.409174,-0.788496,-0.925030,2.538320,3.053579
4.601841,-1.227927,-0.855319,-0.583047,2.671682,-2.315187
4.605842,-0.343598,-0.907346,0.195311,2.805173,-1.329796
4.609844,-0.090620,-0.943566,0.690167,2.938791,-0.376107
4.613846,-0.058331,-0.963215,0.636118,3.072577,0.499944
4.617847,-0.729119,-0.965798,0.109221,-3.076662,1.430640
4.621849,-1.558415,-0.951099,-0.628004,-2.942515,2.415284
4.625850,-1.749770,-0.919199,-0.897114,-2.808181,-2.884234
4.629852,-1.239183,-0.870480,-0.273171,-2.673626,-1.826137
4.633854,0.151532,-0.805631,0.951952,-2.538865,-0.654499
4.637855,0.125300,-0.725646,0.988127,-2.403873,0.552050
4.641857,-0.876206,-0.631813,-0.087025,-2.268666,1.660625
4.645858,-1.397918,-0.525703,-0.667730,-2.133226,2.536245
4.649860,-1.467970,-0.409148,-0.842141,-1.997569,-2.941211
4.653862,-0.834281,-0.284213,-0.389248,-1.861689,-1.987434
4.657863,0.181986,-0.153166,0.501288,-1.725601,-1.036454
4.661865,0.799409,-0.018432,1.040644,-1.589309,-0.202453
4.665866,0.837173,0.117448,1.037139,-1.452825,0.692743
4.669868,-0.434937,0.251871,-0.302577,-1.316162,1.751003
4.673870,-1.693218,0.382223,-1.811973,-1.179331,2.870103
4.677871,-0.900776,0.505936,-1.311950,-1.042354,-2.333392
4.681873,1.363671,0.620545,0.450416,-0.905239,-1.328898
4.685874,2.838549,0.723743,1.814690,-0.768018,-0.344070
4.689876,2.850513,0.813439,1.534669,-0.630698,0.670963
4.693878,0.811930,0.887805,-0.193733,-0.493315,1.673715
4.697879,-0.368148,0.945324,-1.543276,-0.355874,2.603053
4.701881,-0.712736,0.984821,-1.734106,-0.218415,-2.781053
4.705882,0.892309,1.005495,-0.475936,-0.080940,-1.810740
4.709884,2.943522,1.006936,1.477474,0.056511,-0.775153
4.713886,3.507546,0.989134,1.923323,0.193933,0.255320
4.717887,2.063111,0.952485,0.632834,0.331285,1.222408
4.721889,0.223141,0.897774,-0.972139,0.468561,2.133441
4.725890,-1.027720,0.826159,-1.942124,0.605722,3.080546
4.729892,-0.307140,0.739136,-1.157378,0.742764,-2.157085
4.733894,1.705566,0.638505,1.048873,0.879654,-1.043265
4.737895,2.589793,0.526322,1.854611,1.016385,0.058851
4.741897,1.118136,0.404853,0.776106,1.152931,1.046197
4.745898,-0.220625,0.276517,-0.474747,1.289281,1.909445
4.749900,-1.679752,0.143838,-1.460585,1.425416,2.856142
4.753902,-1.328657,0.009378,-1.075333,1.561327,-2.335737
4.757903,0.001528,-0.124310,0.475804,1.697000,-1.218681
4.761905,0.736987,-0.254740,1.081064,1.832428,-0.214998
4.765906,0.206166,-0.379535,0.775626,1.967608,0.631076
4.769908,-0.382074,-0.496476,0.041187,2.102532,1.528893
4.773910,-1.699282,-0.603534,-0.821984,2.237205,2.562003
4.777911,-1.339245,-0.698904,-0.781021,2.371619,-2.685682
4.781913,-1.245180,-0.781032,-0.168238,2.505788,-1.799451
4.785914,-0.080906,-0.848632,0.415206,2.639707,-1.000717
4.789916,-0.144401,-0.900696,0.907007,2.773398,-0.020126
4.793918,-0.030705,-0.936505,0.428075,2.906859,1.113830
4.797919,-1.538408,-0.955625,-0.555658,3.040118,2.250332
4.801921,-1.256572,-0.957907,-0.724301,-3.110007,-3.042900
4.805922,-1.151487,-0.943477,-0.407724,-2.977114,-2.232825
4.809924,-0.420122,-0.912730,0.119717,-2.844382,-1.402410
4.813926,0.262425,-0.866309,0.704237,-2.711774,-0.523569
4.817927,0.370311,-0.805096,0.931707,-2.579280,0.410565
4.821929,-0.287548,-0.730190,0.084720,-2.446862,1.505574
4.825930,-1.850479,-0.642892,-1.349436,-2.314504,2.724787
4.829932,-1.323982,-0.544681,-0.963612,-2.182171,-2.333461
4.833934,0.092580,-0.437202,0.329232,-2.049845,-1.270235
4.837935,0.473061,-0.322236,0.844952,-1.917493,-0.520858
4.841937,0.961544,-0.201684,1.140854,-1.785096,0.294990
4.845938,-0.238630,-0.077540,0.312138,-1.652625,1.346882
4.849940,-1.317695,0.048135,-1.046572,-1.520059,2.410347
4.853942,-1.724052,0.173239,-1.313869,-1.387378,-2.955619
4.857943,-0.692756,0.295654,-0.760248,-1.254560,-2.112550
4.861945,0.896656,0.413279,0.735905,-1.121593,-1.142937
4.865946,2.437124,0.524065,1.989636,-0.988461,-0.078303
4.869948,1.606665,0.626045,1.157065,-0.855157,0.979796
4.873950,-0.458097,0.717375,-0.877700,-0.721669,1.994667
4.877951,-1.644269,0.796362,-2.241531,-0.587994,3.015005
4.881953,-0.780073,0.861503,-1.386383,-0.454124,-2.197986
4.885954,2.087094,0.911513,1.029810,-0.320062,-1.108346
4.889956,3.079075,0.945357,2.104823,-0.185803,-0.067020
4.893958,2.422736,0.962280,1.222411,-0.051359,0.886446
4.897959,0.435682,0.961827,-0.454490,0.083270,1.811073
4.901961,-0.871900,0.943862,-1.832068,0.218069,2.788326
4.905962,-0.653220,0.908576,-1.517371,0.353037,-2.482068
4.909964,1.236759,0.856492,0.130408,0.488156,-1.498552
4.913966,2.620633,0.788461,1.459345,0.623420,-0.572327
4.917967,2.910363,0.705652,1.685262,0.758810,0.362838
4.921969,1.295209,0.609535,0.348394,0.894313,1.389036
4.925970,-0.844738,0.501855,-1.564128,1.029908,2.503430
4.929972,-1.237786,0.384599,-1.541570,1.165581,-2.630259
4.933974,0.300640,0.259954,0.069138,1.301310,-1.521885
4.937975,0.834652,0.130262,0.872464,1.437079,-0.572874
4.941977,0.910715,-0.002028,0.865998,1.572870,0.161325
4.945978,0.229233,-0.134410,0.536919,1.708666,0.984913
4.949980,-0.775555,-0.264375,-0.479718,1.844448,2.028765
4.953982,-1.861990,-0.389465,-1.081509,1.980199,-3.109108
4.957983,-1.060190,-0.507320,-0.359150,2.115903,-1.959915
4.961985,-0.688339,-0.615734,0.441904,2.251543,-0.920568
4.965986,-0.344285,-0.712692,0.579601,2.387107,-0.166024
4.969988,-0.638934,-0.796413,0.603245,2.522581,0.557097
4.973990,-1.095826,-0.865383,-0.041551,2.657956,1.614857
4.977991,-2.132733,-0.918378,-1.011424,2.793221,2.828304
4.981993,-1.697818,-0.954486,-0.634756,2.928370,-2.256894
4.985994,-0.494345,-0.973118,0.296983,3.063397,-1.212480
4.989996,-0.278274,-0.974017,0.737660,-3.084887,-0.348086
4.993998,0.111599,-0.957248,0.721228,-2.950112,0.554910
4.997999,-0.985335,-0.923199,0.028221,-2.815462,1.539440
5.002001,-1.336900,-0.872559,-0.734663,-2.680932,2.496930
5.006002,-1.665298,-0.806307,-0.931904,-2.546520,-2.855194
5.010004,-0.764106,-0.725689,-0.336384,-2.412217,-1.898580
5.014006,0.429471,-0.632187,0.649152,-2.278016,-0.946766
5.018007,0.934100,-0.527497,1.225498,-2.143906,-0.007726
5.022009,0.749538,-0.413490,0.771472,-2.009874,0.986679
5.026010,-1.004316,-0.292185,-0.691434,-1.875907,2.039631
5.030012,-1.530824,-0.165715,-1.564317,-1.741990,3.080899
5.034014,-1.019643,-0.036291,-0.953874,-1.608105,-2.215411
5.038015,0.796323,0.093830,0.538541,-1.474237,-1.242573
5.042017,1.898352,0.222378,1.721893,-1.340371,-0.239777
5.046018,1.525989,0.347111,1.310870,-1.206489,0.773064
5.050020,-0.369337,0.465843,-0.370262,-1.072576,1.771216
5.054022,-1.646566,0.576483,-1.738537,-0.938613,2.755287
5.058023,-1.490434,0.677063,-1.588442,-0.804586,-2.569410
5.062025,0.331038,0.765771,-0.134601,-0.670478,-1.638762
5.066026,2.379499,0.840985,1.748315,-0.536281,-0.661314
5.070028,2.923222,0.901300,2.222262,-0.401981,0.414991
5.074030,0.910308,0.945559,0.084351,-0.267574,1.535620
5.078031,-1.334434,0.972879,-1.808626,-0.133050,2.592335
5.082033,-0.835309,0.982669,-1.762734,0.001592,-2.780920
5.086034,0.015394,0.974647,-0.627011,0.136361,-1.900581
5.090036,2.566664,0.948854,1.279817,0.271252,-0.903499
5.094038,3.048294,0.905657,2.016216,0.406268,0.141475
5.098039,1.949980,0.845753,0.796963,0.541401,1.137030
5.102041,0.007902,0.770164,-0.886940,0.676647,2.082846
5.106042,-1.151784,0.680222,-1.773152,0.811993,3.040793
5.110044,-0.402934,0.577542,-1.127157,0.947434,-2.274214
5.114046,0.954798,0.464002,0.439579,1.082956,-1.313146
5.118047,2.387266,0.341700,1.659050,1.218549,-0.317954
5.122049,1.651423,0.212922,1.278504,1.354197,0.728433
5.126050,-0.081937,0.080091,-0.320848,1.489885,1.775432
5.130052,-1.657038,-0.054279,-1.332585,1.625597,2.783103
5.134054,-1.512853,-0.187639,-1.037862,1.761313,-2.493864
5.138055,-0.803560,-0.317457,0.124597,1.897017,-1.461597
5.142057,0.030621,-0.441274,0.812666,2.032690,-0.499276
5.146058,-0.359005,-0.556755,0.775438,2.168318,0.296361
5.150060,-0.613975,-0.661738,0.352943,2.303879,1.156634
5.154062,-1.760410,-0.754276,-0.525345,2.439364,2.179886
5.158063,-2.090406,-0.832677,-0.866572,2.574749,-3.126050
5.162065,-1.814815,-0.895539,-0.588140,2.710028,-2.259697
5.166066,-0.924910,-0.941769,0.393801,2.845177,-1.221542
5.170068,0.051323,-0.970609,1.274021,2.980196,0.015843
5.174070,-0.999391,-0.981637,0.316128,3.115062,1.281805
5.178071,-1.854262,-0.974774,-0.497431,-3.033408,2.300738
5.182073,-1.871131,-0.950278,-0.656632,-2.898862,2.810768
5.186074,-2.103714,-0.908729,-0.832829,-2.764481,-2.530450
5.190076,-0.590670,-0.851017,0.323479,-2.630281,-1.282792
5.194078,-0.033795,-0.778312,0.908490,-2.496253,-0.092098
5.198079,-0.147550,-0.692037,0.525385,-2.362408,0.601322
5.202081,-0.411244,-0.593834,0.342684,-2.228735,1.178939
5.206082,-1.308609,-0.485531,-0.825641,-2.095237,2.286337
5.210084,-1.806865,-0.369104,-1.261948,-1.961900,-2.812720
5.214086,-0.401781,-0.246639,-0.286220,-1.828722,-1.806856
5.218087,0.560575,-0.120298,0.763691,-1.695689,-0.962087
5.222089,1.737220,0.007722,1.681064,-1.562791,0.061761
5.226090,0.569799,0.135224,0.618759,-1.430012,1.234179
5.230092,-1.287578,0.260044,-1.254944,-1.297333,2.371025
5.234094,-1.398240,0.380083,-1.520758,-1.164739,-2.963098
5.238095,-0.640015,0.493334,-0.844752,-1.032205,-2.113762
5.242097,1.243668,0.597911,0.825312,-0.899715,-1.120088
5.246098,2.475014,0.692074,1.998716,-0.767241,-0.045360
5.250100,1.393232,0.774251,1.088006,-0.634770,0.978963
5.254102,-0.391420,0.843061,-0.691653,-0.502267,1.933440
5.258103,-1.865163,0.897332,-1.997058,-0.369723,2.906666
5.262105,-1.207635,0.936116,-1.516540,-0.237097,-2.363073
5.266106,0.986577,0.958701,0.461608,-0.104382,-1.354143
5.270108,2.605000,0.964628,2.035734,0.028460,-0.351488
5.274110,2.428786,0.953699,1.695316,0.161432,0.671555
5.278111,0.169808,0.925990,-0.251736,0.294568,1.692803
5.282113,-1.306245,0.881852,-1.715304,0.427869,2.664473
5.286114,-1.298422,0.821915,-1.678309,0.561366,-2.682770
5.290116,0.117558,0.747080,-0.281475,0.695057,-1.721478
5.294118,2.219108,0.658520,1.373023,0.828969,-0.735670
5.298119,2.303685,0.557661,1.760252,0.963097,0.243460
5.302121,1.487706,0.446176,0.603715,1.097459,1.230647
5.306122,-0.957855,0.325955,-1.147439,1.232047,2.256613
5.310124,-1.441117,0.199083,-1.741641,1.366869,-2.963549
5.314126,-0.653956,0.067806,-0.495606,1.501918,-1.873462
5.318127,0.901802,-0.065512,1.055158,1.637194,-0.768412
5.322129,0.928657,-0.198426,1.133832,1.772690,0.293792
5.326130,-0.143275,-0.328458,0.338002,1.908399,1.202881
5.330132,-0.865714,-0.453145,-0.410127,2.044316,2.039406
5.334134,-1.846756,-0.570088,-0.963159,2.180422,3.065833
5.338135,-1.323313,-0.677006,-0.429527,2.316718,-2.073540
5.342137,-0.785307,-0.771782,0.353029,2.453176,-1.037868
5.346138,-0.611811,-0.852514,0.582337,2.589799,-0.255016
5.350140,-0.774281,-0.917556,0.545091,2.726556,0.641731
5.354142,-1.463622,-0.965556,-0.104909,2.863452,1.720736
5.358143,-2.100051,-0.995491,-0.571964,3.000451,2.695089
5.362145,-2.012019,-1.006690,-0.634022,3.137560,-2.765720
5.366146,-1.698036,-0.998853,-0.147280,-3.008443,-1.744189
5.370148,-0.574483,-0.972059,0.770250,-2.871180,-0.578683
5.374150,-0.625486,-0.926767,0.735658,-2.733872,0.482075
5.378151,-1.139044,-0.863807,0.213202,-2.596511,1.308341
5.382153,-1.584640,-0.784361,-0.645090,-2.459129,2.250352
5.386154,-2.150824,-0.689941,-1.108676,-2.321718,-2.886999
5.390156,-0.485839,-0.582355,-0.213807,-2.184304,-1.788947
5.394158,-0.081521,-0.463670,0.359252,-2.046884,-1.105027
5.398159,1.097202,-0.336166,1.012766,-1.909475,-0.478334
5.402161,1.208908,-0.202290,1.382409,-1.772073,0.596273
5.406162,-0.501054,-0.064601,-0.450862,-1.634688,1.804224
5.410164,-1.889389,0.074273,-1.858210,-1.497317,2.975476
5.414166,-0.982808,0.211692,-1.070700,-1.359960,-2.279971
5.418167,0.734382,0.345052,0.247874,-1.222621,-1.408839
5.422169,1.926374,0.471836,1.439736,-1.085290,-0.513774
5.426170,2.333724,0.589658,1.572212,-0.947975,0.479759
5.430172,0.609650,0.696310,0.161177,-0.810658,1.479935
5.434174,-0.783203,0.789801,-1.335792,-0.673349,2.423838
5.438175,-1.432086,0.868390,-1.839575,-0.536020,-2.915240
5.442177,-0.025500,0.930612,-0.656988,-0.398687,-1.899163
5.446178,2.155403,0.975309,1.379774,-0.261315,-0.843193
5.450180,2.811918,1.001645,1.970383,-0.123922,0.182198
5.454182,1.648164,1.009123,0.790615,0.013527,1.156368
5.458183,-0.449569,0.997593,-1.093680,0.151012,2.140830
5.462185,-1.431638,0.967257,-2.095790,0.288572,-3.103179
5.466186,-0.423605,0.918659,-0.936056,0.426188,-2.038524
5.470188,1.814287,0.852685,1.080112,0.563896,-0.992777
5.474190,2.390798,0.770539,1.871630,0.701681,0.022258
5.478191,1.596607,0.673733,0.928980,0.839573,1.026052
5.482193,-0.529655,0.564058,-0.765629,0.977558,2.031964
5.486194,-1.262012,0.443558,-1.634065,1.115659,3.039895
5.490196,-0.853238,0.314489,-0.947511,1.253868,-2.230539
5.494198,0.849506,0.179283,0.471384,1.392200,-1.228001
5.498199,1.431437,0.040505,1.186139,1.530653,-0.293232
5.502201,1.358100,-0.099193,1.008876,1.669231,0.559959
5.506202,0.123766,-0.237120,0.105260,1.807935,1.490344
5.510204,-1.306667,-0.370598,-1.204709,1.946760,2.586016
5.514206,-1.558900,-0.497018,-1.083475,2.085710,-2.507909
5.518207,-0.219297,-0.613889,0.259091,2.224768,-1.326118
5.522209,-0.004664,-0.718893,0.678083,2.363944,-0.296435
5.526210,-0.188746,-0.809935,0.453896,2.503210,0.343784
5.530212,-0.471242,-0.885187,0.333358,2.642582,0.911086
5.534214,-1.118667,-0.943131,-0.187175,2.782022,1.842057
5.538215,-1.839984,-0.982596,-0.784189,2.921548,2.951188
5.542217,-1.647931,-1.002784,-0.448673,3.061114,-2.169342
5.546218,-0.899332,-1.003292,0.338589,-3.082445,-1.061957
5.550220,-0.640529,-0.984126,0.589128,-2.942809,-0.141385
5.554222,-0.818176,-0.945699,0.485308,-2.803146,0.702793
5.558223,-1.222459,-0.888826,-0.117779,-2.663505,1.730339
5.562225,-1.915652,-0.814707,-0.721460,-2.523873,2.829280
5.566226,-1.423104,-0.724899,-0.568975,-2.384299,-2.497499
5.570228,-0.939161,-0.621281,-0.077198,-2.244775,-1.667250
5.574230,0.192857,-0.506013,0.819478,-2.105344,-0.656178
5.578231,0.473775,-0.381479,1.034157,-1.966005,0.502475
5.582233,-0.526240,-0.250241,-0.068843,-1.826794,1.632481
5.586234,-0.983157,-0.114970,-0.791233,-1.687719,2.546526
5.590236,-0.926316,0.021609,-1.013897,-1.548804,-3.030726
5.594238,-0.240001,0.156780,-0.739620,-1.410066,-2.147709
5.598239,1.632507,0.287893,0.783871,-1.271521,-1.088290
5.602241,2.838911,0.412427,1.882088,-1.133193,0.009057
5.606242,2.015478,0.528040,0.926514,-0.995084,1.075434
5.610244,-0.069075,0.632612,-0.987696,-0.857225,2.093614
5.614246,-0.940953,0.724287,-2.039739,-0.719602,3.088787
5.618247,-0.165406,0.801501,-1.231403,-0.582252,-2.185353
5.622249,2.193328,0.863003,0.885145,-0.445148,-1.155105
5.626251,3.362231,0.907867,2.148241,-0.308328,-0.126913
5.630252,2.396025,0.935503,1.342812,-0.171756,0.867474
5.634254,0.308316,0.945650,-0.477192,-0.035469,1.811340
5.638255,-1.408340,0.938374,-1.863227,0.100579,2.731240
5.642257,-1.318378,0.914045,-1.849128,0.236356,-2.596937
5.646259,0.427956,0.873319,-0.026893,0.371917,-1.582522
5.650260,2.764659,0.817117,2.012976,0.507236,-0.532668
5.654262,2.585881,0.746600,1.976452,0.642371,0.522992
5.658263,0.529910,0.663142,-0.008312,0.777304,1.574659
5.662265,-1.361779,0.568304,-1.679543,0.912088,2.613210
5.666267,-1.446509,0.463805,-1.517940,1.046718,-2.687637
5.670268,-0.119320,0.351489,-0.336910,1.181244,-1.793226
5.674270,1.089446,0.233304,0.985398,1.315674,-0.879451
5.678271,1.884279,0.111268,1.550505,1.450049,0.147378
5.682273,0.733109,-0.012551,0.516134,1.584391,1.201927
5.686275,-0.610805,-0.136064,-0.676504,1.718728,2.147833
5.690276,-1.122654,-0.257187,-1.212009,1.853093,3.022844
5.694278,-1.052504,-0.373865,-0.822342,1.987500,-2.255702
5.698279,0.536001,-0.484105,0.495469,2.121993,-1.163815
5.702281,0.869365,-0.585997,1.080315,2.256574,-0.150234
5.706283,0.656322,-0.677746,0.763584,2.391293,0.751169
5.710284,-0.494417,-0.757696,-0.217294,2.526139,1.763171
5.714286,-1.614191,-0.824359,-1.118647,2.661167,2.928507
5.718287,-1.037824,-0.876448,-0.549819,2.796351,-2.173322
5.722289,-0.441720,-0.912898,0.295796,2.931747,-1.143684
5.726291,-0.124049,-0.932898,0.538829,3.067321,-0.360854
5.730292,-0.270878,-0.935911,0.531583,-3.080060,0.456238
5.734294,-0.795355,-0.921694,0.095623,-2.944066,1.411366
5.738295,-1.244702,-0.890315,-0.386543,-2.807833,2.321985
5.742297,-1.613205,-0.842161,-0.581504,-2.671408,3.107355
5.746299,-1.278499,-0.777946,-0.492988,-2.534751,-2.321233
5.750300,-0.676078,-0.698707,0.254940,-2.397909,-1.285694
5.754302,0.319810,-0.605791,0.995838,-2.260850,-0.168366
5.758303,-0.149434,-0.500841,0.621076,-2.123620,0.895161
5.762305,-0.798456,-0.385766,-0.216926,-1.986201,1.793704
5.766307,-1.499294,-0.262712,-1.050180,-1.848628,2.664881
5.770308,-1.466556,-0.134015,-1.267536,-1.710901,-2.562417
5.774310,0.415030,-0.002163,0.309237,-1.573046,-1.390573
5.778311,1.883402,0.130265,1.641688,-1.435078,-0.233792
5.782313,1.513290,0.260649,1.067751,-1.297013,0.784296
5.786315,0.267712,0.386389,-0.116946,-1.158881,1.649444
5.790316,-0.783224,0.504965,-1.448906,-1.020685,2.579736
5.794318,-0.962261,0.613994,-1.687166,-0.882468,-2.650580
5.798319,1.118356,0.711280,-0.036843,-0.744222,-1.589691
5.802321,2.905795,0.794870,1.608760,-0.606004,-0.592067
5.806323,3.206111,0.863099,1.870371,-0.467799,0.390477
5.810324,1.714503,0.914627,0.302843,-0.329672,1.427663
5.814326,-0.644831,0.948467,-1.666599,-0.191599,2.489926
5.818327,-0.459807,0.964010,-1.826107,-0.053651,-2.772262
5.822329,0.599156,0.961026,-0.437080,0.084203,-1.811506
5.826331,2.660372,0.939674,1.135384,0.221890,-0.874124
5.830332,2.919194,0.900485,1.732080,0.359443,0.051575
5.834334,2.226191,0.844352,1.017217,0.496789,0.955477
5.838335,0.253752,0.772502,-0.585514,0.633958,1.882120
5.842337,-1.518308,0.686462,-2.061648,0.770888,2.886706
5.846339,-1.010701,0.588015,-1.555265,0.907603,-2.314958
5.850340,1.174691,0.479163,0.859285,1.044055,-1.188507
5.854342,2.561558,0.362069,2.106063,1.180263,-0.062373
5.858343,1.099053,0.239018,0.963060,1.316192,1.001215
5.862345,-0.643057,0.112363,-0.575359,1.451853,1.961519
5.866347,-1.680133,-0.015524,-1.337545,1.587228,2.898447
5.870348,-1.531307,-0.142295,-0.912041,1.722318,-2.395755
5.874350,-0.430935,-0.265674,0.090816,1.857128,-1.482280
5.878351,0.157894,-0.383497,0.722918,1.991649,-0.751463
5.882353,0.821471,-0.493741,1.221865,2.125907,0.168219
5.886355,-0.067088,-0.594555,0.298073,2.259885,1.359826
5.890356,-1.569179,-0.684286,-1.154349,2.393629,2.638833
5.894358,-1.141811,-0.761495,-0.743117,2.527113,-2.453626
5.898359,-0.456271,-0.824974,-0.045504,2.660400,-1.641612
5.902361,-0.130505,-0.873759,0.386391,2.793456,-1.000645
5.906363,0.574416,-0.907133,0.905240,2.926359,0.053353
5.910364,-0.431312,-0.924633,0.292335,3.059072,1.256748
5.914366,-1.010514,-0.926051,-0.637858,-3.091507,2.431288
5.918367,-1.546599,-0.911431,-0.644181,-2.959045,-2.783471
5.922369,-0.549527,-0.881065,-0.142752,-2.826641,-1.828778
5.926371,-0.587218,-0.835494,0.258775,-2.694333,-0.979004
5.930372,0.012663,-0.775491,0.409099,-2.562038,-0.297060
5.934374,-0.200350,-0.702056,0.494126,-2.429787,0.401331
5.938375,-0.317186,-0.616404,0.147302,-2.297507,1.368883
5.942377,-1.190950,-0.519946,-0.696534,-2.165221,2.477219
5.946379,-1.290912,-0.414274,-0.853893,-2.032869,-2.719853
5.950380,-0.372281,-0.301143,-0.163134,-1.900465,-1.738402
5.954382,0.506048,-0.182443,0.816792,-1.767967,-0.759263
5.958383,1.091948,-0.060179,1.215773,-1.635376,0.328139
5.962385,-0.062877,0.063565,0.174177,-1.502671,1.434188
5.966387,-0.921495,0.186655,-0.836025,-1.369839,2.373452
5.970388,-1.208773,0.306937,-1.292287,-1.236880,-3.126673
5.974390,-0.527777,0.422279,-0.915421,-1.103770,-2.140855
5.978391,1.644868,0.530606,1.091143,-0.970530,-0.980688
5.982393,2.679174,0.629937,1.847147,-0.837126,0.170422
5.986395,1.231722,0.718430,0.664708,-0.703600,1.144668
5.990396,0.242408,0.794416,-0.581927,-0.569907,1.941146
5.994398,-1.268574,0.856436,-1.837542,-0.436103,2.859000
5.998399,-0.534523,0.903270,-1.541825,-0.302137,-2.368256
6.002401,1.736435,0.933968,0.589808,-0.168078,-1.301241
6.006403,3.461734,0.947875,2.128761,-0.033871,-0.267137
6.010404,3.062812,0.944647,1.585768,0.100403,0.765013
6.014406,0.601491,0.924265,-0.506055,0.234798,1.810662
6.018407,-0.683111,0.887041,-1.889785,0.369230,2.839307
6.022409,-0.579141,0.833610,-1.397948,0.503751,-2.454259
6.026411,1.233402,0.764922,0.123190,0.638282,-1.496251
6.030412,2.123335,0.682222,1.273280,0.772866,-0.582426
6.034414,2.467472,0.587025,1.449677,0.907432,0.287567
6.038415,1.037363,0.481090,0.557242,1.042010,1.227747
6.042417,-0.767583,0.366377,-1.186031,1.176543,2.301822
6.046419,-1.823388,0.245012,-1.611948,1.311045,-2.848984
6.050420,-0.458237,0.119237,-0.298992,1.445481,-1.786430
6.054422,0.200591,-0.008636,0.715265,1.579849,-0.908696
6.058423,0.688326,-0.136268,1.188102,1.714134,-0.073200
6.062425,0.122671,-0.261343,0.781205,1.848324,0.932756
6.066427,-1.552626,-0.381608,-0.600552,1.982423,2.041571
6.070428,-2.102860,-0.494917,-1.208535,2.116404,-3.120881
6.074430,-1.667155,-0.599267,-0.447067,2.250297,-2.032141
6.078431,-0.548914,-0.692833,0.365282,2.384059,-1.059614
6.082433,-0.523091,-0.773996,0.543792,2.517743,-0.405341
6.086435,-0.095897,-0.841366,0.724825,2.651299,0.271294
6.090436,-0.670823,-0.893802,0.229955,2.784799,1.337289
6.094438,-1.695818,-0.930421,-0.888711,2.918185,2.544711
6.098439,-1.665891,-0.950614,-0.817565,3.051541,-2.575284
6.102441,-0.716013,-0.954048,-0.014013,-3.098375,-1.587756
6.106443,-0.183505,-0.940671,0.638753,-2.965104,-0.692284
6.110444,0.231378,-0.910705,0.849094,-2.831886,0.351183
6.114446,-0.873696,-0.864647,0.060871,-2.698630,1.500111
6.118447,-1.234422,-0.803258,-0.551010,-2.565383,2.566090
6.122449,-1.457652,-0.727551,-0.467585,-2.432062,-3.103673
6.126451,-1.211909,-0.638782,-0.567659,-2.298707,-2.617672
6.130452,-0.845366,-0.538431,-0.048270,-2.165243,-1.618815
6.134454,0.554410,-0.428183,1.124042,-2.031700,-0.468155
6.138455,0.466385,-0.309905,1.081623,-1.898020,0.665190
6.142457,-0.828742,-0.185619,-0.229131,-1.764214,1.731052
6.146459,-1.824459,-0.057473,-1.431547,-1.630248,2.771942
6.150460,-1.634385,0.072290,-1.245280,-1.496116,-2.439445
6.154462,0.330436,0.201366,0.328394,-1.361806,-1.367431
6.158463,1.373313,0.327429,1.444477,-1.227298,-0.375122
6.162465,1.486045,0.448174,1.366539,-1.092603,0.534781
6.166467,0.095060,0.561355,0.136873,-0.957685,1.494093
6.170468,-1.537747,0.664832,-1.626009,-0.822579,2.545290
6.174470,-1.577487,0.756609,-1.779886,-0.687232,-2.672125
6.178471,0.348145,0.834878,-0.177362,-0.551701,-1.661947
6.182473,2.333503,0.898059,1.522726,-0.415925,-0.690025
6.186475,2.894932,0.944835,1.957545,-0.279978,0.320214
6.190476,1.454450,0.974193,0.412283,-0.143797,1.369718
6.194478,-0.534346,0.985445,-1.414124,-0.007466,2.385711
6.198479,-0.781327,0.978254,-1.826079,0.129079,-2.963013
6.202481,0.108927,0.952643,-0.867089,0.265750,-2.034113
6.206483,2.305143,0.909003,1.088539,0.402607,-1.020765
6.210484,3.191321,0.848091,2.099187,0.539561,0.044105
6.214486,1.896396,0.771019,0.923579,0.676662,1.085179
6.218487,-0.194460,0.679234,-0.872302,0.813825,2.065409
6.222489,-1.344427,0.574489,-1.752123,0.951088,3.019388
6.226491,-0.775339,0.458809,-1.142242,1.088380,-2.296886
6.230492,0.654406,0.334441,0.394056,1.225722,-1.332769
6.234494,1.965977,0.203811,1.558384,1.363060,-0.366821
6.238495,1.420903,0.069469,1.336998,1.500395,0.662142
6.242497,-0.297533,-0.065963,-0.309329,1.637695,1.764656
6.246499,-1.824285,-0.199852,-1.274463,1.774936,2.854104
6.250500,-1.524838,-0.329607,-0.818533,1.912109,-2.504500
6.254502,-1.036066,-0.452740,-0.133316,2.049170,-1.712954
6.258503,-0.309842,-0.566917,0.741168,2.186132,-0.726777
6.262505,0.067965,-0.670003,0.819212,2.322936,0.404043
6.266507,-1.052810,-0.760106,0.099717,2.459619,1.414291
6.270508,-0.937860,-0.835609,-0.235218,2.596103,2.039598
6.274510,-1.871273,-0.895199,-0.632626,2.732446,2.827209
6.278511,-1.450403,-0.937889,-0.569356,2.868561,-2.365402
6.282513,-0.879795,-0.963028,0.279423,3.004519,-1.231289
6.286515,-0.193595,-0.970306,0.835642,3.140232,-0.123838
6.290516,-0.481663,-0.959752,0.464309,-3.007405,0.968480
6.294518,-1.259024,-0.931724,-0.307296,-2.872108,1.987880
6.298519,-1.366397,-0.886893,-0.729288,-2.736976,2.864612
6.302521,-1.242870,-0.826223,-0.726728,-2.602087,-2.484778
6.306523,-0.060114,-0.750943,0.223781,-2.467357,-1.363925
6.310524,1.013215,-0.662524,1.079422,-2.332849,-0.180814
6.314526,0.386434,-0.562639,0.581381,-2.198485,0.901364
6.318527,-0.134018,-0.453136,-0.141042,-2.064308,1.747063
6.322529,-0.990422,-0.336000,-0.720829,-1.930254,2.542197
6.326531,-0.913852,-0.213324,-0.939738,-1.796340,-2.795809
6.330532,-0.409819,-0.087270,-0.274928,-1.662522,-1.828999
6.334534,0.922433,0.039961,0.755579,-1.528795,-0.892012
6.338535,1.399535,0.166164,1.412053,-1.395136,0.120796
6.342537,0.671202,0.289164,0.522983,-1.261513,1.234774
6.346539,-1.055766,0.406846,-1.107114,-1.127929,2.362212
6.350540,-1.082232,0.517186,-1.331766,-0.994328,-2.898748
6.354542,-0.091546,0.618284,-0.578853,-0.860737,-2.048444
6.358543,1.105791,0.708387,0.472534,-0.727081,-1.217072
6.362545,2.355585,0.785921,1.482409,-0.593411,-0.287507
6.366547,2.032812,0.849520,1.334004,-0.459639,0.677598
6.370548,0.536055,0.898044,-0.174516,-0.325834,1.662340
6.374550,-1.269936,0.930606,-1.901981,-0.191897,2.699536
6.378551,-1.035592,0.946588,-1.769184,-0.057911,-2.516553
6.382553,1.242277,0.945653,0.189573,0.076225,-1.482169
6.386555,3.022021,0.927756,1.884065,0.210420,-0.491192
6.390556,3.201396,0.893156,1.901136,0.344769,0.535628
6.394558,0.965554,0.842411,-0.133563,0.479177,1.632150
6.398559,-0.787509,0.776378,-1.738937,0.613727,2.721773
6.402561,-0.498862,0.696203,-1.328562,0.748331,-2.615593
6.406563,0.455859,0.603298,-0.363884,0.883054,-1.828227
6.410564,1.830065,0.499321,0.958710,1.017821,-0.921727
6.414566,2.529743,0.386147,1.642640,1.152674,0.135827
6.418567,1.256501,0.265839,0.570069,1.287554,1.191383
6.422569,-0.287711,0.140601,-0.769128,1.422477,2.151389
6.426571,-1.270619,0.012745,-1.404815,1.557402,3.099131
6.430572,-0.805399,-0.115364,-0.761936,1.692318,-2.131767
6.434574,0.439612,-0.241354,0.672318,1.827209,-1.034953
6.438575,0.789412,-0.362893,1.107272,1.962038,-0.036315
6.442577,0.203662,-0.477737,0.705560,2.096814,0.821280
6.446579,-0.883173,-0.583779,-0.239518,2.231472,1.780534
6.450580,-2.019587,-0.679084,-1.177357,2.366048,2.912111
6.454582,-1.609158,-0.761937,-0.646263,2.500454,-2.219720
6.458583,-0.757015,-0.830870,0.255936,2.634747,-1.259371
6.462585,-0.391835,-0.884691,0.703479,2.768824,-0.534900
6.466587,-0.158717,-0.922504,0.944549,2.902762,0.404521
6.470588,-1.117039,-0.943720,0.026841,3.036448,1.547486
6.474590,-2.109338,-0.948063,-0.968757,-3.113214,2.682343
6.478591,-1.778167,-0.935571,-0.820480,-2.979966,-2.627602
6.482593,-1.041770,-0.906583,-0.185525,-2.846899,-1.767474
6.486595,0.180052,-0.861730,0.747594,-2.714117,-0.784842
6.490596,0.511667,-0.801913,1.019326,-2.581525,0.287259
6.494598,-0.105135,-0.728276,0.275033,-2.449211,1.274486
6.498599,-0.767835,-0.642182,-0.421995,-2.317085,2.066292
6.502601,-1.248154,-0.545178,-1.018099,-2.185215,2.888682
6.506603,-0.957846,-0.438973,-0.924671,-2.053520,-2.388394
6.510604,0.470228,-0.325398,0.337813,-1.922043,-1.321960
6.514606,1.623344,-0.206378,1.317125,-1.790721,-0.308930
6.518607,1.454926,-0.083900,1.160838,-1.659564,0.636171
6.522609,0.257346,0.040016,-0.067774,-1.528531,1.612647
6.526611,-1.291514,0.163349,-1.603624,-1.397596,2.670861
6.530612,-1.072755,0.284099,-1.510437,-1.266743,-2.521563
6.534614,0.786570,0.400311,0.185091,-1.135916,-1.466872
6.538615,2.173193,0.510101,1.494492,-1.005124,-0.485754
6.542617,2.203954,0.611680,1.504559,-0.874282,0.452167
6.546619,0.821096,0.703370,0.288695,-0.743424,1.401720
6.550620,-0.779379,0.783633,-1.252752,-0.612441,2.362850
6.554622,-1.335893,0.851083,-1.791564,-0.481387,-2.968210
6.558623,-0.171488,0.904510,-0.815509,-0.350137,-2.005855
6.562625,1.951111,0.942894,1.119947,-0.218762,-1.000240
6.566627,3.082164,0.965429,2.144617,-0.087132,0.038721
6.570628,1.963904,0.971540,1.022653,0.044669,1.069161
6.574630,-0.200087,0.960903,-0.995811,0.176769,2.067496
6.578631,-1.266481,0.933455,-2.092159,0.309079,3.064337
6.582633,-0.354243,0.889410,-1.209453,0.441719,-2.189403
6.586635,1.848575,0.829264,0.781149,0.574601,-1.160919
6.590636,2.933994,0.753800,1.756414,0.707827,-0.204432
6.594638,2.456327,0.664093,1.361213,0.841317,0.699888
6.598639,0.736017,0.561501,-0.221421,0.975148,1.687809
6.602641,-1.130997,0.447653,-1.768018,1.109251,2.773514
6.606643,-0.763168,0.324430,-1.274471,1.243675,-2.442481
6.610644,0.476494,0.193936,0.049065,1.378372,-1.535962
6.614646,1.485319,0.058469,1.100494,1.513362,-0.708626
6.618647,1.933027,-0.079524,1.580237,1.648618,0.307075
6.622649,0.303338,-0.217484,0.179878,1.784126,1.464248
6.626651,-1.351091,-0.352794,-1.265601,1.919886,2.611957
6.630652,-1.400501,-0.482831,-1.039679,2.055851,-2.676834
6.634654,-0.778755,-0.605028,-0.274698,2.192043,-1.834478
6.638655,0.007000,-0.716923,0.702317,2.328389,-0.888975
6.642657,0.366335,-0.816224,1.096785,2.464934,0.176522
6.646659,-0.675147,-0.900858,0.353626,2.601581,1.215468
6.650660,-1.592629,-0.969023,-0.534984,2.738395,2.166597
6.654662,-2.365002,-1.019234,-0.992913,2.875259,-3.134527
6.658663,-1.772837,-1.050359,-0.463840,3.012253,-2.036866
6.662665,-0.799537,-1.061652,0.618032,-3.133935,-0.882231
6.666667,-0.505631,-1.052776,0.788849,-2.996849,0.232656
6.670668,-1.012636,-1.023806,0.237062,-2.859800,1.180781
6.674670,-1.294955,-0.975235,-0.176151,-2.722702,1.892896
6.678671,-1.582218,-0.907964,-0.593206,-2.585672,2.676996
6.682673,-1.442650,-0.823277,-0.696035,-2.448634,-2.628219
6.686675,-0.695809,-0.722820,-0.046872,-2.311689,-1.623957
6.690676,0.410255,-0.608559,0.771762,-2.174772,-0.671877
6.694678,0.674185,-0.482732,1.119312,-2.037963,0.331299
6.698679,-0.035059,-0.347806,0.163746,-1.901217,1.449543
6.702681,-1.286259,-0.206415,-1.127751,-1.764583,2.590002
6.706683,-0.913917,-0.061306,-1.015648,-1.628040,-2.710582
6.710684,0.118661,0.084719,-0.446797,-1.491608,-1.995686
6.714686,1.127240,0.228861,0.562940,-1.355291,-1.157242
6.718687,2.780967,0.368384,1.707226,-1.219075,-0.105331
6.722689,1.680437,0.500669,1.039263,-1.082991,0.975364
6.726691,0.099630,0.623263,-0.806837,-0.946993,2.008404
6.730692,-1.297859,0.733921,-1.952541,-0.811134,3.026947
6.734694,-0.429920,0.830650,-1.211178,-0.675337,-2.229655
6.738695,1.641729,0.911732,0.620690,-0.539677,-1.243621
6.742697,2.684898,0.975757,1.877535,-0.404054,-0.302827
6.746699,2.646223,1.021644,1.633769,-0.268560,0.683004
6.750700,0.201233,1.048649,-0.339619,-0.133077,1.728614
6.754702,-1.303840,1.056378,-1.896627,0.002293,2.749540
6.758703,-1.097359,1.044786,-1.665344,0.137677,-2.601629
6.762705,0.385378,1.014169,-0.257817,0.272974,-1.699857
6.766707,2.628450,0.965159,1.622080,0.408308,-0.734080
6.770708,3.044214,0.898707,2.250163,0.543583,0.304246
6.774710,1.275568,0.816072,0.410236,0.678911,1.401391
6.778711,-1.408602,0.718794,-1.893145,0.814207,2.535725
6.782713,-1.335210,0.608666,-1.692608,0.949565,-2.644922
6.786715,0.171151,0.487708,-0.208038,1.084919,-1.710802
6.790716,1.171636,0.358126,0.812184,1.220340,-0.946726
6.794718,2.102306,0.222280,1.572941,1.355786,-0.013052
6.798719,1.206114,0.082645,0.741352,1.491294,1.098717
6.802721,-0.632907,-0.058233,-0.874501,1.626852,2.217322
6.806723,-0.989990,-0.197779,-1.198895,1.762460,-3.065339
6.810724,-0.873124,-0.333434,-0.613992,1.898132,-2.174379
6.814726,0.216548,-0.462707,0.335828,2.033837,-1.256586
6.818727,0.515553,-0.583218,1.087454,2.169616,-0.281878
6.822729,0.378890,-0.692741,0.888727,2.305405,0.746318
6.826731,-1.218688,-0.789253,-0.363317,2.441271,1.858249
6.830732,-2.193679,-0.870968,-1.242115,2.577119,3.036514
6.834734,-1.557162,-0.936382,-0.513698,2.713040,-2.074194
6.838735,-0.748967,-0.984297,0.404606,2.848914,-1.032353
6.842737,-0.522084,-1.013852,0.580167,2.984846,-0.289176
6.846739,-0.622474,-1.024540,0.615944,3.120706,0.400984
6.850740,-1.098409,-1.016217,0.167273,-3.026580,1.360543
6.854742,-1.920702,-0.989108,-0.619448,-2.890778,2.411244
6.858743,-2.091427,-0.943805,-0.764554,-2.754961,-2.918323
6.862745,-1.491494,-0.881248,-0.402662,-2.619262,-2.081877
6.866747,-0.650508,-0.802710,0.415262,-2.483579,-1.138759
6.870748,0.340971,-0.709769,1.124843,-2.348030,-0.060896
6.874750,-0.127118,-0.604270,0.600009,-2.212530,1.016306
6.878752,-1.060666,-0.488283,-0.462010,-2.077173,1.999363
6.882753,-1.406050,-0.364065,-1.137747,-1.941898,2.936831
6.886755,-1.107816,-0.234004,-0.893369,-1.806770,-2.365596
6.890756,0.570795,-0.100574,0.250629,-1.671756,-1.377974
6.894758,1.493538,0.033721,1.259652,-1.536888,-0.420510
6.898760,1.749371,0.166392,1.275276,-1.402165,0.557936
6.902761,0.389820,0.295022,-0.002324,-1.267579,1.572253
6.906763,-1.023279,0.417306,-1.361043,-1.133163,2.561227
6.910764,-0.890990,0.531094,-1.593710,-0.998869,-2.769278
6.914766,0.244383,0.634428,-0.377425,-0.864763,-1.774271
6.918768,2.628200,0.725570,1.454433,-0.730763,-0.727834
6.922769,2.764351,0.803036,1.820362,-0.596963,0.284724
6.926771,1.760091,0.865610,0.657095,-0.463251,1.215753
6.930772,-0.248980,0.912361,-1.158674,-0.329745,2.166746
6.934774,-1.358798,0.942651,-2.240264,-0.196306,-3.067720
6.938776,0.198750,0.956135,-0.894281,-0.063064,-1.982069
6.942777,2.246975,0.952756,1.197861,0.070132,-0.950341
6.946779,3.163566,0.932742,1.914945,0.203149,-0.010808
6.950780,2.061860,0.896590,1.186089,0.336141,0.909447
6.954782,0.106592,0.845055,-0.636858,0.468981,1.892038
6.958784,-1.677626,0.779129,-1.989686,0.601815,2.925073
6.962785,-1.027338,0.700019,-1.332355,0.734535,-2.319734
6.966787,0.718123,0.609125,0.471674,0.867273,-1.309232
6.970788,2.021435,0.508013,1.624294,0.999946,-0.329148
6.974790,1.749784,0.398398,1.312855,1.132661,0.660327
6.978792,0.133946,0.282115,-0.188333,1.265365,1.689522
6.982793,-0.943357,0.161097,-1.299103,1.398130,2.712599
6.986795,-1.071017,0.037349,-1.113861,1.530940,-2.649351
6.990796,0.060748,-0.087079,-0.271522,1.663827,-1.781694
6.994798,1.031271,-0.210120,1.068645,1.796815,-0.757164
6.998800,1.661101,-0.329714,1.383976,1.929895,0.416212
7.002801,-0.195153,-0.443837,-0.047482,2.063126,1.607135
7.006803,-1.026576,-0.550529,-0.854919,2.196460,2.654653
7.010804,-1.028098,-0.647928,-0.733380,2.329987,-2.848598
7.014806,-1.007504,-0.734294,-0.387102,2.463620,-2.072251
7.018808,0.137080,-0.808049,0.393573,2.597479,-1.124305
7.022809,0.251257,-0.867798,1.016497,2.731446,-0.065567
7.026811,0.126756,-0.912363,0.478184,2.865661,1.108697
7.030812,-1.473247,-0.940807,-0.675910,2.999984,2.355854
7.034814,-1.330601,-0.952461,-0.600456,3.134566,-2.781680
7.038816,-1.051563,-0.946944,-0.267600,-3.013933,-2.295972
7.042817,-1.188616,-0.924180,-0.103421,-2.878992,-1.733993
7.046819,-0.199637,-0.884410,0.683934,-2.743950,-0.626577
7.050820,-0.513326,-0.828196,0.776446,-2.608670,0.434707
7.054822,-0.903301,-0.756421,0.256345,-2.473295,1.284563
7.058824,-1.854025,-0.670278,-0.719994,-2.337707,2.225495
7.062825,-2.483511,-0.571256,-1.410177,-2.202030,-2.925219
7.066827,-0.742630,-0.461116,-0.283098,-2.066177,-1.760352
7.070828,0.585903,-0.341860,1.090950,-1.930242,-0.678411
7.074830,1.386766,-0.215690,1.245355,-1.794175,0.289438
7.078832,0.410299,-0.084966,0.466679,-1.658030,1.198763
7.082833,-0.354560,0.047842,-0.691512,-1.521797,2.103702
7.086835,-1.265955,0.180206,-1.529288,-1.385488,3.058450
7.090836,-0.364287,0.309593,-0.987473,-1.249133,-2.183814
7.094838,1.404793,0.433515,0.789357,-1.112704,-1.109312
7.098840,2.616137,0.549586,1.709709,-0.976271,-0.097075
7.102841,1.768171,0.655568,1.176230,-0.839768,0.833712
7.106843,0.394148,0.749420,-0.460261,-0.703298,1.809711
7.110844,-1.528833,0.829341,-2.021681,-0.566760,2.877437
7.114846,-0.420642,0.893802,-1.416397,-0.430286,-2.334860
7.118848,1.285141,0.941576,0.415804,-0.293748,-1.352365
7.122849,3.046939,0.971763,1.762976,-0.157302,-0.426450
7.126851,2.771032,0.983805,1.733344,-0.020803,0.568768
7.130852,0.922144,0.977499,-0.109963,0.115582,1.624725
7.134854,-0.870659,0.952992,-1.596721,0.252003,2.624619
7.138856,-0.887070,0.910778,-1.604310,0.388296,-2.800375
7.142857,0.065277,0.851683,-0.677774,0.524606,-1.942435
7.146859,2.021160,0.776843,1.262323,0.660784,-0.935931
7.150860,3.010698,0.687681,2.202625,0.796956,0.153581
7.154862,1.094239,0.585875,0.698298,0.932998,1.238085
7.158864,-1.048133,0.473329,-1.281501,1.069008,2.281076
7.162865,-2.050042,0.352126,-1.770667,1.204896,-2.992030
7.166867,-1.002913,0.224496,-0.694614,1.340726,-2.010220
7.170868,0.345954,0.092765,0.764540,1.476452,-1.053644
7.174870,1.193143,-0.040683,1.558639,1.612102,-0.049066
7.178872,0.413777,-0.173444,0.744462,1.747674,1.068322
7.182873,-1.325990,-0.303138,-0.852293,1.883154,2.253888
7.186875,-1.492860,-0.427449,-0.955962,2.018588,-2.911845
7.190876,-1.052346,-0.544159,-0.353079,2.153921,-2.117584
7.194878,-0.638045,-0.651184,0.094632,2.289242,-1.441909
7.198880,0.017854,-0.746611,0.819098,2.424462,-0.390141
7.202881,-0.146112,-0.828721,0.607539,2.559707,0.787555
7.206883,-1.037036,-0.896021,-0.178042,2.694858,1.829185
7.210884,-1.234990,-0.947267,-0.539471,2.830071,2.585834
7.214886,-1.580173,-0.981483,-0.760263,2.965205,-2.829095
7.218888,-0.711808,-0.997982,-0.131875,3.100432,-1.707934
7.222889,0.118581,-0.996380,0.852233,-3.047582,-0.516636
7.226891,0.036016,-0.976603,0.690842,-2.912289,0.605093
7.230892,-0.810764,-0.938896,0.050900,-2.777025,1.493985
7.234894,-1.316794,-0.883825,-0.376759,-2.641619,2.160728
7.238896,-1.896919,-0.812272,-0.883985,-2.506210,3.037156
7.242897,-1.638737,-0.725431,-0.605350,-2.370652,-2.167043
7.246899,-0.427138,-0.624790,0.558991,-2.235061,-1.058393
7.250900,0.175446,-0.512113,1.117232,-2.099322,-0.024084
7.254902,-0.302092,-0.389413,0.673907,-1.963523,0.931596
7.258904,-1.147684,-0.258918,-0.391592,-1.827588,1.901566
7.262905,-1.958238,-0.123030,-1.222068,-1.691569,2.905682
7.266907,-1.090803,0.015711,-0.935337,-1.555436,-2.408941
7.270908,0.044432,0.154686,0.098459,-1.419200,-1.495178
7.274910,1.761661,0.291240,1.218807,-1.282880,-0.550898
7.278912,1.768999,0.422746,1.371058,-1.146448,0.453735
7.282913,0.935537,0.546655,0.201334,-1.009967,1.437009
7.286915,-0.511669,0.660554,-1.023009,-0.873366,2.318105
7.290916,-0.792088,0.762215,-1.710585,-0.736753,-3.096370
7.294918,-0.042820,0.849648,-1.027873,-0.600020,-2.096823
7.298920,2.592385,0.921138,1.212825,-0.463310,-1.004350
7.302921,3.664854,0.975288,2.247792,-0.326491,0.084207
7.306923,2.321769,1.011047,0.961909,-0.189731,1.107901
7.310924,0.137950,1.027736,-1.052513,-0.052881,2.092501
7.314926,-1.037927,1.025056,-2.082386,0.083880,3.098205
7.318928,-0.152120,1.003097,-1.143803,0.220707,-2.194121
7.322929,1.623420,0.962326,0.503155,0.357421,-1.297981
7.326931,2.892681,0.903580,1.879596,0.494172,-0.406094
7.330932,2.868468,0.828040,1.885003,0.630792,0.634209
7.334934,0.168124,0.737212,-0.484472,0.767411,1.773000
7.338936,-1.715119,0.632881,-2.112239,0.903886,2.890858
7.342937,-1.049234,0.517080,-1.363311,1.040320,-2.390427
7.346939,0.368559,0.392038,0.183337,1.176605,-1.464402
7.350940,1.789516,0.260136,1.491916,1.312810,-0.476198
7.354942,1.447910,0.123858,1.297694,1.448870,0.545137
7.358944,0.016594,-0.014257,0.121324,1.584812,1.477807
7.362945,-1.189962,-0.151665,-0.869076,1.720620,2.346450
7.366947,-1.978828,-0.285860,-1.236727,1.856273,-2.967420
7.370948,-1.126231,-0.414428,-0.403455,1.991808,-1.925767
7.374950,-0.273740,-0.535079,0.561987,2.127161,-0.953449
7.378952,0.075718,-0.645693,0.845441,2.262418,-0.109333
7.382953,-0.057394,-0.744347,0.618838,2.397480,0.755242
7.386955,-1.045450,-0.829346,-0.122651,2.532476,1.713437
7.390956,-1.509107,-0.899241,-0.770740,2.667276,2.704681
7.394958,-1.809345,-0.952858,-0.698054,2.802043,-2.568799
7.398960,-0.732181,-0.989302,0.021915,2.936625,-1.542971
7.402961,-0.400413,-1.007977,0.614065,3.071211,-0.568291
7.406963,0.101626,-1.008584,0.705264,-3.077546,0.334613
7.410964,-0.599308,-0.991127,0.205613,-2.943076,1.337730
7.414966,-1.338875,-0.955910,-0.847406,-2.808724,2.512811
7.418968,-1.562502,-0.903533,-0.881268,-2.674292,-2.513072
7.422969,-0.256902,-0.834882,0.267137,-2.539926,-1.289906
7.426971,-0.012283,-0.751120,0.719936,-2.405448,-0.271069
7.430972,-0.111317,-0.653670,0.626488,-2.270977,0.438827
7.434974,-0.649928,-0.544197,0.251209,-2.136365,1.280374
7.438976,-1.501992,-0.424587,-0.699978,-2.001699,2.316286
7.442977,-1.813331,-0.296921,-1.053608,-1.866871,-2.978430
7.446979,-1.027155,-0.163443,-0.609938,-1.731928,-2.114569
7.450980,0.241660,-0.026531,0.597292,-1.596812,-1.162375
7.454982,1.685204,0.111346,1.819872,-1.461526,-0.043080
7.458984,0.567521,0.247670,0.804491,-1.326066,1.128017
7.462985,-1.153403,0.379915,-0.975977,-1.190388,2.207683
7.466987,-1.464182,0.505597,-1.404826,-1.054538,3.041542
7.470988,-1.101422,0.622319,-1.279153,-0.918431,-2.491508
7.474990,0.707384,0.727820,0.112998,-0.782166,-1.515091
7.478992,2.826496,0.820024,2.092822,-0.645618,-0.414355
7.482993,2.758108,0.897085,1.790341,-0.508933,0.673267
7.486995,0.493130,0.957435,-0.248701,-0.371956,1.683850
7.490996,-1.048819,0.999815,-1.954932,-0.234866,2.654187
7.494998,-1.196444,1.023314,-1.978659,-0.097489,-2.625401
7.499000,1.065470,1.027386,-0.063083,0.039979,-1.598717
7.503001,2.980691,1.011873,1.800614,0.177713,-0.598981
7.507003,3.189736,0.977010,1.993818,0.315510,0.377749
7.511004,1.475917,0.923430,0.399532,0.453537,1.383103
7.515006,-0.877534,0.852150,-1.529747,0.591597,2.414088
7.519008,-1.147590,0.764554,-1.797662,0.729837,-2.878564
7.523009,-0.310989,0.662363,-0.657359,0.868085,-1.957358
7.527011,1.566994,0.547597,0.942323,1.006452,-1.008310
7.531012,2.114268,0.422530,1.753831,1.144804,0.032095
7.535014,1.159455,0.289648,0.735386,1.283208,1.081779
7.539016,-0.626648,0.151586,-0.554465,1.421573,2.002048
7.543017,-1.587083,0.011077,-1.264951,1.559915,2.829639
7.547019,-1.789442,-0.129113,-1.171985,1.698195,-2.454190
7.551020,-0.512199,-0.266247,0.428376,1.836377,-1.295842
7.555022,0.668137,-0.397670,1.408768,1.974480,-0.122631
7.559024,-0.525353,-0.520869,0.683290,2.112416,0.955205
7.563025,-1.177779,-0.633524,-0.392796,2.250257,1.957957
7.567027,-2.214234,-0.733548,-0.928562,2.387871,3.008356
7.571028,-1.408062,-0.819131,-0.469021,2.525379,-2.248990
7.575030,-1.090622,-0.888769,0.033785,2.662610,-1.514011
7.579032,-0.599388,-0.941291,0.497279,2.799727,-0.814819
7.583033,-0.069091,-0.975869,0.902962,2.936534,0.222482
7.587035,-1.027085,-0.992032,0.216900,3.073223,1.349240
7.591036,-1.676090,-0.989662,-0.690522,-3.073598,2.392242
7.595038,-2.023653,-0.968990,-0.911874,-2.937354,-2.951527
7.599040,-1.329315,-0.930582,-0.426986,-2.801433,-2.017322
7.603041,-0.139766,-0.875323,0.551610,-2.665632,-1.040082
7.607043,0.397749,-0.804389,1.200402,-2.530135,-0.002927
7.611044,0.083017,-0.719222,0.570464,-2.394752,1.091108
7.615046,-1.374238,-0.621494,-0.614047,-2.259635,2.150724
7.619048,-1.396070,-0.513076,-0.971055,-2.124624,3.009897
7.623049,-1.265613,-0.396000,-0.892104,-1.989828,-2.505034
7.627051,-0.032079,-0.272426,0.101569,-1.855127,-1.498076
7.631052,1.576351,-0.144597,1.427264,-1.720577,-0.357955
7.635054,1.130358,-0.014809,1.055185,-1.586111,0.735218
7.639056,0.097982,0.114635,-0.131284,-1.451723,1.672303
7.643057,-1.006173,0.241458,-1.121137,-1.317402,2.547499
7.647059,-1.232351,0.363441,-1.411489,-1.183083,-2.775319
7.651060,-0.017463,0.478460,-0.325514,-1.048812,-1.769399
7.655062,1.578470,0.584517,1.302665,-0.914467,-0.756309
7.659064,2.210178,0.679769,1.861035,-0.780154,0.285190
7.663065,0.728033,0.762562,0.443112,-0.645702,1.349446
7.667067,-1.217844,0.831451,-1.465483,-0.511264,2.392248
7.671068,-1.289603,0.885230,-1.902000,-0.376633,-2.894340
7.675070,-0.012152,0.922950,-0.674437,-0.242000,-1.922340
7.679072,2.465051,0.943937,1.149670,-0.107138,-0.951487
7.683073,3.157182,0.947808,2.016434,0.027734,0.023663
7.687075,2.476752,0.934484,1.077125,0.162850,1.018333
7.691076,0.104939,0.904195,-0.893620,0.297978,2.029146
7.695078,-0.896284,0.857481,-1.893532,0.433341,3.006234
7.699080,-0.378258,0.795183,-1.316981,0.568717,-2.353149
7.703081,1.436522,0.718431,0.353391,0.704301,-1.388832
7.707083,3.027438,0.628628,1.863398,0.839895,-0.335254
7.711084,2.539844,0.527424,1.344341,0.975652,0.719896
7.715086,0.718198,0.416689,-0.130389,1.111410,1.655116
7.719088,-0.539513,0.298479,-1.237664,1.247268,2.516195
7.723089,-1.267672,0.174992,-1.540763,1.383113,-2.788363
7.727091,-0.108951,0.048528,-0.248524,1.518982,-1.721731
7.731092,1.361127,-0.078562,1.224745,1.654826,-0.673643
7.735094,1.131113,-0.203920,1.417899,1.790615,0.361023
7.739096,0.204560,-0.325228,0.163221,1.926363,1.458731
7.743097,-1.890249,-0.440258,-1.082106,2.061977,2.590319
7.747099,-1.173994,-0.546911,-0.879944,2.197533,-2.662109
7.751100,-1.252708,-0.643263,-0.189104,2.332880,-1.798789
7.755102,-0.037750,-0.727600,0.537566,2.468152,-0.863608
7.759104,-0.228993,-0.798450,0.732861,2.603151,0.197790
7.763105,-0.581258,-0.854604,0.235174,2.738063,1.140257
7.767107,-1.003708,-0.895140,-0.089771,2.872653,1.756034
7.771108,-1.447003,-0.919433,-0.485553,3.007145,2.490707
7.775110,-1.619395,-0.927157,-0.726371,3.141285,-2.829859
7.779112,-0.944947,-0.918292,-0.193431,-3.007868,-1.784573
7.783113,0.070177,-0.893110,0.821705,-2.874196,-0.661167
7.787115,0.540019,-0.852168,0.937452,-2.740634,0.503672
7.791116,-0.605828,-0.796287,-0.023581,-2.607417,1.594812
7.795118,-0.893989,-0.726530,-0.758286,-2.474308,2.518339
7.799120,-1.321770,-0.644184,-1.020716,-2.341505,-2.822741
7.803121,-0.061467,-0.550726,-0.159539,-2.208803,-1.700320
7.807123,1.017741,-0.447803,1.042224,-2.076348,-0.514103
7.811124,0.949665,-0.337196,0.817313,-1.943981,0.537298
7.815126,0.242498,-0.220795,0.276174,-1.811785,1.219124
7.819128,-0.337925,-0.100566,-0.373494,-1.679655,1.936419
7.823129,-1.274175,0.021475,-1.332903,-1.547608,2.959261
7.827131,-0.678077,0.143288,-0.935732,-1.415603,-2.242484
7.831132,0.982354,0.262841,0.522613,-1.283587,-1.229111
7.835134,2.147848,0.378137,1.632957,-1.151587,-0.253338
7.839136,1.891530,0.487238,1.328709,-1.019483,0.776932
7.843137,-0.070511,0.588298,-0.527331,-0.887366,1.846591
7.847139,-1.329645,0.679583,-1.818126,-0.755056,2.875634
7.851140,-0.780632,0.759497,-1.432008,-0.622701,-2.450263
7.855142,0.969922,0.826609,0.157049,-0.490072,-1.490179
7.859144,2.840242,0.879670,1.816675,-0.357367,-0.478183
7.863145,2.768702,0.917644,1.762018,-0.224326,0.541636
7.867147,0.914531,0.939724,0.081052,-0.091182,1.531079
7.871148,-0.870261,0.945354,-1.675186,0.042343,2.513755
7.875150,-1.390250,0.934242,-1.958160,0.176001,-2.767776
7.879152,0.466821,0.906374,-0.407401,0.310064,-1.764944
7.883153,2.297525,0.862021,1.549017,0.444290,-0.763276
7.887155,3.062660,0.801749,2.108692,0.578926,0.274098
7.891156,1.191686,0.726418,0.470355,0.713747,1.348998
7.895158,-0.858528,0.637178,-1.436772,0.848960,2.402473
7.899160,-1.198804,0.535459,-1.689069,0.984374,-2.904669
7.903161,-0.211391,0.422956,-0.626939,1.120143,-1.960072
7.907163,1.489879,0.301600,0.913733,1.256129,-0.962756
7.911164,1.993622,0.173534,1.448156,1.392416,0.043533
7.915166,1.242157,0.041079,0.746804,1.528927,0.951375
7.919168,-0.066645,-0.093309,-0.312901,1.665674,1.812568
7.923169,-1.373058,-0.227084,-1.362217,1.802641,2.814432
7.927171,-1.281326,-0.357662,-1.013062,1.939766,-2.347322
7.931172,0.020046,-0.482476,0.416056,2.077101,-1.234576
7.935174,0.413176,-0.599032,0.991773,2.214513,-0.256922
7.939176,0.077668,-0.704965,0.771591,2.352118,0.606187
7.943177,-0.970910,-0.798094,0.001474,2.489722,1.569262
7.947179,-1.930015,-0.876474,-0.790139,2.627493,2.627524
7.951180,-2.087462,-0.938446,-0.687837,2.765188,-2.675929
7.955182,-1.582076,-0.982676,-0.199286,2.903017,-1.850321
7.959184,-0.997780,-1.008194,0.499267,3.040707,-0.914743
7.963185,-0.479327,-1.014414,0.851991,-3.104695,0.201160
7.967187,-1.151127,-1.001154,0.196560,-2.967099,1.315021
7.971188,-1.612933,-0.968641,-0.391904,-2.829454,2.216296
7.975190,-1.767896,-0.917501,-0.706543,-2.692028,2.996414
7.979192,-1.595292,-0.848754,-0.571380,-2.554600,-2.270455
7.983193,-0.293574,-0.763783,0.403861,-2.417411,-1.130674
7.987195,0.027825,-0.664303,0.858630,-2.280267,-0.089889
7.991196,0.173053,-0.552321,0.635289,-2.143363,0.718586
7.995198,-0.720991,-0.430085,-0.026219,-2.006553,1.595172
7.999200,-1.353560,-0.300038,-1.204441,-1.869970,2.698306
8.003201,-1.307051,-0.164757,-1.047090,-1.733528,-2.422685
8.007203,0.668705,-0.026900,0.259050,-1.597290,-1.364303
8.011204,1.390123,0.110857,1.062063,-1.461236,-0.482349
8.015206,1.874704,0.245872,1.219134,-1.325356,0.427209
8.019208,0.710410,0.375596,0.153242,-1.189698,1.465024
8.023209,-0.559618,0.497624,-1.092731,-1.054175,2.470577
8.027211,-0.685309,0.609733,-1.375859,-0.918902,-2.961114
8.031212,-0.136645,0.709929,-0.802475,-0.783722,-2.061373
8.035214,2.049319,0.796474,1.163942,-0.648811,-0.970220
8.039216,2.934631,0.867915,2.118556,-0.513956,0.194025
8.043217,1.238149,0.923103,0.535024,-0.379380,1.296534
8.047219,-0.427764,0.961209,-1.104215,-0.244824,2.245282
8.051220,-1.295199,0.981726,-1.810531,-0.110547,3.127884
8.055222,-0.301941,0.984470,-1.128994,0.023739,-2.175339
8.059224,1.610794,0.969575,0.877112,0.157759,-1.130703
8.063225,3.084618,0.937479,2.002936,0.291807,-0.104371
8.067227,1.857433,0.888914,1.234593,0.425609,0.888563
8.071228,0.191787,0.824888,-0.581700,0.559442,1.880583
8.075230,-1.579553,0.746659,-1.744613,0.693058,2.860470
8.079232,-0.917059,0.655709,-1.394359,0.826698,-2.493278
8.083233,0.265928,0.553714,0.021987,0.960156,-1.558738
8.087235,2.254822,0.442519,1.681604,1.093623,-0.527801
8.091236,2.133662,0.324102,1.623445,1.226949,0.573673
8.095238,0.219926,0.200544,-0.167307,1.360256,1.666155
8.099240,-1.113044,0.073998,-1.396211,1.493462,2.710192
8.103241,-1.098651,-0.053349,-1.097809,1.626610,-2.545749
8.107243,0.017395,-0.179309,0.022821,1.759695,-1.549264
8.111244,0.497478,-0.301729,0.584492,1.892679,-0.770490
8.115246,0.751733,-0.418525,0.892741,2.025636,-0.122661
8.119248,0.485984,-0.527714,0.746321,2.158446,0.876944
8.123249,-1.034677,-0.627445,-0.600225,2.291258,2.067484
8.127251,-1.856412,-0.716034,-1.116717,2.423878,-3.055783
8.131253,-1.196585,-0.791985,-0.456067,2.556518,-2.068637
8.135254,-0.679551,-0.854025,0.415758,2.688927,-1.124251
8.139256,0.030395,-0.901121,0.989780,2.821366,-0.014912
8.143257,-0.861369,-0.932497,0.357107,2.953543,1.138769
8.147259,-1.543801,-0.947648,-0.311278,3.085753,2.084176
8.151261,-1.730943,-0.946353,-0.553574,-3.065504,2.778808
8.155262,-1.891250,-0.928671,-0.583045,-2.933548,-2.628154
8.159264,-1.098437,-0.894946,-0.106887,-2.801879,-1.728210
8.163265,-0.618544,-0.845798,0.466125,-2.670194,-0.948161
8.167267,0.159182,-0.782108,1.106474,-2.538786,0.044488
8.171269,-0.418768,-0.705003,0.441407,-2.407378,1.235302
8.175270,-1.966258,-0.615834,-1.002685,-2.276217,2.424863
8.179272,-1.715018,-0.516148,-1.139573,-2.145075,-2.834466
8.183273,-1.034948,-0.407665,-0.443194,-2.014136,-1.936836
8.187275,0.675192,-0.292241,0.874834,-1.883237,-0.904806
8.191277,1.304973,-0.171840,1.393765,-1.752484,0.220992
8.195278,0.402558,-0.048496,0.408309,-1.621785,1.235821
8.199280,-0.296417,0.075723,-0.519509,-1.491164,2.025184
8.203281,-1.095210,0.198746,-1.381424,-1.360605,2.891390
8.207283,-0.492855,0.318529,-1.165339,-1.230044,-2.358312
8.211285,1.167304,0.433090,0.385992,-1.099547,-1.342371
8.215286,2.684209,0.540539,1.672854,-0.968963,-0.406200
8.219288,2.493688,0.639098,1.760132,-0.838435,0.587561
8.223289,0.522215,0.727134,-0.275125,-0.707735,1.688540
8.227291,-1.852090,0.803176,-2.174815,-0.577068,2.799014
8.231293,-1.000413,0.865929,-1.667419,-0.446142,-2.462454
8.235294,0.607185,0.914297,0.144012,-0.315213,-1.502513
8.239296,2.720665,0.947390,1.914097,-0.183949,-0.479266
8.243297,2.380416,0.964542,1.684125,-0.052639,0.585108
8.247299,0.572327,0.965324,0.043637,0.079069,1.545574
8.251301,-0.719602,0.949550,-1.173128,0.210872,2.360484
8.255302,-1.581763,0.917286,-1.835172,0.343119,-3.009722
8.259304,-0.364118,0.868853,-0.742038,0.475516,-1.959155
8.263305,1.678292,0.804835,1.117779,0.608386,-0.924425
8.267307,2.236981,0.726074,1.770931,0.741465,0.010936
8.271309,1.757381,0.633676,1.077503,0.875021,0.964237
8.275310,-0.767291,0.529002,-0.926264,1.008838,2.045387
8.279312,-1.617181,0.413658,-1.956286,1.143114,-3.085430
8.283313,-0.704704,0.289482,-0.629496,1.277698,-1.954888
8.287315,0.993181,0.158518,0.808836,1.412707,-0.923226
8.291317,1.174271,0.022998,1.102088,1.548067,-0.000551
8.295318,0.663396,-0.114697,0.602945,1.683800,0.899934
8.299320,-0.124508,-0.252065,-0.186861,1.819916,1.790307
8.303321,-1.058856,-0.386535,-0.690527,1.956344,2.599593
8.307323,-1.002414,-0.515506,-0.853666,2.093173,-2.827895
8.311325,-0.943866,-0.636407,-0.222583,2.230246,-1.791292
8.315326,0.452106,-0.746751,0.801984,2.367725,-0.669970
8.319328,-0.059028,-0.844186,0.844780,2.505381,0.405561
8.323329,-0.618508,-0.926562,0.158603,2.643437,1.375879
8.327331,-1.660597,-0.991979,-0.525937,2.781606,2.307316
8.331333,-2.109190,-1.038845,-0.777272,2.920154,-3.035387
8.335334,-1.713285,-1.065922,-0.404914,3.058756,-2.081753
8.339336,-1.144461,-1.072368,0.469823,-3.085481,-1.030456
8.343337,-0.552314,-1.057771,0.908206,-2.946524,0.122229
8.347339,-1.359766,-1.022169,0.262729,-2.807268,1.216100
8.351341,-1.909289,-0.966060,-0.236107,-2.668036,1.962324
8.355342,-2.121992,-0.890404,-0.731376,-2.528561,2.696191
8.359344,-2.467815,-0.796607,-0.836343,-2.389130,-2.475162
8.363345,-0.651387,-0.686495,0.308544,-2.249521,-1.286078
8.367347,-0.361186,-0.562275,0.929238,-2.109967,-0.277821
8.371349,0.283368,-0.426488,0.896929,-1.970304,0.504873
8.375350,-0.723410,-0.281943,0.128873,-1.830694,1.475436
8.379352,-1.598792,-0.131656,-1.397426,-1.691049,2.632607
8.383353,-1.454423,0.021229,-1.279952,-1.551446,-2.499880
8.387355,0.598836,0.173509,0.125729,-1.411883,-1.485696
8.391357,1.759508,0.322007,1.267404,-1.272348,-0.573035
8.395358,2.338624,0.463649,1.521224,-1.132927,0.414972
8.399360,0.857239,0.595532,0.178136,-0.993518,1.466084
8.403361,-0.480600,0.714997,-1.231520,-0.854290,2.447779
8.407363,-0.712793,0.819686,-1.573202,-0.715059,-2.982300
8.411365,0.039510,0.907590,-0.931273,-0.576066,-2.098977
8.415366,2.268073,0.977089,1.033772,-0.437060,-1.079570
8.419368,3.573471,1.026981,2.418857,-0.298343,0.018976
8.423369,2.075979,1.056499,1.026372,-0.159615,1.138407
8.427371,-0.580271,1.065320,-1.396827,-0.021214,2.235250
8.431373,-1.340602,1.053554,-1.929171,0.117188,-3.044836
8.435374,-0.382227,1.021728,-1.028411,0.255241,-2.205013
8.439376,1.003959,0.970762,0.381400,0.393274,-1.368828
8.443377,2.701985,0.901931,2.047348,0.530951,-0.353195
8.447379,2.137090,0.816832,1.618415,0.668577,0.759226
8.451381,-0.408190,0.717338,-0.531434,0.805853,1.838349
8.455382,-1.720065,0.605545,-1.651641,0.943034,2.802729
8.459384,-1.747109,0.483730,-1.389110,1.079887,-2.567164
8.463385,-0.351176,0.354293,-0.046056,1.216598,-1.599419
8.467387,1.011657,0.219710,1.203012,1.353019,-0.633505
8.471389,1.145564,0.082487,1.378161,1.489252,0.265809
8.475390,0.409106,-0.054885,0.537961,1.625245,1.208136
8.479392,-1.472021,-0.189968,-1.034761,1.761004,2.276171
8.483393,-1.898951,-0.320414,-1.466993,1.896580,-2.883233
8.487395,-0.905535,-0.444004,-0.293326,2.031883,-1.796871
8.491397,0.178333,-0.558673,0.761297,2.167065,-0.799934
8.495398,0.328063,-0.662539,0.940066,2.301946,0.123793
8.499400,-0.200979,-0.753920,0.461955,2.436774,1.016166
8.503401,-1.109297,-0.831360,-0.308453,2.571286,1.929741
8.507403,-1.695472,-0.893640,-0.879482,2.705810,2.927266
8.511405,-1.583038,-0.939794,-0.577094,2.840020,-2.307373
8.515406,-0.645338,-0.969119,0.186086,2.974299,-1.322743
8.519408,-0.357200,-0.981186,0.632805,3.108284,-0.454402
8.523409,-0.209297,-0.975841,0.672625,-3.040797,0.430438
8.527411,-0.794196,-0.953214,0.150392,-2.906948,1.380734
8.531413,-1.719095,-0.913713,-0.613620,-2.772940,2.349614
8.535414,-1.823864,-0.858023,-0.960359,-2.639133,-2.892270
8.539416,-1.400008,-0.787105,-0.192430,-2.505142,-1.755145
8.543417,-0.002194,-0.702178,0.765760,-2.371285,-0.632109
8.547419,-0.402090,-0.604713,0.755492,-2.237234,0.265683
8.551421,-0.392252,-0.496406,0.477563,-2.103240,0.979355
8.555422,-1.395980,-0.379162,-0.402402,-1.969056,1.940752
8.559424,-2.114441,-0.255060,-1.253599,-1.834846,3.030632
8.563425,-1.359090,-0.126326,-0.803102,-1.700464,-2.235904
8.567427,-0.086992,0.004705,0.404823,-1.565977,-1.287770
8.571429,1.497913,0.135634,1.676986,-1.431349,-0.244103
8.575430,1.035983,0.264040,1.194714,-1.296541,0.895345
8.579432,-0.884657,0.387528,-0.822344,-1.161632,2.023988
8.583433,-1.543760,0.503781,-1.736084,-1.026476,3.053882
8.587435,-0.768847,0.610599,-1.117232,-0.891265,-2.282752
8.591437,1.237343,0.705955,0.466377,-0.755757,-1.307588
8.595438,2.681991,0.788035,1.758658,-0.620244,-0.283952
8.599440,2.305751,0.855277,1.332864,-0.484404,0.716545
8.603441,0.949571,0.906416,-0.109481,-0.348611,1.634834
8.607443,-0.702128,0.940501,-1.489431,-0.212481,2.521068
8.611445,-0.784014,0.956926,-1.974179,-0.076445,-2.783693
8.615446,0.619411,0.955435,-0.293449,0.059915,-1.697476
8.619448,3.370395,0.936129,1.925646,0.196142,-0.575649
8.623449,2.725313,0.899464,1.797348,0.332652,0.489164
8.627451,1.322897,0.846240,0.270007,0.468996,1.417217
8.631453,-0.691135,0.777577,-1.107556,0.605558,2.266178
8.635454,-1.455817,0.694892,-1.855799,0.741929,-3.082911
8.639456,-0.728418,0.599856,-0.903641,0.878435,-2.059316
8.643457,1.229521,0.494361,0.961351,1.014738,-1.024667
8.647459,1.907989,0.380472,1.700468,1.151080,-0.033251
8.651461,1.017964,0.260385,0.975327,1.287218,0.903733
8.655462,-0.637855,0.136379,-0.380315,1.423285,1.820827
8.659464,-2.039618,0.010767,-1.468432,1.559156,2.776203
8.663465,-2.057403,-0.114146,-1.272548,1.694844,-2.482995
8.667467,-0.542708,-0.236114,0.260168,1.830354,-1.404414
8.671469,0.561675,-0.352986,1.357939,1.965577,-0.309599
8.675470,0.206825,-0.462743,0.883219,2.100651,0.747695
8.679472,-0.908112,-0.563530,-0.141672,2.235349,1.712930
8.683473,-1.531454,-0.653677,-0.782392,2.369935,2.611735
8.687475,-1.738842,-0.731729,-0.826469,2.504078,-2.719684
8.691477,-0.997598,-0.796458,-0.104372,2.638149,-1.685937
8.695478,-0.233517,-0.846875,0.713681,2.771737,-0.626146
8.699480,-0.142969,-0.882243,0.770401,2.905296,0.422841
8.703481,-0.797494,-0.902076,0.085000,3.038365,1.466639
8.707483,-1.490788,-0.906139,-0.633178,-3.111736,2.505565
8.711485,-1.475541,-0.894451,-0.708158,-2.979117,-2.779166
8.715486,-0.906319,-0.867276,-0.188874,-2.846441,-1.817166
8.719488,-0.065096,-0.825117,0.587849,-2.714173,-0.798478
8.723489,0.161884,-0.768709,0.830732,-2.581812,0.307164
8.727491,-0.583084,-0.699004,0.125559,-2.449772,1.408875
8.731493,-1.137537,-0.617158,-0.404201,-2.317609,2.303451
8.735494,-1.320609,-0.524523,-0.579726,-2.185658,2.863933
8.739496,-1.348150,-0.422625,-0.750384,-2.053563,-2.615628
8.743497,-0.596495,-0.313146,0.019523,-1.921556,-1.553505
8.747499,0.690134,-0.197907,1.128005,-1.789396,-0.463492
8.751501,0.470513,-0.078839,1.121230,-1.657193,0.556761
8.755502,-0.429501,0.042039,0.054417,-1.524836,1.532685
8.759504,-1.916350,0.162652,-1.312111,-1.392306,2.546229
8.763505,-1.725046,0.280900,-1.507463,-1.259632,-2.681258
8.767507,-0.146633,0.394688,-0.120023,-1.126662,-1.642903
8.771509,1.592322,0.501967,1.251163,-0.993569,-0.678214
8.775510,2.058107,0.600767,1.599626,-0.860079,0.231383
8.779512,1.143740,0.689241,0.681979,-0.726491,1.182102
8.783513,-0.691475,0.765700,-1.155954,-0.592427,2.208186
8.787515,-1.473998,0.828650,-1.941835,-0.458292,-3.025554
8.791517,-0.143943,0.876823,-0.818725,-0.323626,-2.026167
8.795518,1.693624,0.909207,0.827994,-0.188917,-1.100444
8.799520,2.904843,0.925075,1.922223,-0.053657,-0.158155
8.803521,2.344578,0.924006,1.344259,0.081620,0.866409
8.807523,0.132725,0.905897,-0.699785,0.217432,1.917816
8.811525,-1.072519,0.870977,-1.890559,0.353235,2.912568
8.815526,-0.682467,0.819799,-1.455014,0.489525,-2.433183
8.819528,1.224277,0.753240,0.240378,0.625790,-1.450679
8.823529,2.759213,0.672480,1.864160,0.762461,-0.398023
8.827531,2.497750,0.578986,1.502428,0.899095,0.644542
8.831533,0.316677,0.474480,-0.069795,1.036024,1.611348
8.835534,-1.051190,0.360909,-1.418061,1.172907,2.567272
8.839536,-1.889189,0.240399,-1.486183,1.309953,-2.681818
8.843537,-0.290887,0.115213,-0.089934,1.446952,-1.631691
8.847539,0.264289,-0.012300,0.954219,1.583973,-0.701768
8.851541,0.693477,-0.139750,1.219263,1.720953,0.138317
8.855542,-0.264601,-0.264757,0.571556,1.857817,1.139480
8.859544,-1.915992,-0.384994,-0.913433,1.994654,2.299857
8.863545,-2.135803,-0.498237,-1.077106,2.131244,-2.805439
8.867547,-1.494844,-0.602403,-0.172897,2.267827,-1.787580
8.871549,-0.640245,-0.695591,0.305940,2.404053,-1.062148
8.875550,-0.614846,-0.776112,0.635557,2.540296,-0.261794
8.879552,-0.152066,-0.842516,0.495081,2.676105,0.706590
8.883553,-1.119487,-0.893613,-0.002037,2.811959,1.574204
8.887555,-1.015249,-0.928490,-0.483263,2.947336,2.374969
8.891557,-1.755797,-0.946526,-0.806292,3.082787,-2.890954
8.895558,-0.720940,-0.947394,-0.153125,-3.065430,-1.740480
8.899560,0.000934,-0.931068,0.689830,-2.930364,-0.627538
8.903561,-0.041176,-0.897818,0.728571,-2.795747,0.332865
8.907563,-0.256409,-0.848206,0.295587,-2.661013,1.191096
8.911565,-1.520144,-0.783076,-0.492430,-2.526660,2.121501
8.915566,-1.604241,-0.703542,-1.123777,-2.392177,-3.116399
8.919568,-1.527037,-0.610973,-0.521008,-2.257982,-1.995739
8.923569,0.425176,-0.506969,0.838410,-2.123653,-0.864214
8.927571,0.379011,-0.393343,1.197187,-1.989496,0.194289
8.931573,0.004045,-0.272089,0.494841,-1.855211,1.137856
8.935574,-1.186767,-0.145351,-0.598111,-1.720966,2.065572
8.939576,-1.720929,-0.015392,-1.359440,-1.586606,3.050055
8.943577,-1.008392,0.115441,-0.911814,-1.452151,-2.261503
8.947579,0.488997,0.244763,0.373963,-1.317601,-1.329612
8.951581,1.992597,0.370184,1.717743,-1.182824,-0.341912
8.955582,1.816389,0.489362,1.528264,-1.047978,0.732244
8.959584,-0.327494,0.600040,-0.542980,-0.912784,1.828098
8.963585,-1.765241,0.700095,-2.024287,-0.777547,2.889885
8.967587,-0.979553,0.787576,-1.443695,-0.641857,-2.370810
8.971589,1.016591,0.860744,0.377682,-0.506148,-1.372954
8.975590,2.734643,0.918114,1.674416,-0.369912,-0.411183
8.979592,2.472381,0.958485,1.559304,-0.233680,0.519564
8.983593,1.287766,0.980976,0.178107,-0.096881,1.473283
8.987595,-0.611280,0.985046,-1.402007,0.039894,2.450079
8.991597,-0.864157,0.970509,-1.733815,0.177240,-2.901984
8.995598,0.177539,0.937545,-0.786051,0.314551,-1.997025
8.999600,2.044170,0.886701,1.176672,0.452401,-0.992130
9.003601,3.415210,0.818881,2.260870,0.590209,0.115184
9.007603,1.314052,0.735340,0.715305,0.728482,1.228790
9.011605,-0.398268,0.637655,-1.150588,0.866712,2.246796
9.015606,-1.453434,0.527696,-1.660581,1.005298,3.139851
9.019608,-0.646079,0.407588,-1.056094,1.143843,-2.241528
9.023609,0.904805,0.279666,0.585739,1.282609,-1.234426
9.027611,2.051073,0.146427,1.696442,1.421342,-0.167135
9.031613,1.289693,0.010476,0.962895,1.560140,0.880815
9.035614,-0.412691,-0.125527,-0.308346,1.698913,1.818917
9.039616,-1.260127,-0.258925,-0.996403,1.837580,2.620778
9.043617,-1.911819,-0.387123,-1.192615,1.976227,-2.801701
9.047619,-1.090279,-0.507642,-0.282371,2.114600,-1.770619
9.051621,0.264354,-0.618178,1.178596,2.252953,-0.641090
9.055622,0.097855,-0.716640,1.193560,2.390878,0.522812
9.059624,-1.131363,-0.801203,-0.131356,2.528782,1.684616
9.063625,-2.175349,-0.870333,-0.783977,2.666127,2.777539
9.067627,-1.605206,-0.922822,-0.486157,2.803445,-2.694954
9.071629,-1.770386,-0.957806,-0.319444,2.940106,-2.232643
9.075630,-0.869349,-0.974773,0.131427,3.076727,-1.384957
9.079632,-0.398728,-0.973572,0.795997,-3.070552,-0.292517
9.083633,-0.208841,-0.954401,0.583755,-2.934701,0.792733
9.087635,-1.085215,-0.917796,-0.162090,-2.799576,1.770008
9.091637,-1.483307,-0.864611,-0.837912,-2.664525,2.739865
9.095638,-1.431650,-0.795994,-0.802003,-2.530166,-2.442457
9.099640,-0.118341,-0.713354,0.343724,-2.395904,-1.251696
9.103641,0.674138,-0.618332,0.992819,-2.262259,-0.079211
9.107643,0.156467,-0.512758,0.485756,-2.128733,0.935250
9.111645,-0.240831,-0.398616,-0.120225,-1.995710,1.727993
9.115646,-0.988623,-0.278006,-0.797468,-1.862828,2.609600
9.119648,-0.808853,-0.153104,-0.925075,-1.730303,-2.598919
9.123649,0.152492,-0.026124,0.080739,-1.597941,-1.496306
9.127651,1.149172,0.100717,0.849838,-1.465768,-0.530468
9.131653,1.156730,0.225233,0.976545,-1.333776,0.258141
9.135654,0.758256,0.345306,0.531695,-1.201796,1.135608
9.139656,-0.607333,0.458915,-0.863512,-1.070006,2.172021
9.143657,-1.264780,0.564162,-1.654248,-0.938052,-3.052392
9.147659,-0.098618,0.659295,-0.810026,-0.806288,-2.053938
9.151661,1.794659,0.742739,0.923592,-0.674195,-1.067726
9.155662,3.058750,0.813110,2.107277,-0.542288,-0.015478
9.159664,1.920920,0.869239,1.026160,-0.409913,1.072071
9.163665,-0.466945,0.910185,-1.044317,-0.277708,2.112410
9.167667,-1.251816,0.935253,-1.928885,-0.144925,3.077829
9.171669,-0.652157,0.943998,-1.188799,-0.012287,-2.228094
9.175670,1.632829,0.936236,0.692809,0.121001,-1.196449
9.179672,2.658381,0.912049,1.660666,0.254181,-0.203835
9.183673,2.367100,0.871789,1.234011,0.388032,0.661846
9.187675,1.077402,0.816074,0.042130,0.521815,1.545874
9.191677,-0.680414,0.745791,-1.568006,0.656240,2.583100
9.195678,-0.749436,0.662078,-1.543491,0.790641,-2.603124
9.199680,0.819638,0.566315,-0.018637,0.925608,-1.582589
9.203681,1.875631,0.460104,1.120640,1.060601,-0.696812
9.207683,2.410065,0.345247,1.545388,1.196039,0.220785
9.211685,0.984836,0.223720,0.477882,1.331552,1.292461
9.215686,-0.821437,0.097644,-1.317328,1.467355,2.447386
9.219688,-1.260211,-0.030754,-1.335219,1.603275,-2.700090
9.223689,-0.035266,-0.159179,-0.149232,1.739306,-1.699846
9.227691,0.531574,-0.285310,0.631581,1.875494,-0.892154
9.231693,0.948453,-0.406842,1.098581,2.011607,-0.032989
9.235694,0.362729,-0.521534,0.647577,2.147908,1.012391
9.239696,-1.264234,-0.627247,-0.663618,2.283954,2.138452
9.243697,-1.787551,-0.721991,-1.135114,2.420210,-3.018349
9.247699,-1.318996,-0.803965,-0.344764,2.556050,-1.923163
9.251701,-0.375700,-0.871597,0.530110,2.692107,-0.886485
9.255702,-0.323874,-0.923573,0.716077,2.827622,0.064966
9.259704,-0.720396,-0.958870,0.362067,2.963349,1.001882
9.263705,-1.314307,-0.976772,-0.274508,3.098450,2.019129
9.267707,-1.762068,-0.976889,-0.519033,-3.049438,3.015420
9.271709,-1.380881,-0.959163,-0.362998,-2.914806,-2.570222
9.275710,-1.373082,-0.923872,-0.179749,-2.780007,-1.896678
9.279712,-0.429262,-0.871621,0.499502,-2.645860,-0.850819
9.283713,-0.195530,-0.803331,0.792144,-2.511588,0.283590
9.287715,-0.530656,-0.720217,0.227569,-2.377906,1.277502
9.291717,-1.057726,-0.623765,-0.431545,-2.244145,2.106660
9.295718,-1.282367,-0.515699,-1.053229,-2.110869,3.031174
9.299720,-0.770010,-0.397951,-0.755610,-1.977566,-2.207471
9.303721,1.025013,-0.272620,0.574415,-1.844604,-1.151164
9.307723,1.870719,-0.141932,1.502089,-1.711665,-0.114418
9.311725,1.522978,-0.008204,0.960078,-1.578895,0.917027
9.315726,-0.197147,0.126206,-0.538148,-1.446191,1.917256
9.319728,-1.190964,0.258927,-1.552499,-1.313462,2.853365
9.323729,-0.824063,0.387621,-1.408382,-1.180835,-2.478987
9.327731,0.725415,0.510015,0.253723,-1.047983,-1.440580
9.331733,2.766838,0.623937,1.803169,-0.915258,-0.387965
9.335734,2.059043,0.727350,1.572016,-0.782120,0.570021
9.339736,0.966819,0.818383,0.185236,-0.649121,1.477166
9.343737,-1.407544,0.895362,-1.767586,-0.515540,2.488520
9.347739,-1.464603,0.956830,-2.079630,-0.382094,-2.705236
9.351741,0.505449,1.001575,-0.197633,-0.247930,-1.663773
9.355742,2.368728,1.028648,1.472207,-0.113883,-0.743477
9.359744,3.049347,1.037385,2.088228,0.020972,0.174431
9.363745,1.694176,1.027425,0.828831,0.155737,1.199109
9.367747,-0.842383,0.998721,-1.452937,0.291346,2.265337
9.371749,-1.462646,0.951549,-2.103383,0.426904,-2.987129
9.375750,-0.296287,0.886512,-0.829522,0.563286,-2.001856
9.379752,1.788616,0.804537,0.942530,0.699669,-1.042589
9.383754,2.655509,0.706875,1.796863,0.836799,-0.116548
9.387755,2.195465,0.595085,1.297207,0.973985,0.814851
9.391757,0.202562,0.471023,-0.557141,1.111786,1.843927
9.395758,-1.563147,0.336814,-2.093139,1.249697,2.975455
9.399760,-0.615251,0.194821,-1.053596,1.388046,-2.148385
9.403762,1.101524,0.047609,0.757544,1.526560,-1.062206
9.407763,1.449190,-0.102102,1.215899,1.665306,-0.139364
9.411765,1.004027,-0.251484,0.856407,1.804265,0.692946
9.415766,-0.272950,-0.397654,-0.033296,1.943236,1.601063
9.419768,-1.246577,-0.537737,-0.868600,2.082458,2.546452
9.423770,-1.727629,-0.668922,-0.964124,2.221475,-2.847738
9.427771,-1.130991,-0.788527,-0.399501,2.360768,-1.946853
9.431773,-0.105841,-0.894062,0.769604,2.499659,-0.894392
9.435774,0.362564,-0.983285,1.210691,2.638838,0.291380
9.439776,-0.870376,-1.054258,0.053920,2.777453,1.521981
9.443778,-1.860692,-1.105395,-0.708428,2.916350,2.677935
9.447779,-1.653197,-1.135504,-0.469417,3.054568,-2.789683
9.451781,-1.842359,-1.143821,-0.340999,-3.090145,-2.286809
9.455782,-1.255821,-1.130033,0.157502,-2.952415,-1.350023
9.459784,-0.758619,-1.094293,0.837702,-2.814478,-0.197440
9.463786,-0.978762,-1.037217,0.486195,-2.677296,0.984879
9.467787,-1.796738,-0.959874,-0.414623,-2.539971,2.119514
9.471789,-1.838408,-0.863767,-0.636026,-2.403361,3.068676
9.475790,-1.380523,-0.750796,-0.532746,-2.266692,-2.606665
9.479792,-0.904071,-0.623217,-0.227076,-2.130652,-1.821605
9.483794,0.613218,-0.483585,0.951887,-1.994647,-0.720807
9.487795,0.962174,-0.334699,1.295672,-1.859146,0.461017
9.491797,-0.087942,-0.179535,-0.002369,-1.723784,1.572481
9.495798,-1.121586,-0.021172,-1.073907,-1.588770,2.509214
9.499800,-1.050252,0.137269,-1.437347,-1.453998,-2.892262
9.503802,0.114227,0.292701,-0.505043,-1.319400,-1.866149
9.507803,2.287167,0.442132,1.291199,-1.185146,-0.772071
9.511805,2.751042,0.582734,1.639748,-1.050885,0.232075
9.515806,1.776048,0.711896,0.768884,-0.917062,1.102332
9.519808,0.086816,0.827278,-0.925130,-0.783054,2.053333
9.523810,-1.401843,0.926847,-2.223275,-0.649557,-3.126442
9.527811,0.094352,1.008912,-0.892269,-0.515713,-1.999792
9.531813,2.095128,1.072145,1.036227,-0.382432,-0.990353
9.535814,2.884140,1.115595,1.811686,-0.248672,-0.102705
9.539816,2.365171,1.138699,1.278258,-0.115501,0.858489
9.543818,0.205275,1.141276,-0.640862,0.018239,1.901232
9.547819,-1.011424,1.123520,-1.787489,0.151392,2.882885
9.551821,-0.690594,1.085982,-1.501830,0.285156,-2.506529
9.555822,0.861347,1.029547,0.088867,0.418368,-1.528059
9.559824,2.934778,0.955410,1.969082,0.552180,-0.436003
9.563826,2.294927,0.865043,1.598067,0.685501,0.638121
9.567827,0.562050,0.760168,0.001778,0.819348,1.569789
9.571829,-1.142145,0.642720,-1.394846,0.952792,2.448550
9.575830,-1.779495,0.514809,-1.873455,1.086633,-2.820416
9.579832,-0.146724,0.378684,-0.300481,1.220180,-1.725269
9.583834,1.626257,0.236695,1.373031,1.353948,-0.670219
9.587835,1.801803,0.091259,1.508006,1.487548,0.296541
9.591837,0.815600,-0.055177,0.464045,1.621158,1.263791
9.595838,-1.002259,-0.200168,-1.023623,1.754730,2.316547
9.599840,-1.300058,-0.341306,-1.320366,1.888076,-2.858120
9.603842,-0.510697,-0.476257,-0.208116,2.021515,-1.755996
9.607843,0.363408,-0.602792,0.608657,2.154489,-0.739374
9.611845,0.240935,-0.718820,0.570559,2.287676,-0.002160
9.615846,0.086633,-0.822419,0.528063,2.420177,0.510821
9.619848,-0.252536,-0.911861,0.141595,2.552997,1.399155
9.623850,-1.493369,-0.985649,-0.789834,2.684946,2.501258
9.627851,-1.441812,-1.042534,-0.907988,2.817290,-2.662808
9.631853,-0.849219,-1.081544,-0.025935,2.948630,-1.596606
9.635854,0.180262,-1.102003,0.843500,3.080412,-0.572731
9.639856,0.013717,-1.103546,0.928493,-3.072067,0.464339
9.643858,-0.892370,-1.086134,0.018330,-2.940904,1.553685
9.647859,-2.029842,-1.050054,-0.937062,-2.810821,2.693100
9.651861,-1.718119,-0.995927,-0.682774,-2.680305,-2.446723
9.655862,-1.027617,-0.924700,0.066977,-2.550807,-1.464250
9.659864,-0.522983,-0.837633,0.295236,-2.420934,-0.976116
9.663866,-0.124314,-0.736283,0.791529,-2.291952,-0.246502
9.667867,0.188951,-0.622474,0.697313,-2.162687,0.889658
9.671869,-1.181385,-0.498267,-0.572381,-2.034125,2.070078
9.675870,-1.294561,-0.365920,-1.151495,-1.905400,3.122393
9.679872,-0.775511,-0.227848,-0.744762,-1.777139,-2.231988
9.683874,0.760182,-0.086569,0.488516,-1.648856,-1.220836
9.687875,2.022873,0.055339,1.555535,-1.520761,-0.100195
9.691877,1.254395,0.195297,0.807089,-1.392796,1.000301
9.695878,0.167459,0.330777,-0.491327,-1.264714,1.944917
9.699880,-0.611576,0.459351,-1.296195,-1.136915,2.766699
9.703882,-0.332264,0.578742,-1.407190,-1.008678,-2.596921
9.707883,1.260168,0.686867,0.010664,-0.880869,-1.565131
9.711885,3.277396,0.781878,1.751456,-0.752306,-0.498350
9.715886,3.015768,0.862199,1.669830,-0.624296,0.552500
9.719888,1.364322,0.926556,0.061838,-0.495233,1.537079
9.723890,-0.467319,0.973994,-1.337150,-0.366818,2.426749
9.727891,-0.905880,1.003891,-1.893390,-0.237083,-2.970278
9.731893,-0.004621,1.015964,-0.850943,-0.108046,-1.970734
9.735894,2.596041,1.010264,1.483991,0.022524,-0.879907
9.739896,3.313300,0.987170,2.201314,0.152395,0.220110
9.743898,1.527087,0.947377,0.614131,0.283930,1.268816
9.747899,-0.323674,0.891871,-1.215839,0.414822,2.268712
9.751901,-1.394460,0.821908,-1.736624,0.547412,-3.033196
9.755902,-0.219263,0.738980,-0.798649,0.679475,-2.086408
9.759904,0.701302,0.644780,0.616973,0.813154,-1.172778
9.763906,2.025171,0.541167,1.645595,0.946483,-0.210778
9.767907,1.030028,0.430130,1.179174,1.081213,0.841003
9.771909,-0.735336,0.313750,-0.624047,1.215825,1.938895
9.775910,-2.138484,0.194160,-1.572995,1.351481,3.018280
9.779912,-1.387318,0.073508,-0.873348,1.487291,-2.233757
9.783914,-0.200441,-0.046082,0.447683,1.623661,-1.216248
9.787915,0.655704,-0.162543,1.133637,1.760484,-0.185112
9.791917,0.144111,-0.273899,0.671401,1.897275,0.824068
9.795918,-0.624684,-0.378291,-0.165426,2.034824,1.769451
9.799920,-1.283419,-0.474009,-0.661780,2.171680,2.666541
9.803922,-1.184695,-0.559517,-0.625100,2.309578,-2.711570
9.807923,-0.917446,-0.633474,-0.158928,2.446107,-1.828223
9.811925,-0.280666,-0.694760,0.295755,2.583920,-1.064133
9.815926,-0.176579,-0.742489,0.723187,2.719734,-0.248644
9.819928,-0.035955,-0.776027,0.671156,2.857011,0.782559
9.823930,-1.538515,-0.795001,-0.380135,2.991765,1.929804
9.827931,-2.043244,-0.799310,-1.101900,3.128076,3.106236
9.831933,-1.716561,-0.789128,-0.445250,-3.021691,-2.031412
9.835934,-0.613209,-0.764905,0.440686,-2.886723,-1.013935
9.839936,-0.458030,-0.727360,0.745144,-2.754826,-0.190055
9.843938,-0.482532,-0.677471,0.678289,-2.621502,0.670338
9.847939,-1.301429,-0.616456,-0.137360,-2.491217,1.709019
9.851941,-2.134415,-0.545752,-0.944638,-2.359748,2.795900
9.855942,-1.767421,-0.466987,-0.751205,-2.231078,-2.536182
9.859944,-1.129144,-0.381946,-0.188212,-2.101598,-1.763795
9.863946,0.077293,-0.292532,0.875716,-1.974471,-0.834050
9.867947,0.844967,-0.200724,1.554053,-1.847045,0.282672
9.871949,-0.422364,-0.108527,0.232413,-1.721328,1.438578
9.875950,-1.919136,-0.017926,-1.454084,-1.595959,2.557455
9.879952,-1.602605,0.069164,-1.450745,-1.471466,-2.678505
9.883954,-0.086512,0.150945,-0.247371,-1.348108,-1.737540
9.887955,1.556846,0.225782,0.943413,-1.224607,-0.889569
9.891957,2.380793,0.292247,1.717967,-1.103177,-0.001660
9.895958,1.871925,0.349159,1.063593,-0.980383,1.012701
9.899960,-0.374367,0.395606,-1.087569,-0.860743,2.100836
9.903962,-1.379993,0.430977,-2.084183,-0.738277,-3.125449
9.907963,-0.134732,0.454961,-1.121576,-0.620200,-2.163227
9.911965,1.670426,0.467559,0.744456,-0.497531,-1.208715
9.915966,3.459843,0.469073,2.173082,-0.380640,-0.177875
9.919968,2.285405,0.460089,1.385808,-0.256972,0.873661
9.923970,0.321727,0.441455,-0.591379,-0.140604,1.869588
9.927971,-1.267280,0.414248,-1.822936,-0.014618,2.800920
9.931973,-1.100832,0.379727,-1.629334,0.102538,-2.525296
9.935974,0.804867,0.339293,0.168855,0.233277,-1.487435
9.939976,2.238381,0.294432,1.709832,0.354052,-0.434392
9.943978,2.088685,0.246674,1.415427,0.494556,0.545239
9.947979,0.284135,0.197535,0.187535,0.625844,1.446113
9.951981,-0.967661,0.148474,-1.038753,0.788078,2.344904
9.955982,-2.131720,0.100844,-1.502331,0.949984,-2.969558
9.959984,-0.938327,0.055854,-0.527583,1.168923,-1.930019
9.963986,0.033624,0.014535,0.860507,1.436029,-0.900792
9.967987,0.897575,-0.022284,1.295273,1.828444,0.094645
9.971989,-0.248560,-0.053991,0.520030,2.422052,1.139689
9.975990,-1.100692,-0.080195,-0.668701,2.951049,2.213139
9.979992,-1.844228,-0.100725,-0.960878,-2.833424,-3.040352
9.983994,-0.965116,-0.115620,-0.372287,-2.602464,-2.032897
9.987995,-0.640869,-0.125107,0.324749,-2.352688,-1.095477
9.991997,-0.104421,-0.129581,0.661818,-2.238582,-0.204431
9.995998,-0.626767,-0.129572,0.403285,-2.074048,0.838642
10.000000,-1.106272,-0.125711,-0.001939,-2.025144,1.576554
