time_s,eeg_uv,theta_filtered,gamma_filtered,theta_phase_rad,gamma_phase_rad
0.000000,14.437189,-0.082689,0.000291,1.772656,-1.569615
0.004002,14.432412,-0.163894,0.597961,1.908523,-0.544256
0.008003,13.365835,-0.241009,0.677018,2.052006,0.761459
0.012005,12.269677,-0.313129,-0.435280,2.172063,2.016822
0.016006,10.453414,-0.379481,-0.981056,2.298127,-2.830039
0.020008,12.207114,-0.439435,0.394768,2.408887,-1.112253
0.024010,11.154840,-0.492502,0.385260,2.524928,0.884403
0.028011,10.699219,-0.538332,-0.421560,2.629341,-2.895603
0.032013,10.723360,-0.576712,0.485319,2.738335,-0.633119
0.036014,10.740395,-0.607552,0.365764,2.837965,1.055082
0.040016,8.875110,-0.630875,-0.579428,2.941533,2.539423
0.044018,9.039255,-0.646801,-0.422429,3.037369,-2.447933
0.048019,8.587024,-0.655537,0.060910,3.136569,-1.451290
0.052021,9.123444,-0.657358,0.665739,-3.053846,-0.283241
0.056022,8.047135,-0.652589,0.360238,-2.958219,1.140314
0.060024,6.715987,-0.641598,-0.780059,-2.867915,2.633954
0.064026,6.617559,-0.624775,-0.419598,-2.775191,-2.113562
0.068027,7.304904,-0.602524,0.585565,-2.686807,-0.491132
0.072029,6.652557,-0.575251,0.128900,-2.596373,1.277511
0.076030,5.934883,-0.543353,-0.206444,-2.509377,-2.770691
0.080032,6.232064,-0.507217,0.246549,-2.420638,0.039662
0.084034,5.526388,-0.467208,-0.160165,-2.334489,2.033097
0.088035,5.084074,-0.423671,-0.282822,-2.246845,-2.409793
0.092037,5.624313,-0.376930,0.305714,-2.160989,-0.404730
0.096038,4.631936,-0.327289,-0.105393,-2.073835,1.924858
0.100040,4.811610,-0.275037,-0.185905,-1.987708,-2.038490
0.104042,4.777908,-0.220450,0.589954,-1.900440,-0.116921
0.108043,4.724479,-0.163800,-0.012497,-1.813483,1.588173
0.112045,3.169760,-0.105363,-0.731580,-1.725507,-3.035562
0.116046,4.795449,-0.045422,0.163054,-1.637177,-1.321671
0.120048,4.511011,0.015718,0.500923,-1.547925,0.494169
0.124050,4.229563,0.077730,-0.400552,-1.457715,2.384811
0.128051,3.996202,0.140251,-0.303695,-1.366660,-2.056312
0.132053,5.301756,0.202878,0.767243,-1.274106,-0.320317
0.136054,4.589606,0.265162,0.191470,-1.180768,1.354013
0.140056,3.543890,0.326603,-0.784144,-1.085464,3.008843
0.144058,4.150179,0.386644,-0.016890,-0.989422,-1.603911
0.148059,4.218921,0.444672,0.122325,-0.891027,0.390251
0.152061,3.579265,0.500013,-0.103395,-0.791931,-1.926779
0.156062,4.364447,0.551939,0.573901,-0.690189,-0.295528
0.160064,3.476032,0.599673,0.295013,-0.587776,1.145383
0.164066,3.016961,0.642398,-0.473610,-0.482526,2.374492
0.168067,2.425500,0.679270,-0.595641,-0.376633,-2.942635
0.172069,3.109633,0.709433,-0.276693,-0.267824,-1.990793
0.176070,3.665481,0.732046,0.466106,-0.158402,-0.911439
0.180072,4.077401,0.746300,0.764400,-0.046100,0.185998
0.184074,3.615106,0.751451,0.273215,0.066779,1.202844
0.188075,2.658499,0.746845,-0.458696,0.182390,2.166632
0.192077,2.439351,0.731950,-0.950684,0.298540,-3.006198
0.196078,2.909475,0.706384,-0.156501,0.417171,-1.725784
0.200080,4.251342,0.669937,0.792976,0.536302,-0.417539
0.204082,3.727402,0.622603,0.471974,0.657579,0.666998
0.208083,3.550981,0.564592,0.141874,0.779315,1.313688
0.212085,2.849465,0.496349,-0.561070,0.902792,2.324478
0.216086,2.318973,0.418555,-0.875860,1.026691,-2.603114
0.220088,3.683982,0.332135,0.386948,1.151887,-1.178866
0.224090,3.712637,0.238239,0.839163,1.277468,0.144236
0.228091,3.065972,0.138236,0.217975,1.403892,1.272358
0.232093,1.713450,0.033683,-0.650821,1.530668,2.508185
0.236094,1.749049,-0.073703,-0.498863,1.657844,-2.200984
0.240096,2.449025,-0.182084,0.729422,1.785343,-0.307432
0.244098,1.508557,-0.289541,-0.236333,1.912840,1.909352
0.248099,0.752340,-0.394122,-0.442945,2.040634,-2.117641
0.252101,2.337555,-0.493888,1.042730,2.168082,-0.088760
0.256102,0.725076,-0.586959,-0.220186,2.295804,1.778053
0.260104,0.056381,-0.671564,-0.757178,2.422907,-2.750330
0.264106,0.923199,-0.746076,0.100068,2.550259,-1.283704
0.268107,0.404027,-0.809061,-0.008910,2.676796,-1.597997
0.272109,1.282362,-0.859301,0.748367,2.803557,-0.237813
0.276110,0.390732,-0.895828,0.195287,2.929383,1.365537
0.280112,-0.632943,-0.917939,-0.803309,3.055406,2.975847
0.284114,0.110567,-0.925209,-0.081020,-3.102737,-1.753556
0.288115,0.227050,-0.917498,0.067828,-2.977529,-0.687459
0.292117,0.317018,-0.894946,-0.015625,-2.853280,-1.737593
0.296118,0.425537,-0.857965,-0.026448,-2.728895,-1.675211
0.300120,1.202661,-0.807221,0.695884,-2.605386,-0.420283
0.304122,1.144439,-0.743615,0.547667,-2.481770,1.150880
0.308123,-0.829048,-0.668258,-1.613633,-2.358893,2.802338
0.312125,0.169105,-0.582443,-0.355332,-2.235934,-1.783078
0.316126,2.379576,-0.487616,1.260470,-2.113535,-0.020572
0.320128,0.210585,-0.385346,-0.248821,-1.991073,1.990106
0.324130,1.351809,-0.277298,0.206450,-1.868960,-1.052207
0.328131,0.827232,-0.165197,0.324040,-1.746793,1.168564
0.332133,-0.128706,-0.050808,-0.964457,-1.624744,2.908604
0.336134,0.486878,0.064095,-0.159211,-1.502641,-1.754349
0.340136,1.199027,0.177748,0.590398,-1.380415,-0.201966
0.344138,0.803601,0.288423,0.052914,-1.258127,1.395987
0.348139,0.603013,0.394450,-0.061704,-1.135482,-2.098210
0.352141,1.086245,0.494228,0.356543,-1.012757,0.242987
0.356142,0.796830,0.586254,-0.134091,-0.889456,1.781425
0.360144,-0.070980,0.669130,-0.810270,-0.766050,-3.057139
0.364146,1.125204,0.741584,-0.105955,-0.641877,-1.699069
0.368147,1.435747,0.802487,0.645816,-0.517570,-0.508004
0.372149,1.894794,0.850861,0.607596,-0.392343,0.514190
0.376150,0.703694,0.885899,-0.014261,-0.266949,1.590299
0.380152,0.493208,0.906979,-0.656315,-0.140530,2.783019
0.384154,0.317459,0.913672,-0.377794,-0.013910,-2.306244
0.388155,1.319120,0.905754,0.138467,0.113788,-1.207439
0.392157,1.163927,0.883219,0.223109,0.241722,-0.182132
0.396158,1.327516,0.846284,0.029527,0.370726,-0.201507
0.400160,1.527734,0.795396,0.273395,0.499995,-0.579347
0.404162,1.618873,0.731232,0.496688,0.630269,0.807605
0.408163,0.753180,0.654702,-0.674207,0.760830,2.278455
0.412165,-0.258753,0.566938,-0.950409,0.892277,-2.521072
0.416166,1.932841,0.469286,0.524811,1.024026,-1.070248
0.420168,1.085640,0.363289,0.842119,1.156500,0.315434
0.424170,1.011914,0.250667,-0.044387,1.289283,1.640875
0.428171,-0.456368,0.133292,-0.369189,1.422598,2.981183
0.432173,0.473411,0.013157,0.004120,1.556226,-1.534845
0.436174,-0.155408,-0.107658,-0.060374,1.690177,1.874283
0.440176,-0.397185,-0.227025,-0.402615,1.824440,-2.867347
0.444178,0.220915,-0.342806,0.054757,1.958821,-1.466569
0.448179,0.116257,-0.452895,0.494994,2.093507,-0.103046
0.452181,0.284954,-0.555260,0.109033,2.228125,1.256957
0.456182,-1.094715,-0.647986,-0.131293,2.363039,2.818285
0.460184,-0.120785,-0.729316,0.137641,2.497726,0.104694
0.464186,-1.504062,-0.797687,-0.035778,2.632695,1.675087
0.468187,-1.066299,-0.851771,-0.452876,2.767318,3.026155
0.472189,-1.530660,-0.890499,-0.158700,2.902204,-1.940983
0.476190,-0.321764,-0.913091,0.223804,3.036670,-0.654803
0.480192,-0.843452,-0.919073,0.041050,-3.111806,-0.690391
0.484194,-0.157409,-0.908287,0.269887,-2.977544,-0.597257
0.488195,-0.308143,-0.880901,0.382144,-2.843060,0.811181
0.492197,-0.962022,-0.837400,-0.408246,-2.709002,2.316120
0.496198,-1.207913,-0.778585,-0.324164,-2.574748,-2.338879
0.500200,-0.346546,-0.705554,0.258292,-2.440862,-0.284793
0.504202,-1.209965,-0.619683,-0.197164,-2.306808,2.312399
0.508203,-0.518373,-0.522595,-0.188636,-2.173033,-2.031049
0.512205,-0.546150,-0.416133,0.399912,-2.039122,-0.297713
0.516206,-0.063076,-0.302318,-0.041894,-1.905379,1.737942
0.520208,-0.832936,-0.183310,0.009041,-1.771535,-1.542993
0.524210,0.798204,-0.061361,0.671137,-1.637732,0.360404
0.528211,-0.886638,0.061226,-0.354124,-1.503864,1.924589
0.532213,-0.680455,0.182149,-1.067404,-1.369906,-2.923356
0.536214,0.044377,0.299150,-0.068545,-1.235917,-1.643252
0.540216,1.368170,0.410058,0.624808,-1.101712,-0.594815
0.544218,1.231681,0.512836,0.643234,-0.967506,0.317293
0.548219,0.898303,0.605617,0.159703,-0.832969,1.310572
0.552221,0.262733,0.686738,-0.284222,-0.698455,2.232520
0.556222,0.087870,0.754769,-0.351704,-0.563510,2.662630
0.560224,-0.178856,0.808537,-0.607149,-0.428603,-2.881540
0.564226,0.212912,0.847142,-0.104159,-0.293190,-1.697986
0.568227,1.173268,0.869969,0.731311,-0.157819,-0.436736
0.572229,0.740028,0.876695,0.478692,-0.021898,0.714667
0.576230,0.164475,0.867290,-0.016566,0.113986,1.604600
0.580232,-0.443555,0.842017,-0.396853,0.250428,2.486353
0.584234,-0.811082,0.801418,-0.454583,0.386846,-2.635116
0.588235,-0.291531,0.746304,0.101054,0.523797,-1.341485
0.592237,-0.348433,0.677742,0.313052,0.660743,-0.131258
0.596238,-0.276730,0.597029,0.172861,0.798162,0.822529
0.600240,-0.635347,0.505676,-0.113764,0.935600,1.959629
0.604242,-0.586231,0.405382,-0.326722,1.073416,-2.812344
0.608243,0.015685,0.298006,0.163538,1.211275,-1.071084
0.612245,0.092577,0.185535,0.203790,1.349390,0.865509
0.616246,-0.184752,0.070057,-0.305260,1.487566,2.866865
0.620248,-0.329000,-0.046279,-0.025918,1.625855,-1.648355
0.624250,0.317245,-0.161298,0.318331,1.764214,-0.280791
0.628251,-0.539553,-0.272841,0.274320,1.902534,0.801687
0.632253,-0.773340,-0.378804,-0.264670,2.040921,2.088164
0.636255,-1.737931,-0.477186,-0.521273,2.179114,-2.651061
0.640256,-0.814332,-0.566123,0.304075,2.317361,-0.878466
0.644258,-1.218714,-0.643937,0.045561,2.455271,1.420165
0.648259,-1.875149,-0.709170,-0.240621,2.593210,-2.240795
0.652261,-0.742560,-0.760616,0.529353,2.730689,-0.260273
0.656263,-1.991844,-0.797356,0.051057,2.868163,1.479048
0.660264,-1.970749,-0.818773,-0.423306,3.005080,3.098541
0.664266,-2.324866,-0.824570,-0.052719,-3.141241,-1.773119
0.668267,-1.713887,-0.814781,0.160718,-3.005000,-0.664784
0.672269,-2.002117,-0.789765,0.201596,-2.868868,0.647260
0.676271,-2.056438,-0.750195,-0.179020,-2.733397,2.162345
0.680272,-2.196714,-0.697045,-0.332525,-2.598101,-2.636982
0.684274,-1.382125,-0.631559,0.154311,-2.463474,-1.210919
0.688275,-0.911146,-0.555215,0.478354,-2.329092,0.261209
0.692277,-1.262739,-0.469691,-0.160433,-2.195362,1.894706
0.696279,-1.182096,-0.376815,-0.338237,-2.061950,-2.450302
0.700280,-0.247888,-0.278517,0.447292,-1.929147,-0.071585
0.704282,-0.671987,-0.176785,-0.377540,-1.796735,2.158627
0.708283,-0.845351,-0.073612,-0.547894,-1.664868,-2.208554
0.712285,0.872873,0.029046,0.883014,-1.533459,-0.399721
0.716287,0.090187,0.129317,0.106825,-1.402519,1.423609
0.720288,-0.444476,0.225449,-0.312703,-1.272094,-2.711776
0.724290,0.333893,0.315839,0.286287,-1.142050,0.476302
0.728291,-0.727166,0.399062,-0.432352,-1.012564,2.540024
0.732293,-0.226665,0.473888,-0.232287,-0.883365,-2.099365
0.736295,-0.104251,0.539294,0.057829,-0.754753,-1.280290
0.740296,0.228175,0.594469,0.244661,-0.626336,-1.056564
0.744298,0.976622,0.638818,0.869297,-0.498515,0.392974
0.748299,-0.421294,0.671951,-0.445181,-0.370804,1.957438
0.752301,-0.740576,0.693678,-1.050524,-0.243677,-2.771691
0.756303,0.285882,0.703996,0.226842,-0.116583,-1.288415
0.760304,0.769593,0.703071,0.381703,0.009962,-0.050141
0.764306,0.023115,0.691222,0.188029,0.136538,-0.261857
0.768307,0.705160,0.668901,0.436782,0.262623,0.345403
0.772309,-0.512791,0.636678,0.081718,0.388792,1.457844
0.776311,-0.734776,0.595224,-0.849411,0.514552,2.703251
0.780312,-1.286721,0.545290,-0.603893,0.640437,-2.232122
0.784314,0.588214,0.487697,0.484308,0.766015,-0.875339
0.788315,-0.004374,0.423325,0.355174,0.891748,0.086062
0.792317,0.433523,0.353103,0.443431,1.017293,0.178448
0.796319,-0.170919,0.278002,0.070123,1.143004,1.477766
0.800320,-1.073119,0.199033,-0.748555,1.268653,3.124344
0.804322,-0.341142,0.117239,0.183471,1.394468,-1.155600
0.808323,-0.608686,0.033696,-0.108091,1.520346,1.868551
0.812325,-1.127450,-0.050495,-0.357374,1.646377,-2.114262
0.816327,0.341114,-0.134210,0.827232,1.772592,-0.231851
0.820328,-0.735292,-0.216304,-0.013730,1.898940,1.589297
0.824330,-1.001260,-0.295621,-0.423111,2.025582,-2.853276
0.828331,-0.510464,-0.371002,0.077649,2.152330,-0.592431
0.832333,-1.030714,-0.441297,-0.202600,2.279462,-2.822691
0.836335,-0.534560,-0.505378,0.159082,2.406674,-1.038974
0.840336,-0.874261,-0.562159,0.189715,2.534337,0.317462
0.844338,-0.818445,-0.610613,0.249596,2.662054,0.221143
0.848339,-1.121489,-0.649797,0.051779,2.790266,1.493134
0.852341,-2.434004,-0.678873,-0.997992,2.918511,3.027226
0.856343,-1.366645,-0.697137,-0.162667,3.047268,-1.719672
0.860344,-0.870946,-0.704038,0.861792,-3.107139,-0.264172
0.864346,-1.004454,-0.699203,0.330034,-2.977853,0.874836
0.868347,-1.924568,-0.682455,0.140576,-2.848547,1.240001
0.872349,-1.906832,-0.653831,-0.394992,-2.718759,2.208424
0.876351,-2.764544,-0.613593,-0.641144,-2.588939,-2.809411
0.880352,-1.607820,-0.562234,-0.117934,-2.458681,-1.816838
0.884354,-1.463604,-0.500475,0.156289,-2.328369,-1.290457
0.888355,-0.470651,-0.429266,0.913375,-2.197674,-0.132651
0.892357,-0.711917,-0.349764,0.254441,-2.066891,1.342947
0.896359,-2.459357,-0.263318,-1.040738,-1.935787,2.904789
0.900360,-0.888046,-0.171445,-0.216030,-1.804553,-1.836923
0.904362,-0.903721,-0.075794,0.465181,-1.673062,-0.508104
0.908363,-0.252527,0.021881,0.407594,-1.541392,0.382836
0.912365,-0.824054,0.119761,0.056690,-1.409532,1.474490
0.916367,-1.231538,0.216006,-0.679780,-1.277444,2.883681
0.920368,-0.215125,0.308789,-0.175173,-1.145229,-1.851525
0.924370,0.050526,0.396343,0.369182,-1.012742,0.019874
0.928371,0.109856,0.476996,-0.390929,-0.880187,3.044321
0.932373,-0.105160,0.549208,0.263263,-0.747321,-1.285659
0.936375,1.570941,0.611606,1.340977,-0.614439,0.294631
0.940376,-1.011591,0.663012,-0.320323,-0.481219,1.780303
0.944378,-1.563751,0.702463,-1.287390,-0.348022,-3.112869
0.948379,-0.972626,0.729231,-0.302863,-0.214472,-1.949704
0.952381,0.021335,0.742833,0.150380,-0.080974,-1.284703
0.956383,0.122740,0.743040,0.445640,0.052874,-0.597352
0.960384,0.856090,0.729878,0.472474,0.186650,0.197515
0.964386,0.000351,0.703622,0.398460,0.320748,0.763984
0.968387,0.294954,0.664795,-0.144071,0.454760,1.747801
0.972389,-1.878382,0.614145,-0.946360,0.589049,3.003255
0.976391,-0.395065,0.552635,-0.384439,0.723246,-2.024785
0.980392,-0.852635,0.481415,0.436915,0.857660,-0.922065
0.984394,0.072769,0.401799,0.653035,0.991988,0.082220
0.988395,-1.040639,0.315243,0.237739,1.126460,1.161373
0.992397,-1.173480,0.223312,-0.236746,1.260863,2.121052
0.996399,-1.454388,0.127652,-0.391690,1.395331,2.660723
1.000400,-1.422128,0.029964,-0.605584,1.529755,-2.724138
1.004402,-0.839330,-0.068026,0.024823,1.664166,-1.539315
1.008403,0.156743,-0.164597,0.674330,1.798564,-0.430286
1.012405,-0.372642,-0.258055,0.639324,1.932874,0.484345
1.016407,-0.572607,-0.346766,0.053433,2.067204,1.504938
1.020408,-2.070499,-0.429178,-0.686820,2.201379,2.686904
1.024410,-1.448783,-0.503846,-0.453129,2.335603,-2.634541
1.028411,-1.836715,-0.569460,-0.358489,2.469617,-2.238475
1.032413,-0.682861,-0.624864,0.423141,2.603706,-1.135200
1.036415,-0.195965,-0.669078,1.186620,2.737546,0.316702
1.040416,-1.264016,-0.701318,-0.301602,2.871483,1.834896
1.044418,-2.310607,-0.721003,-0.803792,3.005154,-3.037012
1.048419,-1.145292,-0.727780,-0.274851,3.138935,-2.093290
1.052421,-1.380621,-0.721520,0.331723,-3.010737,-1.113848
1.056423,-0.044346,-0.702335,0.943137,-2.877108,0.412207
1.060424,-2.236787,-0.670572,-0.604713,-2.743729,2.140083
1.064426,-1.898720,-0.626811,-0.674733,-2.610239,-2.315015
1.068427,-0.611892,-0.571861,0.684486,-2.476968,-0.372459
1.072429,-1.414263,-0.506743,-0.081318,-2.343603,1.738561
1.076431,-1.289605,-0.432675,-0.244079,-2.210416,-2.389606
1.080432,-1.107398,-0.351050,0.154376,-2.077162,-0.587511
1.084434,-0.951481,-0.263409,0.085518,-1.944039,-0.505587
1.088435,-0.900112,-0.171409,0.247000,-1.810888,0.416665
1.092437,-1.007044,-0.076792,-0.061454,-1.677820,1.741713
1.096439,-1.294916,0.018653,-0.357623,-1.544772,2.872507
1.100440,-0.691571,0.113131,-0.306206,-1.411763,-2.392091
1.104442,-0.344076,0.204874,0.180616,-1.278833,-1.184324
1.108443,0.867759,0.292187,0.425853,-1.145907,0.165866
1.112445,-0.030609,0.373478,0.029216,-1.013124,1.455256
1.116447,0.992099,0.447300,0.002107,-0.880321,1.550187
1.120448,0.160709,0.512377,-0.114353,-0.747726,2.015050
1.124450,0.656534,0.567628,-0.407247,-0.615098,-3.067879
1.128451,0.282718,0.612188,-0.162410,-0.482738,-1.886143
1.132453,1.366171,0.645419,0.518572,-0.350343,-0.696301
1.136455,1.187417,0.666917,0.717631,-0.218267,0.564489
1.140456,0.357648,0.676512,-0.281830,-0.086166,1.863434
1.144458,-0.557376,0.674257,-1.018700,0.045578,-3.131034
1.148459,0.314280,0.660421,-0.291051,0.177328,-1.874031
1.152461,1.077931,0.635469,0.677372,0.308703,-0.648147
1.156463,1.045826,0.600044,0.546047,0.440057,0.524444
1.160464,0.130013,0.554941,0.062819,0.571035,1.386944
1.164466,0.205232,0.501087,0.068994,0.701963,1.381407
1.168467,-0.882733,0.439513,-0.502360,0.832538,2.317370
1.172469,-1.071983,0.371331,-0.919916,0.963036,-2.673285
1.176471,-0.272667,0.297710,0.275470,1.093230,-1.319831
1.180472,0.756489,0.219857,0.967151,1.223330,-0.003964
1.184474,-0.186458,0.138997,0.293943,1.353202,1.147672
1.188475,-0.560046,0.056363,-0.255222,1.482972,2.027545
1.192477,-0.954602,-0.026821,-0.622196,1.612609,3.006198
1.196479,-0.707820,-0.109345,-0.270486,1.742152,-2.009968
1.200480,0.340175,-0.190022,0.394017,1.871672,-0.624886
1.204482,-0.284555,-0.267698,0.179447,2.001118,0.616269
1.208483,0.368951,-0.341249,0.155145,2.130661,0.293666
1.212485,-0.479641,-0.409593,0.023368,2.260162,1.509272
1.216487,-0.282888,-0.471696,-0.477212,2.389878,-3.097746
1.220488,-0.462680,-0.526577,0.165364,2.519594,-1.178270
1.224490,-0.063329,-0.573321,0.146849,2.649630,1.155548
1.228491,-1.149952,-0.611091,-0.436241,2.779715,-2.717286
1.232493,-0.414694,-0.639143,0.475080,2.910210,-0.749143
1.236495,-0.259830,-0.656842,0.397187,3.040805,0.927462
1.240496,-1.712151,-0.663679,-0.308677,-3.111306,2.238889
1.244498,-0.960511,-0.659293,-0.476420,-2.980075,2.977567
1.248499,-1.674801,-0.643484,-0.414801,-2.848318,-2.167502
1.252501,0.236574,-0.616234,0.669660,-2.716347,-0.655140
1.256503,-0.313957,-0.577721,0.354773,-2.583823,0.989620
1.260504,-0.967123,-0.528330,-0.223900,-2.451022,2.786066
1.264506,-0.252576,-0.468659,0.101961,-2.317659,0.941774
1.268507,-1.550734,-0.399528,-0.365986,-2.183959,2.865914
1.272509,-0.549667,-0.321972,0.011381,-2.049705,-1.537854
1.276511,-1.148130,-0.237239,0.103867,-1.915057,0.664273
1.280512,-0.814853,-0.146772,0.012238,-1.779881,-1.520131
1.284514,-0.212112,-0.052189,0.569419,-1.644263,0.411703
1.288515,-1.162025,0.044744,-0.478250,-1.508160,2.100903
1.292517,-1.085230,0.142147,-0.973209,-1.371577,-2.649463
1.296519,-0.010401,0.238066,0.284560,-1.234564,-1.305269
1.300520,1.240327,0.330519,1.019026,-1.097049,-0.179129
1.304522,0.613494,0.417543,0.713993,-0.959165,0.879967
1.308523,-0.423230,0.497245,-0.586366,-0.820774,2.065141
1.312525,-1.072065,0.567851,-1.140925,-0.682081,-2.923789
1.316527,0.210864,0.627753,-0.038717,-0.542891,-1.617197
1.320528,0.814093,0.675554,0.279835,-0.403470,-0.632692
1.324530,0.803603,0.710114,0.215218,-0.263584,-0.942038
1.328531,1.513744,0.730576,0.655677,-0.123542,0.135275
1.332533,0.823598,0.736402,0.116675,0.016908,1.395923
1.336535,0.342592,0.727386,-0.334842,0.157439,2.358914
1.340536,0.081459,0.703666,-0.497125,0.298298,2.846917
1.344538,-0.134499,0.665722,-0.572422,0.439165,-2.365027
1.348539,1.020852,0.614361,0.497442,0.580261,-0.993143
1.352541,1.106529,0.550702,0.685757,0.721291,0.400445
1.356543,0.518259,0.476146,0.034918,0.862433,1.489176
1.360544,0.190373,0.392335,-0.126042,1.003437,1.871991
1.364546,-0.461236,0.301114,-0.713481,1.144420,2.986951
1.368547,-0.327255,0.204475,-0.262358,1.285194,-1.870442
1.372549,0.523705,0.104510,0.749880,1.425807,-0.463754
1.376551,-0.046416,0.003352,0.510358,1.566144,0.709726
1.380552,-0.862763,-0.096876,-0.032725,1.706177,1.618589
1.384554,-1.693426,-0.194119,-0.846654,1.845875,2.800474
1.388555,-1.586858,-0.286432,-0.434300,1.985133,-2.015354
1.392557,0.060365,-0.372031,0.814406,2.124004,-0.407298
1.396559,-0.776801,-0.449324,0.143000,2.262316,1.318343
1.400560,-0.657225,-0.516944,-0.199684,2.400201,-2.855588
1.404562,-0.240998,-0.573771,0.160301,2.537431,0.727108
1.408563,-0.624968,-0.618945,-0.365983,2.674204,2.759014
1.412565,-0.135857,-0.651872,-0.071023,2.810251,-1.747909
1.416567,-0.100695,-0.672228,0.219552,2.945822,-0.004274
1.420568,-0.160791,-0.679946,-0.019686,3.080624,-1.756594
1.424570,-0.122737,-0.675212,0.438583,-3.068247,0.037802
1.428571,-0.525812,-0.658439,-0.099883,-2.934716,1.733717
1.432573,-0.998017,-0.630257,-0.485141,-2.801678,-2.722231
1.436575,-0.061105,-0.591480,0.341340,-2.669412,-0.247637
1.440576,-0.259139,-0.543086,-0.397308,-2.537638,2.308421
1.444578,-0.400839,-0.486186,-0.473743,-2.406598,-2.180490
1.448579,1.280586,-0.421997,0.545897,-2.276040,-0.694286
1.452581,0.888316,-0.351812,0.413123,-2.146152,0.053042
1.456583,1.070617,-0.276973,0.622891,-2.016727,0.545811
1.460584,0.133110,-0.198848,-0.341065,-1.887883,1.892356
1.464586,-1.172555,-0.118804,-0.951389,-1.759475,-2.877123
1.468587,0.516634,-0.038189,0.092286,-1.631547,-1.369522
1.472589,-0.315700,0.041684,-0.199985,-1.504025,-2.559229
1.476591,0.885552,0.119560,0.322218,-1.376876,-1.142024
1.480592,1.707522,0.194252,0.928271,-1.250107,0.385323
1.484594,0.420312,0.264659,-0.268304,-1.123607,1.847224
1.488595,0.591543,0.329776,-0.919898,-0.997461,-3.052275
1.492597,0.718506,0.388703,-0.044406,-0.871488,-1.618336
1.496599,2.464523,0.440659,0.923906,-0.745845,-0.027528
1.500600,0.850061,0.484982,-0.120652,-0.620290,1.727239
1.504602,0.794335,0.521140,-0.406904,-0.495042,-2.501776
1.508603,1.796407,0.548731,0.439264,-0.369814,0.113862
1.512605,0.746838,0.567485,-0.413147,-0.244872,2.248034
1.516607,1.150173,0.577267,-0.562251,-0.119900,-2.388593
1.520608,1.921229,0.578071,0.373365,0.004802,-1.018389
1.524610,2.289508,0.570024,0.599764,0.129560,0.108408
1.528611,2.139859,0.553377,0.240499,0.254061,1.088540
1.532613,1.187437,0.528500,-0.144647,0.378619,1.893736
1.536615,1.535640,0.495878,-0.474563,0.502930,2.616207
1.540616,0.508865,0.456094,-0.643493,0.627279,-2.600249
1.544618,2.215392,0.409826,0.212218,0.751392,-1.314308
1.548619,1.956001,0.357830,0.712356,0.875509,0.005519
1.552621,1.932919,0.300930,0.178039,0.999402,1.158346
1.556623,1.128081,0.240001,-0.015983,1.123253,1.627318
1.560624,0.927302,0.175960,-0.292193,1.246896,2.283099
1.564626,0.140963,0.109747,-0.582018,1.370446,-2.758096
1.568627,0.932514,0.042312,0.159258,1.493815,-1.343273
1.572629,0.944861,-0.025395,0.649254,1.617047,0.139146
1.576631,0.692302,-0.092441,-0.008154,1.740140,1.588049
1.580632,-0.057825,-0.157916,-0.199564,1.863064,2.566145
1.584634,0.540450,-0.220945,-0.318499,1.985906,2.896524
1.588635,0.074019,-0.280691,-0.261188,2.108569,-2.073120
1.592637,1.348347,-0.336366,0.474170,2.231220,-0.554481
1.596639,0.871140,-0.387231,0.217906,2.353705,0.835582
1.600640,0.744307,-0.432606,0.166184,2.476259,0.703718
1.604642,0.600873,-0.471865,-0.159290,2.598679,1.845138
1.608643,-0.437670,-0.504451,-0.755756,2.721253,-2.779019
1.612645,1.021964,-0.529872,0.446344,2.843740,-0.959511
1.616647,0.733035,-0.547712,0.271805,2.966466,1.101092
1.620648,-0.270587,-0.557635,-0.509364,3.089167,-2.824515
1.624650,1.337727,-0.559391,0.510956,-3.071001,-0.672437
1.628651,0.269385,-0.552826,0.296489,-2.947936,1.158659
1.632653,0.371717,-0.537882,-0.675968,-2.824488,2.848755
1.636655,-0.099014,-0.514616,-0.094405,-2.700913,-1.743146
1.640656,1.305610,-0.483196,0.300515,-2.576903,0.245731
1.644658,-0.071545,-0.443916,-0.295547,-2.452687,-3.038073
1.648659,1.155342,-0.397195,0.392126,-2.328000,-0.894330
1.652661,0.891396,-0.343583,0.558439,-2.203030,0.871719
1.656663,-0.162854,-0.283764,-0.711868,-2.077572,2.560731
1.660664,-0.023982,-0.218549,-0.269571,-1.951764,-2.089590
1.664666,0.560980,-0.148879,0.018273,-1.825471,-1.317505
1.668667,0.109223,-0.075806,-0.063743,-1.698774,-1.708497
1.672669,1.320350,-0.000490,0.757444,-1.571617,-0.211487
1.676671,0.644269,0.075827,0.316736,-1.444019,1.180308
1.680672,-0.066728,0.151835,-0.542181,-1.316003,2.320110
1.684674,-0.124787,0.226187,-0.908658,-1.187529,-2.899511
1.688675,0.472047,0.297524,-0.039173,-1.058695,-1.605079
1.692677,2.403908,0.364503,1.122041,-0.929407,-0.170464
1.696679,1.086674,0.425835,0.276241,-0.799834,1.234611
1.700680,1.259741,0.480314,-0.249264,-0.669833,2.189090
1.704682,0.853721,0.526846,-0.420797,-0.539629,2.542758
1.708683,0.999956,0.564485,-0.611155,-0.409043,-2.541855
1.712685,1.936264,0.592450,0.257871,-0.278342,-1.181760
1.716687,2.135039,0.610153,0.386207,-0.147324,-0.184459
1.720688,2.190443,0.617212,0.478246,-0.016281,0.023943
1.724690,2.108847,0.613463,0.362703,0.114997,1.148293
1.728691,0.500789,0.598962,-0.936975,0.246211,2.535384
1.732693,0.742970,0.573983,-0.807933,0.377567,-2.329284
1.736695,1.867484,0.539008,0.640046,0.508780,-0.902172
1.740696,1.851050,0.494715,0.622597,0.640035,0.592649
1.744698,0.809356,0.441953,-0.264093,0.771077,2.423962
1.748699,1.149023,0.381726,0.307364,0.902058,-0.512438
1.752701,0.874892,0.315160,0.106895,1.032770,1.443635
1.756703,-0.492855,0.243477,-1.157786,1.163321,3.094975
1.760704,0.299370,0.167965,-0.054981,1.293565,-1.619106
1.764706,1.544642,0.089947,0.784777,1.423560,-0.204775
1.768707,0.332697,0.010760,0.371193,1.553230,0.603401
1.772709,0.997014,-0.068281,0.235266,1.682578,1.183865
1.776711,-0.825567,-0.145896,-0.631073,1.811603,2.442775
1.780712,-0.044022,-0.220864,-0.595217,1.940256,-2.504489
1.784714,0.073540,-0.292040,0.058885,2.068612,-1.453070
1.788715,0.615684,-0.358368,0.324872,2.196572,-0.786475
1.792717,0.697316,-0.418886,0.501595,2.324283,0.229943
1.796719,0.159238,-0.472739,0.122221,2.451608,1.253690
1.800720,0.032517,-0.519176,-0.019584,2.578753,1.622825
1.804722,-0.620291,-0.557554,-0.573460,2.705551,2.589170
1.808723,-0.535794,-0.587341,-0.557496,2.832254,-2.309198
1.812725,0.583161,-0.608114,0.427064,2.958681,-0.898365
1.816727,0.824472,-0.619556,0.388150,3.085114,0.126846
1.820728,0.724319,-0.621458,0.380156,-3.071817,0.630010
1.824730,0.586958,-0.613717,-0.306593,-2.945445,1.996134
1.828731,-0.445349,-0.596338,-0.709555,-2.819133,-2.579616
1.832733,1.487533,-0.569438,0.569606,-2.692594,-0.690561
1.836735,0.109061,-0.533249,0.070504,-2.565984,1.444289
1.840736,0.162302,-0.488125,-0.380659,-2.439047,-2.428679
1.844738,0.428372,-0.434546,0.595186,-2.311911,-0.229738
1.848739,0.158731,-0.373126,-0.041099,-2.184365,1.631606
1.852741,-0.831406,-0.304618,-0.600841,-2.056502,-2.996517
1.856743,0.283630,-0.229913,0.030082,-1.928168,-1.504118
1.860744,0.240243,-0.150042,0.291618,-1.799419,-0.116113
1.864746,0.612780,-0.066170,0.015278,-1.670164,1.468255
1.868747,0.292658,0.020413,-0.011854,-1.540414,-1.680195
1.872749,1.160629,0.108305,0.289367,-1.410146,0.407828
1.876751,0.425743,0.196015,-0.239700,-1.279326,2.050623
1.880752,0.361528,0.281983,-0.575785,-1.147994,-2.685484
1.884754,1.091706,0.364609,0.204687,-1.016074,-1.251318
1.888756,1.509912,0.442285,0.575984,-0.883666,-0.005198
1.892757,1.283397,0.513431,0.285916,-0.750657,0.963902
1.896759,1.086249,0.576533,-0.081587,-0.617195,1.721695
1.900760,0.615904,0.630177,-0.640527,-0.483140,2.565340
1.904762,0.732689,0.673093,-0.990811,-0.348679,-2.650031
1.908764,1.809519,0.704186,0.219906,-0.213654,-1.421669
1.912765,3.675126,0.722577,1.643539,-0.078278,-0.117163
1.916767,2.078665,0.727626,0.554105,0.057611,1.201601
1.920768,0.860514,0.718964,-0.891594,0.193791,2.473121
1.924770,0.709616,0.696506,-0.553342,0.330417,-2.750956
1.928772,1.242141,0.660463,-0.308477,0.467273,-2.743888
1.932773,1.006888,0.611345,-0.421906,0.604494,-2.229519
1.936775,2.222547,0.549955,0.464970,0.741883,-1.091055
1.940776,2.808067,0.477376,1.100995,0.879546,0.174420
1.944778,1.740587,0.394956,0.088926,1.017315,1.478701
1.948780,0.938960,0.304273,-0.544217,1.155254,2.702919
1.952781,0.663326,0.207102,-0.276358,1.293234,-3.025342
1.956783,0.716371,0.105377,-0.349968,1.431276,-2.634636
1.960784,0.305571,0.001138,0.053486,1.569298,-1.452425
1.964786,1.152887,-0.103512,0.252402,1.707273,-0.522817
1.968788,0.454723,-0.206460,0.427049,1.845174,-0.283397
1.972789,1.268253,-0.305630,0.506043,1.982925,0.995425
1.976791,-0.992331,-0.399037,-1.116262,2.120549,2.541704
1.980792,-0.508220,-0.484827,-0.877885,2.257932,-2.166965
1.984794,1.394320,-0.561320,1.201558,2.395142,-0.654174
1.988796,0.851517,-0.627047,0.969973,2.532032,0.711605
1.992797,-0.212089,-0.680777,-0.317866,2.668709,1.871707
1.996799,-1.261582,-0.721544,-1.006386,2.805002,2.972602
2.000800,-0.332857,-0.748658,-0.478372,2.941049,-2.092467
2.004802,0.609375,-0.761719,0.495504,3.076667,-0.832016
2.008804,0.808168,-0.760613,0.416891,-3.071173,0.226074
2.012805,0.679889,-0.745510,0.208862,-2.936281,0.788561
2.016807,0.409402,-0.716850,-0.038208,-2.801679,1.699432
2.020808,0.264973,-0.675327,-0.147377,-2.667534,2.913495
2.024810,0.237873,-0.621864,-0.007870,-2.533689,1.626334
2.028812,-0.135003,-0.557595,-0.431727,-2.400288,2.980488
2.032813,0.041320,-0.483829,-0.145780,-2.267193,-1.803619
2.036815,1.179279,-0.402026,0.652380,-2.134514,-0.288223
2.040816,0.640640,-0.313759,0.226026,-2.002140,1.191443
2.044818,0.554015,-0.220687,-0.410358,-1.870141,2.556973
2.048820,0.311333,-0.124517,-0.332448,-1.738442,-2.523807
2.052821,1.325722,-0.026978,0.086295,-1.607067,-1.337635
2.056823,0.833394,0.070217,0.296110,-1.475980,-0.038529
2.060824,1.159794,0.165393,0.040651,-1.345157,1.194943
2.064826,0.297759,0.256941,0.148018,-1.214607,-0.004810
2.068828,0.874582,0.343346,0.096184,-1.084260,1.262946
2.072829,-0.110164,0.423203,-0.207010,-0.954167,2.341699
2.076831,0.373220,0.495240,-0.311351,-0.824218,2.630488
2.080832,0.025640,0.558332,-0.704532,-0.694505,-2.683526
2.084834,1.141739,0.611521,0.273994,-0.564888,-1.333224
2.088836,2.607591,0.654024,1.239438,-0.435495,0.044110
2.092837,1.229141,0.685246,0.301147,-0.306164,1.272735
2.096839,0.803513,0.704789,-0.494807,-0.177048,2.179741
2.100840,-0.146695,0.712454,-1.027303,-0.047975,-3.131879
2.104842,0.530710,0.708240,-0.305840,0.080889,-1.838100
2.108844,1.887500,0.692345,0.923053,0.209717,-0.430714
2.112845,0.982389,0.665157,0.428585,0.338338,0.874501
2.116847,0.963960,0.627248,-0.045430,0.466914,1.678854
2.120848,0.068152,0.579361,-0.428911,0.595282,2.517947
2.124850,0.393999,0.522396,-0.454916,0.723583,-2.397758
2.128852,0.806084,0.457392,0.327066,0.851670,-0.894648
2.132853,0.861431,0.385507,0.252754,0.979654,0.493293
2.136855,0.467356,0.307998,0.109130,1.107417,0.625637
2.140856,0.427106,0.226198,0.072326,1.235030,1.351315
2.144858,-0.322622,0.141488,-0.434458,1.362410,2.692164
2.148860,-0.356258,0.055276,-0.357798,1.489586,-2.290900
2.152861,0.036668,-0.031029,0.261541,1.616517,-1.098707
2.156863,0.111920,-0.116045,0.614576,1.743189,0.072484
2.160864,-0.418485,-0.198439,0.186395,1.869603,1.258141
2.164866,-1.278040,-0.276946,-0.343505,1.995705,2.298326
2.168868,-1.361221,-0.350394,-0.524805,2.121543,3.051964
2.172869,-1.469099,-0.417718,-0.458737,2.247024,-2.230950
2.176871,-0.279505,-0.477976,0.585288,2.372241,-0.884241
2.180872,-0.295818,-0.530355,0.690092,2.497073,0.648815
2.184874,-1.414230,-0.574184,-0.435063,2.621652,2.405554
2.188876,-1.222827,-0.608935,0.025068,2.745836,-1.501797
2.192877,-0.859905,-0.634223,0.349899,2.869791,0.787848
2.196879,-1.881391,-0.649806,-0.424091,2.993363,2.360023
2.200880,-1.761405,-0.655584,-0.558163,3.116740,-2.757586
2.204882,-1.256522,-0.651588,-0.119159,-3.043415,-1.740460
2.208884,-0.211771,-0.637977,0.741107,-2.920528,-0.528207
2.212885,0.002483,-0.615027,0.592657,-2.797924,0.813290
2.216887,-1.108304,-0.583123,-0.357732,-2.675397,2.117538
2.220888,-0.840073,-0.542750,-0.484788,-2.553061,-3.085478
2.224890,-0.803023,-0.494484,-0.225846,-2.430721,-2.146731
2.228892,-0.292481,-0.438988,0.176825,-2.308461,-1.032382
2.232893,-0.166222,-0.377006,0.177803,-2.186105,-0.408812
2.236895,-0.214625,-0.309352,0.434441,-2.063705,-0.074206
2.240896,-0.012723,-0.236916,0.204149,-1.941115,1.327762
2.244898,-1.723181,-0.160651,-1.093064,-1.818350,2.904165
2.248900,-0.538193,-0.081575,-0.240143,-1.695304,-1.785520
2.252901,0.381888,-0.000764,0.808644,-1.571957,-0.267827
2.256903,-0.184925,0.080655,0.281681,-1.448249,0.840451
2.260904,-0.086325,0.161510,0.191362,-1.324127,1.134770
2.264906,-0.985542,0.240596,-0.528452,-1.199579,2.359331
2.268908,-0.748340,0.316688,-0.593263,-1.074521,-2.392424
2.272909,0.360410,0.388556,0.464450,-0.948992,-0.729651
2.276911,0.200028,0.454987,0.085279,-0.822880,1.317164
2.280912,0.080902,0.514804,-0.232988,-0.696273,-2.255411
2.284914,1.029596,0.566889,0.599418,-0.569040,-0.350094
2.288916,0.706232,0.610216,0.256735,-0.441305,1.252291
2.292917,-0.060597,0.643868,-0.768192,-0.312925,2.791906
2.296919,0.211979,0.667070,-0.249952,-0.184054,-1.992617
2.300920,1.197889,0.679208,0.203382,-0.054546,-0.749041
2.304922,0.798344,0.679855,0.157291,0.075431,-0.799158
2.308924,1.506284,0.668791,0.377479,0.206015,0.460542
2.312925,0.660076,0.646014,-0.240500,0.337031,2.193146
2.316927,0.943230,0.611752,-0.051787,0.468604,-1.794985
2.320928,1.072010,0.566468,0.081493,0.600564,1.324280
2.324930,0.225548,0.510857,-0.590803,0.733014,-2.865329
2.328932,1.183658,0.445835,0.394655,0.865801,-1.000052
2.332933,1.114431,0.372528,0.405680,0.998999,0.844295
2.336935,0.099845,0.292249,-0.296265,1.132481,2.799603
2.340936,0.605390,0.206470,0.105693,1.266284,0.029821
2.344938,-0.158559,0.116793,-0.261686,1.400318,2.701546
2.348940,0.173078,0.024913,0.019170,1.534581,-1.510171
2.352941,0.146463,-0.067419,0.125062,1.669022,0.961755
2.356943,-0.349848,-0.158437,-0.206905,1.803600,-2.364969
2.360944,0.375181,-0.246399,0.487220,1.938307,-0.086372
2.364946,-0.561700,-0.329627,-0.252114,2.073063,1.976715
2.368948,-0.975446,-0.406542,-0.482747,2.207901,-2.304221
2.372949,0.247098,-0.475702,0.673832,2.342710,-0.383017
2.376951,-0.815890,-0.535829,0.084253,2.477559,1.433001
2.380952,-0.853281,-0.585839,-0.378858,2.612310,-3.132971
2.384954,-0.993812,-0.624858,0.013917,2.747065,-1.436043
2.388956,-0.433958,-0.652238,-0.094648,2.881670,2.729708
2.392957,-1.050634,-0.667569,-0.176222,3.016251,-2.483307
2.396959,-0.133217,-0.670679,0.028309,-3.132538,-1.505928
2.400960,-0.079001,-0.661629,0.738121,-2.998184,-0.193369
2.404962,0.098922,-0.640710,0.257207,-2.864027,1.302214
2.408964,-1.675623,-0.608429,-0.885273,-2.729921,2.912339
2.412965,-0.089268,-0.565491,0.027923,-2.596005,-1.519599
2.416967,-0.533950,-0.512782,0.012402,-2.462140,1.536601
2.420968,-0.477643,-0.451348,-0.647122,-2.328440,-2.492447
2.424970,0.342194,-0.382370,0.722539,-2.194781,-0.800163
2.428972,0.931050,-0.307140,0.601741,-2.061242,0.742897
2.432973,-0.678775,-0.227037,-0.057685,-1.927723,1.775500
2.436975,0.243851,-0.143500,0.095025,-1.794265,1.382567
2.440976,-1.511582,-0.058005,-0.800585,-1.660798,2.694760
2.444978,-0.448308,0.027956,-0.518402,-1.527320,-2.239110
2.448980,-0.049345,0.112901,0.114303,-1.393800,-1.349732
2.452981,0.652292,0.195376,0.405325,-1.260195,-0.950896
2.456983,1.449545,0.273979,1.069905,-1.126514,0.231393
2.460984,0.220907,0.347379,-0.063805,-0.992670,1.624661
2.464986,-0.600222,0.414336,-0.900797,-0.858709,2.967475
2.468988,-0.289099,0.473715,-0.399802,-0.724510,-2.381014
2.472989,-0.219731,0.524503,-0.165828,-0.590151,-1.833489
2.476991,0.711934,0.565820,0.746449,-0.455484,-0.657916
2.480992,0.581755,0.596938,0.780887,-0.320618,0.756941
2.484994,-0.621049,0.617289,-0.582591,-0.185386,2.216161
2.488996,-0.595939,0.626478,-0.582160,-0.049919,-2.626614
2.492997,0.225630,0.624289,0.065430,0.085952,-1.315254
2.496999,0.222623,0.610700,-0.150371,0.222085,-2.480613
2.501000,0.562402,0.585881,0.151328,0.358639,-1.288600
2.505002,1.329483,0.550205,0.765680,0.495470,0.023820
2.509004,0.668071,0.504241,0.247694,0.632713,1.278837
2.513005,-0.345730,0.448757,-0.704192,0.770233,2.462802
2.517007,-0.614388,0.384708,-0.848916,0.908134,-2.640850
2.521008,0.184248,0.313222,0.181403,1.046303,-1.394112
2.525010,1.040698,0.235586,1.039165,1.184805,-0.077001
2.529012,-0.026848,0.153226,0.272878,1.323553,1.286974
2.533013,-1.095351,0.067676,-0.750236,1.462572,2.690525
2.537015,-0.819921,-0.019443,-0.337224,1.601810,-2.139681
2.541016,-0.489435,-0.106462,0.291889,1.741246,-0.634912
2.545018,-0.436151,-0.191690,0.059002,1.880867,0.797751
2.549020,-1.008905,-0.273457,0.130201,2.020611,-0.383413
2.553021,-0.405028,-0.350142,0.073697,2.160504,1.242549
2.557023,-1.431260,-0.420213,-0.143354,2.300443,2.980044
2.561024,-0.628730,-0.482260,0.032559,2.440490,1.176881
2.565026,-1.582909,-0.535022,-0.347151,2.580512,3.031222
2.569028,-1.118144,-0.577423,0.002488,2.720597,-1.565888
2.573029,-0.800216,-0.608593,0.428396,2.860590,0.076068
2.577031,-1.709485,-0.627886,0.005933,3.000601,1.503766
2.581032,-0.974469,-0.634901,0.409796,3.140463,0.272467
2.585034,-2.290301,-0.629489,-0.228550,-3.002893,1.822789
2.589036,-2.558977,-0.611753,-1.185109,-2.863260,-2.920160
2.593037,-1.737570,-0.582053,0.198976,-2.723709,-1.410687
2.597039,0.040419,-0.540992,1.058145,-2.584391,0.072367
2.601040,-1.649476,-0.489402,-0.001047,-2.445202,1.572195
2.605042,-1.012608,-0.428322,-0.393011,-2.306268,-3.015382
2.609044,-1.245103,-0.358976,0.218973,-2.167501,-0.282414
2.613045,-0.585556,-0.282744,-0.178769,-2.028996,1.972558
2.617047,-1.730170,-0.201127,-0.542518,-1.890692,-2.675019
2.621048,-0.239339,-0.115720,0.175757,-1.752644,-1.246188
2.625050,-0.359570,-0.028175,0.385537,-1.614820,-0.250680
2.629052,-0.248450,0.059833,0.445116,-1.477236,0.449998
2.633053,-0.478751,0.146638,-0.080261,-1.339892,1.685927
2.637055,-1.735286,0.230614,-0.695921,-1.202760,3.123700
2.641056,-0.421072,0.310206,-0.107544,-1.065876,-1.827936
2.645058,-1.241101,0.383954,-0.071851,-0.929173,-1.862052
2.649060,-0.114579,0.450520,0.383451,-0.792719,-0.971828
2.653061,-0.274598,0.508708,0.873705,-0.656418,0.485174
2.657063,-1.165060,0.557483,-0.399858,-0.520362,1.989754
2.661064,-1.634384,0.595988,-0.640755,-0.384433,-2.842246
2.665066,-0.779851,0.623555,-0.070075,-0.248745,-1.884108
2.669068,-0.777820,0.639715,-0.201566,-0.113167,-2.168453
2.673069,0.064576,0.644203,0.408019,0.022175,-0.832127
2.677071,0.180806,0.636967,0.435762,0.157412,0.749065
2.681072,-0.584843,0.618161,-0.343282,0.292413,2.622298
2.685074,-0.387174,0.588147,0.130838,0.427302,-1.141136
2.689076,-0.331807,0.547484,0.259601,0.561954,0.955300
2.693077,-1.455819,0.496919,-0.391064,0.696479,2.577475
2.697079,-1.103798,0.437371,-0.210556,0.830765,-2.383947
2.701080,-1.348618,0.369912,-0.106005,0.964902,-2.253038
2.705082,-0.836322,0.295751,0.034823,1.098803,-1.480823
2.709084,-0.538335,0.216209,0.542005,1.232527,-0.023993
2.713085,-0.946995,0.132699,-0.040390,1.366017,1.643753
2.717087,-1.555044,0.046697,-0.463725,1.499299,-2.760318
2.721088,-0.955060,-0.040279,0.334800,1.632347,-0.806502
2.725090,-1.101114,-0.126701,0.270490,1.765151,0.928088
2.729092,-1.816302,-0.211054,-0.186669,1.897718,2.205420
2.733093,-1.848748,-0.291864,-0.287454,2.030005,2.660212
2.737095,-1.965771,-0.367726,-0.494436,2.162050,-2.546095
2.741096,-1.228998,-0.437325,0.350734,2.293780,-1.082394
2.745098,-0.596609,-0.499464,0.546612,2.425261,0.508791
2.749100,-1.975932,-0.553080,-0.204166,2.556392,2.349503
2.753101,-1.103257,-0.597266,0.182251,2.687262,-0.467722
2.757103,-2.174004,-0.631286,0.024097,2.817750,1.514289
2.761104,-2.225751,-0.654588,-0.420129,2.947956,3.052955
2.765106,-2.568014,-0.666813,-0.136829,3.077749,-2.179200
2.769108,-2.240973,-0.667801,-0.112983,-3.075953,-1.930070
2.773109,-1.732954,-0.657596,0.488999,-2.946913,-0.632358
2.777111,-1.658990,-0.636437,0.449253,-2.818213,0.962037
2.781112,-2.494717,-0.604752,-0.697779,-2.689981,2.632019
2.785114,-2.262250,-0.563147,-0.262765,-2.562121,-1.992293
2.789116,-1.225653,-0.512390,0.289564,-2.434746,-0.548365
2.793117,-1.701941,-0.453392,0.207359,-2.307772,-0.572190
2.797119,-0.942493,-0.387187,0.545941,-2.181291,0.576424
2.801120,-2.228709,-0.314905,-0.547112,-2.055234,2.181747
2.805122,-2.181523,-0.237751,-0.725964,-1.929667,-2.387101
2.809124,-0.528383,-0.156982,0.691178,-1.804540,-0.506124
2.813125,-1.349206,-0.073880,-0.124114,-1.679887,1.783169
2.817127,-1.173856,0.010270,-0.404616,-1.555682,-2.158514
2.821128,-0.136590,0.094204,0.893905,-1.431919,-0.294392
2.825130,-0.332082,0.176691,0.240887,-1.308594,1.308128
2.829132,-1.637550,0.256559,-0.639471,-1.185666,2.674830
2.833133,-0.939600,0.332700,-0.462664,-1.063147,-2.653672
2.837135,-1.032024,0.404085,-0.129223,-0.940961,-1.793827
2.841136,0.230057,0.469770,0.545289,-0.819136,-0.584498
2.845138,-0.318330,0.528901,0.401633,-0.697565,0.682881
2.849140,-0.057623,0.580716,0.073390,-0.576288,1.316568
2.853141,-0.699857,0.624546,-0.076342,-0.455171,1.709186
2.857143,-0.843347,0.659817,-0.920332,-0.334259,2.981440
2.861144,-1.048536,0.686045,-0.357315,-0.213398,-1.908911
2.865146,0.853492,0.702835,0.759397,-0.092637,-0.614866
2.869148,-0.357239,0.709881,0.661864,0.028189,0.332957
2.873149,-0.036771,0.706965,0.365587,0.149036,1.081954
2.877151,-1.979488,0.693960,-0.573249,0.270069,2.201228
2.881152,-1.889858,0.670829,-0.882666,0.391250,-2.776306
2.885154,-1.238005,0.637633,0.074274,0.512740,-1.459015
2.889156,-0.808209,0.594537,0.252650,0.634506,-0.334254
2.893157,-0.762188,0.541817,0.063789,0.756691,-1.224443
2.897159,-0.262300,0.479879,0.503622,0.879271,-0.244875
2.901160,-0.286282,0.409259,0.362409,1.002359,1.080256
2.905162,-1.377924,0.330647,-0.703308,1.125939,2.519962
2.909164,-1.405008,0.244885,-0.475847,1.250092,-2.242607
2.913165,-0.440765,0.152980,0.395580,1.374811,-0.665476
2.917167,-1.118218,0.056100,0.106023,1.500140,0.961334
2.921168,-1.016627,-0.044423,0.046708,1.626085,-0.850384
2.925170,-1.154070,-0.147105,0.149885,1.752654,0.656425
2.929172,-1.224206,-0.250324,-0.023740,1.879864,1.677105
2.933173,-1.599788,-0.352339,-0.307124,2.007692,2.632441
2.937175,-1.504602,-0.451322,-0.346849,2.136163,-2.302473
2.941176,-1.055692,-0.545387,0.391687,2.265229,-0.778149
2.945178,-0.906697,-0.632631,0.255812,2.394923,0.804720
2.949180,-1.924805,-0.711178,-0.032622,2.525173,2.448841
2.953181,-1.345977,-0.779228,0.179028,2.656021,0.815130
2.957183,-2.571024,-0.835103,-0.256635,2.787376,2.312425
2.961184,-2.379801,-0.877302,-0.287159,2.919284,-2.821372
2.965186,-2.549026,-0.904546,-0.237756,3.051644,-2.270539
2.969188,-2.111833,-0.915827,0.342289,-3.098682,-1.045546
2.973189,-1.188743,-0.910445,0.812061,-2.965430,0.523489
2.977191,-3.052086,-0.888041,-0.584978,-2.831737,2.179957
2.981192,-2.500406,-0.848620,-0.711042,-2.697706,-2.443520
2.985194,-1.843570,-0.792571,0.466662,-2.563299,-0.836938
2.989196,-1.480743,-0.720663,0.312396,-2.428607,0.667971
2.993197,-2.224648,-0.634042,-0.040018,-2.293603,1.999540
2.997199,-1.536400,-0.534214,0.186181,-2.158365,0.337403
3.001200,-2.017423,-0.423014,-0.048920,-2.022877,1.670928
3.005202,-1.942566,-0.302567,-0.711193,-1.887203,3.076963
3.009204,-1.562926,-0.175238,-0.159290,-1.751342,-1.788985
3.013205,-0.068846,-0.043581,0.423726,-1.615338,-0.554927
3.017207,-0.257356,0.089728,0.371277,-1.479208,-0.327855
3.021208,0.728155,0.221956,0.750607,-1.342974,0.596360
3.025210,-0.644705,0.350379,-0.663593,-1.206670,2.071267
3.029212,-1.204660,0.472354,-1.338855,-1.070294,-2.622136
3.033213,1.139248,0.585374,0.729030,-0.933896,-0.982551
3.037215,0.822858,0.687136,0.587689,-0.797454,0.717028
3.041216,0.343331,0.775592,-0.164302,-0.661030,3.024580
3.045218,0.707783,0.848991,0.418350,-0.524586,0.413494
3.049220,0.037675,0.905920,-0.375715,-0.388192,2.124886
3.053221,-0.210713,0.945333,-0.542918,-0.251796,-2.618519
3.057223,0.323575,0.966563,0.014724,-0.115471,-1.525842
3.061224,0.541020,0.969334,0.116099,0.020841,-1.268810
3.065226,0.716197,0.953758,0.632227,0.157067,0.063017
3.069228,0.188986,0.920329,-0.135677,0.293270,1.798912
3.073229,-0.476817,0.869896,-0.194633,0.429380,-2.105008
3.077231,0.391869,0.803645,0.485320,0.565459,0.674640
3.081232,-1.243735,0.723064,-0.902125,0.701447,2.632113
3.085234,-0.908844,0.629901,-0.388454,0.837399,-1.903769
3.089236,1.038234,0.526128,0.999227,0.973268,-0.229547
3.093237,-0.528950,0.413894,0.136799,1.109098,1.368967
3.097239,-0.083023,0.295480,-0.346249,1.244858,2.826620
3.101240,-0.604287,0.173248,-0.088634,1.380576,-2.058386
3.105242,-0.004759,0.049599,0.111685,1.516237,0.123641
3.109244,-0.424055,-0.073078,-0.187385,1.651850,2.788992
3.113245,-0.782073,-0.192453,0.028349,1.787418,-1.484062
3.117247,0.193230,-0.306298,0.306187,1.922930,0.384675
3.121248,-1.294179,-0.412527,-0.087688,2.058406,2.329708
3.125250,-0.062183,-0.509240,0.223409,2.193815,0.593642
3.129252,-1.550021,-0.594753,-0.508248,2.329190,2.379272
3.133253,-1.213339,-0.667633,-0.582606,2.464480,-2.208857
3.137255,0.051522,-0.726720,0.812001,2.599732,-0.564580
3.141257,-0.702180,-0.771149,0.361965,2.734876,1.009807
3.145258,-1.232452,-0.800365,-0.238084,2.869968,2.421845
3.149260,-1.626492,-0.814129,-0.078399,3.004923,-2.978594
3.153261,-1.600940,-0.812523,0.019345,3.139796,1.265218
3.157263,-2.128189,-0.795941,-0.248340,-3.008695,2.442286
3.161265,-2.377245,-0.765081,-0.417796,-2.874125,-2.291855
3.165266,-1.237265,-0.720924,0.678038,-2.739785,-0.628695
3.169268,-1.396827,-0.664703,0.394941,-2.605629,1.095986
3.173269,-2.434268,-0.597877,-0.686053,-2.471763,2.845346
3.177271,-1.555079,-0.522084,-0.072079,-2.338156,-1.735577
3.181273,-1.446396,-0.439104,0.074343,-2.204906,-0.734832
3.185274,-1.124855,-0.350808,0.170691,-2.072003,-1.041733
3.189276,-0.660465,-0.259109,0.562002,-1.939533,0.450335
3.193277,-1.265164,-0.165916,-0.253901,-1.807506,1.940541
3.197279,-1.200043,-0.073082,-0.535309,-1.675992,-2.987971
3.201281,-0.558381,0.017637,-0.158811,-1.545025,-2.182616
3.205282,-0.118931,0.104621,-0.187853,-1.414654,-2.104983
3.209284,0.342599,0.186425,0.271266,-1.284934,-1.135201
3.213285,1.210767,0.261801,0.830974,-1.155889,0.025940
3.217287,0.085716,0.329718,0.292990,-1.027591,1.236788
3.221289,-0.550752,0.389375,-0.605831,-0.900035,2.471521
3.225290,-1.224119,0.440198,-0.419672,-0.773304,-2.748273
3.229292,-0.642888,0.481834,-0.337129,-0.647361,-2.738266
3.233293,-1.023482,0.514139,-0.188934,-0.522295,-1.804607
3.237295,0.741240,0.537159,1.074238,-0.398038,-0.359135
3.241297,0.099936,0.551104,0.415741,-0.274680,1.211563
3.245298,-1.165261,0.556325,-0.888515,-0.152121,2.852591
3.249300,0.044008,0.553285,-0.049113,-0.030442,-1.671774
3.253301,-0.339162,0.542532,0.005167,0.090490,1.536279
3.257303,-0.321154,0.524667,-0.308142,0.210613,-2.186805
3.261305,0.205692,0.500325,0.745877,0.330090,-0.521950
3.265306,-0.066593,0.470147,0.494161,0.448888,1.056506
3.269308,-1.532653,0.434764,-0.814846,0.567197,2.629900
3.273309,-1.329532,0.394782,-0.288428,0.685022,-2.013723
3.277311,-0.268525,0.350776,0.337312,0.802569,-0.063282
3.281313,-1.254032,0.303283,-0.238511,0.919884,2.729612
3.285314,-0.276774,0.252806,0.009682,1.037176,-1.544650
3.289316,-0.407633,0.199824,0.312410,1.154524,-0.061490
3.293317,-0.046931,0.144800,0.142819,1.272124,0.636206
3.297319,-0.465014,0.088194,0.129435,1.390076,1.116742
3.301321,-0.656933,0.030482,-0.294117,1.508544,2.417875
3.305322,-0.740553,-0.027832,-0.216842,1.627642,-2.424877
3.309324,-0.483214,-0.086201,-0.021463,1.747486,-2.166682
3.313325,-0.415590,-0.144026,-0.185277,1.868194,-2.196725
3.317327,-0.031296,-0.200648,0.423971,1.989828,-0.635166
3.321329,0.339888,-0.255342,0.291306,2.112501,1.012680
3.325330,-0.992260,-0.307323,-0.385704,2.236219,2.751954
3.329332,-0.094007,-0.355754,-0.015547,2.361086,-1.637601
3.333333,-0.808146,-0.399759,0.066433,2.487052,0.554540
3.337335,-0.484526,-0.438444,0.016801,2.614211,-1.374153
3.341337,-0.678405,-0.470921,0.232244,2.742473,0.533160
3.345338,-1.019093,-0.496337,-0.222988,2.871918,2.078759
3.349340,-1.212580,-0.513907,-0.586103,3.002425,-2.829218
3.353341,-0.863956,-0.522943,0.003878,3.134066,-1.565615
3.357343,0.438543,-0.522889,0.836724,-3.016484,-0.341286
3.361345,-0.301336,-0.513350,0.618322,-2.882793,0.928841
3.365346,-1.232247,-0.494117,-0.739157,-2.748190,2.297095
3.369348,-1.717605,-0.465195,-0.826894,-2.612630,-2.503507
3.373349,-0.205437,-0.426815,0.476875,-2.476253,-0.869357
3.377351,-0.534499,-0.379445,0.118709,-2.339030,1.234134
3.381353,-0.921288,-0.323794,-0.217898,-2.201088,-2.138232
3.385354,0.168763,-0.260803,0.630958,-2.062421,-0.252030
3.389356,-0.243594,-0.191630,0.232969,-1.923135,1.221617
3.393357,-0.833228,-0.117630,-0.387557,-1.783246,2.290187
3.397359,-0.645883,-0.040317,-0.715294,-1.642838,3.132776
3.401361,-0.741293,0.038666,-0.398567,-1.501952,-1.984090
3.405362,1.600138,0.117595,0.892388,-1.360646,-0.656904
3.409364,0.790113,0.194713,0.829740,-1.218989,0.649387
3.413365,0.849430,0.268276,-0.205782,-1.077012,1.820203
3.417367,-0.145473,0.336610,-0.618577,-0.934809,2.795839
3.421369,0.693478,0.398153,-0.506757,-0.792384,-2.630446
3.425370,1.071375,0.451503,-0.118446,-0.649853,-1.777420
3.429372,1.703025,0.495457,0.398589,-0.507202,-0.860669
3.433373,2.302117,0.529046,0.630285,-0.364561,0.116187
3.437375,1.491199,0.551558,0.300471,-0.221902,1.085070
3.441377,1.206090,0.562558,-0.328166,-0.079364,2.074422
3.445378,0.256578,0.561891,-0.703073,0.063092,-3.117106
3.449380,0.827627,0.549682,-0.255177,0.205327,-1.985832
3.453381,1.169092,0.526324,0.271606,0.347385,-1.001510
3.457383,1.150820,0.492462,0.470734,0.489133,-0.199139
3.461385,1.220450,0.448964,0.374932,0.630613,0.816049
3.465386,0.135758,0.396892,-0.225482,0.771708,2.021215
3.469388,0.272032,0.337467,-0.349560,0.912451,3.105415
3.473389,-0.040206,0.272033,-0.255142,1.052748,-2.827830
3.477391,0.119773,0.202015,-0.233684,1.192620,-2.068834
3.481393,0.716752,0.128885,0.480926,1.332005,-0.801115
3.485394,0.691291,0.054124,0.626817,1.470908,0.560867
3.489396,0.027946,-0.020812,-0.199342,1.609300,1.895033
3.493397,-0.631335,-0.094516,-0.422393,1.747173,3.056027
3.497399,-0.032803,-0.165664,-0.230670,1.884532,-2.439501
3.501401,-0.213199,-0.233028,0.009732,2.021356,-1.539260
3.505402,0.431065,-0.295495,0.229182,2.157686,-0.285169
3.509404,0.041463,-0.352077,0.033197,2.293494,0.363627
3.513405,0.344302,-0.401918,0.257090,2.428853,-0.221556
3.517407,0.333605,-0.444297,0.137209,2.563727,1.282748
3.521409,-0.628032,-0.478628,-0.512977,2.698219,2.831650
3.525410,0.126154,-0.504457,-0.142825,2.832288,-1.922374
3.529412,-0.018389,-0.521462,0.159075,2.966058,-0.564262
3.533413,0.367451,-0.529445,0.056256,3.099490,-0.881309
3.537415,0.057204,-0.528330,0.206155,-3.050466,0.014544
3.541417,0.391747,-0.518162,0.075499,-2.917475,1.264384
3.545418,-0.448678,-0.499097,-0.218204,-2.784582,2.458622
3.549420,0.009079,-0.471407,-0.271560,-2.651819,-2.460555
3.553421,-0.087621,-0.435477,0.286310,-2.519053,-0.830990
3.557423,0.490595,-0.391803,0.281025,-2.386306,0.956393
3.561425,-0.919294,-0.340995,-0.494011,-2.253465,2.767882
3.565426,-0.093065,-0.283773,-0.104556,-2.120541,-1.771061
3.569428,0.027596,-0.220969,0.451488,-1.987446,-0.131553
3.573429,-0.292134,-0.153526,0.061103,-1.854183,1.399386
3.577431,-0.769647,-0.082486,-0.301711,-1.720693,2.930354
3.581433,-0.672944,-0.008988,-0.022133,-1.586969,-1.631639
3.585434,0.139287,0.065745,0.544973,-1.452986,0.124655
3.589436,-0.696471,0.140423,-0.145709,-1.318730,1.754852
3.593437,-1.021223,0.213705,-0.964954,-1.184210,-3.013423
3.597439,-0.215415,0.284229,-0.038691,-1.049403,-1.610185
3.601441,1.059307,0.350630,0.776884,-0.914350,-0.361252
3.605442,0.469464,0.411578,0.506009,-0.779022,0.640369
3.609444,0.368737,0.465806,0.114821,-0.643487,1.357598
3.613445,-0.370096,0.512142,-0.305545,-0.507711,2.071956
3.617447,-0.639187,0.549541,-0.822537,-0.371782,3.031506
3.621449,-0.143147,0.577114,-0.475531,-0.235663,-2.089572
3.625450,0.992292,0.594155,0.588276,-0.099458,-0.845530
3.629452,1.570196,0.600167,0.577799,0.036866,0.280300
3.633453,0.838172,0.594879,0.294517,0.173195,0.771274
3.637455,1.183326,0.578258,0.051748,0.309557,1.489188
3.641457,-0.367712,0.550517,-0.715761,0.445837,2.754410
3.645458,0.230097,0.512109,-0.382049,0.582054,-2.231728
3.649460,0.074476,0.463722,0.013411,0.718100,-1.533944
3.653461,0.174183,0.406258,0.311509,0.853986,-1.070982
3.657463,0.873887,0.340815,1.068188,0.989615,0.249474
3.661465,-1.009793,0.268656,-0.248368,1.124985,1.758346
3.665466,-1.549667,0.191176,-1.203169,1.260020,-2.959194
3.669468,-0.825797,0.109871,0.180450,1.394704,-1.344623
3.673469,-0.125031,0.026295,0.207779,1.528982,0.539761
3.677471,-1.026520,-0.057972,-0.060172,1.662827,-1.772045
3.681473,-0.027993,-0.141362,0.511096,1.796208,0.011639
3.685474,-1.142101,-0.222354,-0.064202,1.929083,1.753556
3.689476,-1.107173,-0.299503,0.118122,2.061447,-0.693530
3.693477,-1.296288,-0.371472,0.089823,2.193248,1.438050
3.697479,-2.928159,-0.437052,-1.079196,2.324503,3.110586
3.701481,-1.453227,-0.495182,0.050510,2.455156,-1.528516
3.705482,-0.851363,-0.544963,1.021072,2.585248,0.112332
3.709484,-1.442382,-0.585664,-0.103345,2.714726,1.721721
3.713485,-1.835559,-0.616726,-0.317250,2.843653,3.062638
3.717487,-1.471425,-0.637758,-0.265427,2.971981,-3.016606
3.721489,-1.400023,-0.648532,-0.151135,3.099793,-1.837517
3.725490,-0.518028,-0.648973,0.777370,-3.056130,-0.339251
3.729492,-0.732049,-0.639152,0.391332,-2.929322,1.130354
3.733493,-2.010578,-0.619269,-0.674268,-2.802988,2.471822
3.737495,-1.589159,-0.589646,-0.687063,-2.677022,-2.634042
3.741497,-0.873214,-0.550716,0.110765,-2.551426,-1.431394
3.745498,0.170716,-0.503010,0.760864,-2.426092,0.016523
3.749500,-0.640856,-0.447154,-0.137778,-2.301004,1.816854
3.753501,-0.665546,-0.383859,-0.171438,-2.176057,-1.978828
3.757503,0.161538,-0.313918,0.613129,-2.051219,0.406998
3.761505,-1.281396,-0.238208,-0.594808,-1.926393,2.319136
3.765506,-1.280424,-0.157686,-0.459954,-1.801538,-2.172530
3.769508,-0.558974,-0.073390,0.434360,-1.676574,-0.415866
3.773509,-1.149996,0.013560,0.011681,-1.551452,-1.115122
3.777511,-0.806034,0.101963,0.497760,-1.426120,0.053496
3.781513,-1.430172,0.190547,-0.199192,-1.300525,1.828162
3.785514,-2.070762,0.277972,-0.669491,-1.174643,-2.637143
3.789516,-0.749463,0.362845,0.364632,-1.048426,-0.655623
3.793517,-1.270898,0.443740,-0.213300,-0.921878,2.621196
3.797519,-0.688997,0.519218,0.251866,-0.794958,-1.160077
3.801521,0.241420,0.587858,0.679184,-0.667696,0.674203
3.805522,-1.118229,0.648288,-0.567618,-0.540062,2.381188
3.809524,-0.169964,0.699219,-0.296932,-0.412107,-2.345365
3.813525,0.191635,0.739481,-0.092495,-0.283810,-2.383202
3.817527,0.428729,0.768060,-0.034891,-0.155241,-1.661287
3.821529,1.619902,0.784131,0.407426,-0.026384,-0.248604
3.825530,0.673294,0.787089,0.170881,0.102676,0.739221
3.829532,1.819518,0.776572,0.238060,0.231947,0.801264
3.833533,0.078030,0.752483,-0.284939,0.361343,2.013810
3.837535,0.447264,0.714997,-0.803939,0.490864,-2.849667
3.841537,0.330597,0.664564,0.116702,0.620427,-1.424350
3.845538,1.011376,0.601902,0.556178,0.750027,-0.058542
3.849540,0.079106,0.527986,0.131164,0.879590,0.787542
3.853541,-0.105449,0.444022,0.394970,1.009107,0.325446
3.857543,-0.488635,0.351423,-0.041974,1.138517,1.618816
3.861545,-2.215166,0.251774,-1.128872,1.267807,3.048362
3.865546,-0.962010,0.146797,-0.264154,1.396933,-1.818737
3.869548,-0.451725,0.038310,0.626272,1.525880,-0.563676
3.873549,-0.358868,-0.071808,0.470140,1.654622,0.044713
3.877551,-0.338023,-0.181657,0.555035,1.783143,0.693495
3.881553,-1.384204,-0.289356,-0.354540,1.911435,1.943970
3.885554,-1.685567,-0.393070,-0.934189,2.039477,-2.972495
3.889556,-1.257726,-0.491051,-0.077111,2.167280,-1.684356
3.893557,-0.285461,-0.581660,0.272544,2.294821,-0.790120
3.897559,-0.933404,-0.663394,0.347646,2.422126,-0.280261
3.901561,-0.273556,-0.734909,0.316508,2.549174,0.658742
3.905562,-1.490600,-0.795032,0.007673,2.676003,1.549607
3.909564,-1.379550,-0.842778,-0.325683,2.802592,2.378204
3.913565,-2.096454,-0.877361,-0.548466,2.928991,-2.606883
3.917567,-1.028988,-0.898196,0.411754,3.055181,-1.011859
3.921569,-0.330703,-0.904909,0.681113,-3.101966,0.664261
3.925570,-1.749823,-0.897333,-0.577080,-2.976093,2.250035
3.929572,-1.030065,-0.875509,-0.812922,-2.850322,-2.621892
3.933573,-0.285456,-0.839681,0.216940,-2.724660,-1.336748
3.937575,0.757223,-0.790292,0.851227,-2.599041,-0.076102
3.941577,0.059557,-0.727979,0.267738,-2.473466,1.097589
3.945578,-0.866415,-0.653565,0.022843,-2.347871,1.503467
3.949580,-0.699311,-0.568054,-0.303770,-2.222250,2.067953
3.953581,-2.385658,-0.472626,-0.821191,-2.096548,-2.863897
3.957583,-0.203380,-0.368626,0.197591,-1.970754,-1.288235
3.961585,-1.011682,-0.257553,0.244244,-1.844827,0.753193
3.965586,-0.401856,-0.141050,-0.326240,-1.718754,-2.560835
3.969588,-0.125077,-0.020880,0.425415,-1.592505,-0.822971
3.973589,0.602646,0.101088,0.576118,-1.466066,0.455786
3.977591,-0.174322,0.222909,0.115333,-1.339421,1.387436
3.981593,-0.718147,0.342587,-0.552806,-1.212551,2.370175
3.985594,-1.007303,0.458106,-0.754788,-1.085456,-2.697986
3.989596,-0.112582,0.567466,0.070002,-0.958117,-1.462548
3.993597,0.217371,0.668714,0.224892,-0.830546,-0.839853
3.997599,0.562498,0.759988,0.528167,-0.702726,-0.614247
4.001601,1.261835,0.839557,0.970847,-0.574682,0.621284
4.005602,-0.416666,0.905857,-0.713710,-0.446398,2.039349
4.009604,-1.046920,0.957534,-1.589554,-0.317911,-2.785745
4.013605,1.006519,0.993475,0.377007,-0.189206,-1.322028
4.017607,1.935408,1.012844,1.138289,-0.060329,0.130986
4.021609,0.894327,1.015105,0.015671,0.068729,1.546531
4.025610,0.752594,1.000047,-0.120276,0.197918,2.577018
4.029612,0.768267,0.967793,-0.031694,0.327243,1.665639
4.033613,0.077834,0.918806,-0.641187,0.456649,3.017032
4.037615,0.253682,0.853883,-0.203729,0.586137,-1.829464
4.041617,1.200254,0.774141,0.719934,0.715653,-0.377067
4.045618,0.236474,0.680997,0.291726,0.845194,1.056196
4.049620,-0.025440,0.576138,-0.205918,0.974709,2.312388
4.053621,-0.804621,0.461478,-0.118782,1.104188,2.310471
4.057623,-0.575174,0.339122,-0.378462,1.233589,-3.092461
4.061625,-1.309302,0.211314,-0.055827,1.362894,-1.702474
4.065626,-0.560536,0.080386,0.202416,1.492071,-0.561425
4.069628,-1.418314,-0.051295,0.236446,1.621099,-0.741908
4.073629,-0.967942,-0.181374,0.659766,1.749955,0.531744
4.077631,-2.396082,-0.307565,-0.518551,1.878614,2.080853
4.081633,-3.321818,-0.427693,-0.920472,2.007067,-2.623130
4.085634,-1.580073,-0.539735,0.348742,2.135287,-1.114538
4.089636,-2.033461,-0.641862,0.479626,2.263275,0.091918
4.093637,-1.748879,-0.732462,0.228551,2.391007,1.029866
4.097639,-2.447057,-0.810167,-0.420993,2.518497,2.518125
4.101641,-2.245948,-0.873867,-0.124255,2.645722,-1.827943
4.105642,-1.160097,-0.922719,0.395765,2.772707,0.471793
4.109644,-2.674923,-0.956151,-0.478905,2.899432,2.789024
4.113645,-1.537221,-0.973862,0.048507,3.025931,-1.482797
4.117647,-1.732620,-0.975814,0.395282,-3.130997,0.233127
4.121649,-1.875277,-0.962221,0.120013,-3.004942,0.822232
4.125650,-1.928025,-0.933536,0.094743,-2.879099,1.380905
4.129652,-3.025360,-0.890439,-0.802973,-2.753426,2.910153
4.133653,-2.098013,-0.833815,-0.176346,-2.627930,-1.775186
4.137655,-1.468683,-0.764735,0.582042,-2.502566,-0.245788
4.141657,-1.659313,-0.684439,0.172914,-2.377337,0.560758
4.145658,-1.455604,-0.594311,0.372759,-2.252198,0.608116
4.149660,-2.068116,-0.495859,-0.343376,-2.127148,2.030100
4.153661,-2.555852,-0.390689,-0.789201,-2.002146,-2.719223
4.157663,-1.263186,-0.280488,0.274489,-1.877184,-1.192741
4.161665,-1.269151,-0.166998,0.484887,-1.752232,0.305119
4.165666,-1.448058,-0.051992,-0.075913,-1.627274,1.860352
4.169668,-1.764846,0.062749,-0.059580,-1.502289,-2.069794
4.173669,-1.017815,0.175456,0.252645,-1.377259,0.263269
4.177671,-1.595676,0.284404,-0.115376,-1.252172,1.827876
4.181673,-1.553927,0.387930,-0.575992,-1.127007,-2.989650
4.185674,-0.915112,0.484458,0.011962,-1.001764,-1.550930
4.189676,0.108589,0.572528,0.515163,-0.876421,-0.143030
4.193677,-0.096266,0.650813,0.129606,-0.750988,1.225708
4.197679,-0.089379,0.718146,-0.187257,-0.625442,2.559859
4.201681,0.217979,0.773537,-0.038744,-0.499800,-2.850467
4.205682,0.010412,0.816193,-0.181279,-0.374040,2.555786
4.209684,-0.013820,0.845529,-0.324011,-0.248185,-2.255690
4.213685,0.486869,0.861177,0.586487,-0.122209,-0.718478
4.217687,0.618108,0.862996,0.611477,0.003860,0.815122
4.221689,-0.831414,0.851068,-0.487012,0.130047,2.283755
4.225690,-0.612909,0.825701,-0.364831,0.256325,-2.905436
4.229692,-0.572435,0.787420,-0.439142,0.382719,-2.971582
4.233693,-0.369212,0.736953,-0.212342,0.509201,-1.802022
4.237695,1.388678,0.675228,1.124250,0.635794,-0.356662
4.241697,0.536580,0.603344,0.508719,0.762470,1.115043
4.245698,-0.418800,0.522566,-0.709623,0.889246,2.542325
4.249700,-0.366705,0.434288,-0.359754,1.016098,-2.459270
4.253701,-0.111309,0.340021,-0.061411,1.143037,-1.989261
4.257703,-0.459580,0.241356,-0.173126,1.270042,-2.153189
4.261705,-0.185667,0.139940,0.299747,1.397120,-1.059790
4.265706,0.080360,0.037447,0.861699,1.524256,0.238552
4.269708,-0.934455,-0.064455,-0.047981,1.651451,1.616489
4.273709,-2.290789,-0.164127,-1.025103,1.778699,3.018529
4.277711,-1.336505,-0.259993,-0.257011,1.905996,-1.884199
4.281713,-1.000407,-0.350560,0.436772,2.033349,-0.586639
4.285714,-0.877427,-0.434446,0.196114,2.160750,0.375947
4.289716,-1.251864,-0.510393,0.185303,2.288217,-0.066125
4.293717,-0.841836,-0.577289,0.266259,2.415741,0.864127
4.297719,-1.828317,-0.634175,-0.322460,2.543351,2.184066
4.301721,-1.621563,-0.680262,-0.486350,2.671036,-2.640820
4.305722,-1.330811,-0.714934,0.187419,2.798835,-1.026237
4.309724,-1.044165,-0.737754,-0.022472,2.926738,1.768295
4.313725,-1.450498,-0.748464,-0.057447,3.054790,-1.719041
4.317727,-0.369619,-0.746989,0.639174,-3.100201,-0.067566
4.321729,-1.167230,-0.733431,0.091642,-2.971816,1.441862
4.325730,-1.865094,-0.708071,-0.603029,-2.843245,2.812423
4.329732,-1.487823,-0.671357,-0.353014,-2.714439,-2.278767
4.333733,-1.302193,-0.623904,0.222605,-2.585400,-1.128749
4.337735,-0.518748,-0.566488,0.502147,-2.456081,0.137855
4.341737,-1.480860,-0.500031,0.064787,-2.326483,1.423606
4.345738,-1.334471,-0.425598,-0.315587,-2.196565,2.555965
4.349740,-1.710704,-0.344381,-0.354812,-2.066324,-2.626078
4.353741,-1.000142,-0.257684,0.136228,-1.935727,-1.273655
4.357743,-0.727563,-0.166915,0.411398,-1.804769,0.292478
4.361745,-1.387527,-0.073558,-0.141763,-1.673427,2.129475
4.365746,-0.903879,0.020838,0.065120,-1.541694,-1.210911
4.369748,-0.934854,0.114689,0.220669,-1.409559,1.021227
4.373749,-1.246064,0.206392,-0.540531,-1.277012,2.644779
4.377751,-1.189517,0.294360,-0.378688,-1.144054,-2.191682
4.381753,-0.064469,0.377041,0.330545,-1.010673,-0.922571
4.385754,-0.109929,0.452952,0.414159,-0.876883,0.071926
4.389756,-0.127522,0.520706,0.241756,-0.742671,0.862872
4.393758,-0.602754,0.579042,-0.057871,-0.608061,1.725206
4.397759,-0.886810,0.626851,-0.322525,-0.473040,2.586142
4.401761,-1.012780,0.663200,-0.417008,-0.337639,-2.807649
4.405762,-0.545613,0.687358,-0.060937,-0.201846,-1.683596
4.409764,0.152059,0.698812,0.551060,-0.065702,-0.358910
4.413766,0.240193,0.697288,0.261426,0.070801,1.077169
4.417767,-0.550158,0.682758,-0.389616,0.207617,2.575896
4.421769,0.228997,0.655450,-0.205144,0.344747,-2.173420
4.425770,0.053284,0.615847,0.221342,0.482140,-0.626535
4.429772,0.669720,0.564684,0.115824,0.619792,0.917233
4.433774,-0.493933,0.502930,-0.083509,0.757649,2.462592
4.437775,0.293255,0.431778,-0.016781,0.895700,-2.077099
4.441777,-0.670089,0.352614,0.012599,1.033892,1.126075
4.445778,-0.201095,0.266988,-0.050580,1.172207,2.454159
4.449780,-0.940492,0.176584,-0.108449,1.310599,-2.759643
4.453782,-0.677303,0.083176,-0.006272,1.449040,-1.602807
4.457783,-0.589681,-0.011406,0.295121,1.587491,-0.321018
4.461785,-0.893943,-0.105322,0.198081,1.725922,1.118046
4.465786,-1.463535,-0.196759,-0.519390,1.864300,2.716393
4.469788,-1.360015,-0.283969,-0.138336,2.002590,-1.804063
4.473790,-0.545809,-0.365312,0.521375,2.140769,0.188150
4.477791,-1.462697,-0.439281,-0.379268,2.278801,2.485181
4.481793,-1.173958,-0.504537,0.059661,2.416671,-1.458824
4.485794,-0.607760,-0.559928,0.413243,2.554342,0.755343
4.489796,-1.815427,-0.604511,-0.521332,2.691810,3.086504
4.493798,-0.748939,-0.637565,0.447695,2.829037,-0.682714
4.497799,-1.112033,-0.658594,-0.016031,2.966027,1.592120
4.501801,-1.953707,-0.667337,-0.686034,3.102747,-2.596558
4.505802,-0.158814,-0.663760,0.612062,-3.043976,-0.383912
4.509804,-1.331886,-0.648048,-0.362282,-2.907802,2.204053
4.513806,-0.769126,-0.620600,-0.123813,-2.771895,-1.716144
4.517807,0.371773,-0.582008,0.976219,-2.636276,0.303970
4.521809,-1.359513,-0.533042,-0.596439,-2.500921,2.267236
4.525810,-0.670894,-0.474632,-0.211535,-2.365841,-1.888112
4.529812,-0.301077,-0.407846,0.477033,-2.231009,0.526069
4.533814,-0.820903,-0.333872,-0.543787,-2.096425,2.778291
4.537815,-0.405901,-0.253997,0.052912,-1.962061,-1.471028
4.541817,0.482109,-0.169584,0.333894,-1.827906,0.633825
4.545818,-0.428009,-0.082050,-0.379115,-1.693933,2.774382
4.549820,0.291104,0.007146,-0.110092,-1.560121,-1.791893
4.553822,0.667934,0.096531,0.590641,-1.426442,-0.384914
4.557823,0.499026,0.184631,0.412185,-1.292865,1.002675
4.561825,-0.606454,0.269990,-0.587636,-1.159366,2.470024
4.565826,-0.708022,0.351183,-0.322975,-1.025906,-2.285925
4.569828,0.031501,0.426839,0.032639,-0.892464,-0.873776
4.573830,-0.582215,0.495651,-0.232137,-0.759001,-2.219169
4.577831,0.582294,0.556396,0.488249,-0.625502,-0.627414
4.581833,0.472364,0.607957,0.289986,-0.491929,0.965778
4.585834,-0.087065,0.649338,-0.140708,-0.358274,2.531520
4.589836,0.928484,0.679682,0.138066,-0.224504,0.927304
4.593838,-0.276109,0.698296,-0.365303,-0.090618,2.344892
4.597839,0.584636,0.704664,-0.596271,0.043414,-2.669710
4.601841,0.412236,0.698467,0.050236,0.177583,-1.506109
4.605842,1.920387,0.679595,0.831564,0.311914,-0.282379
4.609844,0.912445,0.648160,0.412944,0.446393,1.020733
4.613846,0.261193,0.604504,-0.283511,0.581036,2.190021
4.617847,0.116258,0.549200,-0.238978,0.715829,2.380260
4.621849,-0.520407,0.483054,-0.656393,0.850781,-3.084919
4.625850,0.179479,0.407092,-0.125314,0.985877,-1.723068
4.629852,0.783927,0.322554,0.653596,1.121120,-0.334645
4.633854,0.732416,0.230873,0.293234,1.256494,0.760101
4.637855,0.153488,0.133653,0.097902,1.391997,1.294848
4.641857,0.104580,0.032643,-0.370693,1.527612,2.473644
4.645858,-0.581304,-0.070293,-0.247753,1.663330,-2.217556
4.649860,0.489741,-0.173219,0.197901,1.799135,-0.242775
4.653862,-0.867853,-0.274160,-0.148028,1.935011,3.025768
4.657863,0.017584,-0.371148,0.131115,2.070946,-1.036084
4.661865,-0.789314,-0.462260,0.149396,2.206916,0.871788
4.665866,-0.824916,-0.545669,-0.127223,2.342913,3.122203
4.669868,-0.994888,-0.619678,0.122656,2.478910,-0.494557
4.673870,-1.062235,-0.682760,0.103636,2.614900,1.028006
4.677871,-1.409851,-0.733600,-0.156579,2.750855,2.072146
4.681873,-1.791166,-0.771116,-0.548420,2.886772,-2.921703
4.685874,-1.142070,-0.794488,0.096576,3.022625,-1.442510
4.689876,-0.340284,-0.803179,0.754007,-3.124773,0.079992
4.693878,-1.024558,-0.796937,0.026750,-2.989074,1.520450
4.697879,-1.120401,-0.775807,-0.172507,-2.853459,2.335244
4.701881,-0.999645,-0.740125,-0.357834,-2.717945,2.740484
4.705882,-0.929269,-0.690509,-0.293965,-2.582527,-2.118231
4.709884,0.439648,-0.627843,0.493719,-2.447215,-0.405336
4.713886,-0.099059,-0.553259,-0.010634,-2.311999,1.597316
4.717887,0.076485,-0.468111,-0.281257,-2.176881,-2.480838
4.721889,0.568580,-0.373946,0.283294,-2.041848,-0.680776
4.725890,0.646498,-0.272474,0.290222,-1.906896,0.557146
4.729892,0.261201,-0.165536,-0.004711,-1.772008,1.581887
4.733894,-0.285382,-0.055074,-0.534224,-1.637172,2.965924
4.737895,0.239187,0.056910,-0.005983,-1.502371,-1.582245
4.741897,0.767948,0.168381,0.356834,-1.367590,0.656087
4.745898,-0.103558,0.277307,-0.638564,-1.232812,3.002909
4.749900,0.881199,0.381695,0.169951,-1.098018,-1.389237
4.753902,1.882551,0.479624,1.011137,-0.963193,0.295355
4.757903,0.616303,0.569276,-0.264507,-0.828314,1.867947
4.761905,0.450232,0.648967,-0.550508,-0.693370,-3.030707
4.765906,0.792254,0.717181,-0.214332,-0.558337,-2.416510
4.769908,0.950018,0.772592,-0.108799,-0.423203,-1.806683
4.773910,1.761515,0.814091,0.575088,-0.287947,-0.462155
4.777911,1.487492,0.840812,0.337912,-0.152560,1.035096
4.781913,0.814511,0.852147,-0.488010,-0.017021,2.605745
4.785914,1.061709,0.847767,-0.176483,0.118675,-1.974522
4.789916,1.797920,0.827628,0.403931,0.254546,-0.078730
4.793918,1.244924,0.791984,-0.104753,0.390596,1.794091
4.797919,1.055937,0.741385,-0.529409,0.526838,-2.805668
4.801921,1.563927,0.676677,0.163877,0.663272,-1.273016
4.805922,2.124678,0.598988,0.430932,0.799908,0.065747
4.809924,1.407761,0.509721,0.184143,0.936742,0.901121
4.813926,1.500502,0.410521,0.005498,1.073780,1.556854
4.817927,0.425155,0.303258,-0.520853,1.211015,2.736390
4.821929,0.731361,0.189985,-0.389508,1.348447,-2.207350
4.825930,1.264687,0.072902,0.438734,1.486069,-0.852305
4.829932,1.373022,-0.045689,0.561837,1.623876,0.518172
4.833934,0.596166,-0.163431,-0.221970,1.761859,1.953982
4.837935,0.180593,-0.277966,-0.432413,1.900008,-2.825183
4.841937,0.725230,-0.386979,0.030680,2.038314,-1.409470
4.845938,0.259389,-0.488260,-0.146674,2.176761,-2.321587
4.849940,0.804662,-0.579749,0.411737,2.315337,-0.863190
4.853942,0.772749,-0.659587,0.704861,2.454024,0.743663
4.857943,-0.643801,-0.726161,-0.746968,2.592806,2.355605
4.861945,-0.917606,-0.778143,-0.623220,2.731659,-2.353982
4.865946,0.291238,-0.814525,0.302536,2.870567,-0.943982
4.869948,-0.244108,-0.834644,0.238103,3.009502,-0.412789
4.873950,0.320545,-0.838198,0.434006,-3.134742,0.328394
4.877951,-0.651397,-0.825252,-0.136921,-2.995825,1.805568
4.881953,-0.868484,-0.796240,-0.509850,-2.856955,-2.871074
4.885954,-0.388892,-0.751947,0.096390,-2.718166,-1.289265
4.889956,-0.362873,-0.693494,0.163349,-2.579486,-0.101332
4.893958,-0.201317,-0.622300,0.158043,-2.440949,0.479513
4.897959,-0.443160,-0.540048,-0.100240,-2.302586,1.941180
4.901961,-0.303793,-0.448635,-0.262895,-2.164434,-2.556117
4.905962,0.426688,-0.350126,0.250404,-2.026527,-0.591296
4.909964,0.486548,-0.246692,0.023120,-1.888901,1.492489
4.913966,0.482158,-0.140555,-0.296088,-1.751590,-2.829378
4.917967,1.066690,-0.033933,0.124083,-1.614630,-1.116325
4.921969,1.338863,0.071017,0.169702,-1.478055,0.263350
4.925970,1.294065,0.172253,0.094499,-1.341898,0.487581
4.929972,1.370955,0.267885,0.088151,-1.206189,1.161005
4.933974,1.133024,0.356223,-0.176384,-1.070956,2.241377
4.937975,0.948769,0.435800,-0.331612,-0.936226,3.013682
4.941977,0.881704,0.505397,-0.419266,-0.802021,-2.383394
4.945978,1.593141,0.564057,0.393447,-0.668363,-1.122819
4.949980,2.014881,0.611087,1.056159,-0.535265,0.265319
4.953982,1.003094,0.646060,-0.056001,-0.402744,1.627467
4.957983,-0.138407,0.668801,-0.588694,-0.270804,2.709579
4.961985,0.520173,0.679376,-0.595055,-0.139451,3.105614
4.965986,-0.353569,0.678066,-0.641511,-0.008684,-2.266251
4.969988,1.968822,0.665351,0.675121,0.121501,-1.012265
4.973990,1.641452,0.641877,1.229272,0.251114,0.244374
4.977991,1.374497,0.608439,0.208164,0.380165,1.379965
4.981993,-0.174214,0.565949,-0.685121,0.508670,2.377240
4.985994,0.053086,0.515412,-0.850855,0.636649,-2.964931
4.989996,0.262534,0.457903,-0.393694,0.764125,-2.071988
4.993998,1.210430,0.394544,0.331450,0.891125,-1.178869
4.997999,1.642929,0.326487,0.935084,1.017678,-0.156194
5.002001,1.360350,0.254893,0.548512,1.143816,0.927025
5.006002,0.223759,0.180920,-0.258041,1.269569,1.895946
5.010004,-0.198841,0.105714,-0.772404,1.394972,2.780357
5.014006,-0.202720,0.030389,-0.691074,1.520057,-2.422747
5.018007,0.864778,-0.043972,0.328909,1.644857,-1.179293
5.022009,1.658263,-0.116332,0.621122,1.769404,0.040417
5.026010,0.887446,-0.185707,0.221670,1.893730,0.935135
5.030012,1.515929,-0.251166,0.011337,2.017858,1.537216
5.034014,0.334739,-0.311846,-0.288038,2.141810,2.454474
5.038015,0.899152,-0.366957,-0.381146,2.265600,-2.878457
5.042017,0.236944,-0.415788,-0.131984,2.389236,-1.846350
5.046018,0.905058,-0.457725,0.460525,2.512720,-0.600014
5.050020,0.390003,-0.492251,0.384420,2.636044,0.638995
5.054022,-0.316114,-0.518965,0.093721,2.759196,1.301141
5.058023,-0.538799,-0.537584,-0.214691,2.882154,1.917645
5.062025,-1.654093,-0.547953,-1.023663,3.004893,-3.105276
5.066026,-0.691516,-0.550050,-0.197593,3.127379,-1.735370
5.070028,0.768667,-0.543984,1.018792,-3.033605,-0.453341
5.074030,0.243063,-0.529994,0.819780,-2.911728,0.631948
5.078031,0.029981,-0.508440,-0.125263,-2.790209,1.687506
5.082033,-1.595259,-0.479795,-1.130707,-2.669091,2.946724
5.086034,0.082526,-0.444629,-0.350969,-2.548405,-1.920211
5.090036,0.724125,-0.403597,0.635354,-2.428191,-0.392834
5.094038,0.718625,-0.357416,0.027047,-2.308473,1.479378
5.098039,0.672836,-0.306852,-0.077185,-2.189280,-1.849236
5.102041,1.285321,-0.252697,0.540142,-2.070626,-0.045322
5.106042,1.055333,-0.195751,0.080255,-1.952523,1.457252
5.110044,-0.124729,-0.136810,-0.702984,-1.834968,2.927373
5.114046,0.682042,-0.076645,-0.196211,-1.717956,-1.929355
5.118047,0.718571,-0.016001,0.210921,-1.601467,-0.848525
5.122049,1.258964,0.044417,0.346086,-1.485475,-0.378832
5.126050,1.077445,0.103950,0.409659,-1.369941,0.918403
5.130052,0.414979,0.161981,-0.735894,-1.254816,2.519357
5.134054,0.450531,0.217939,-0.492554,-1.140044,-2.121648
5.138055,1.867391,0.271293,0.613062,-1.025554,-0.560413
5.142057,1.529535,0.321547,0.319382,-0.911273,0.489273
5.146058,1.390279,0.368234,0.372923,-0.797111,0.778521
5.150060,0.905660,0.410908,-0.498471,-0.682979,2.140812
5.154062,-0.104648,0.449134,-0.857491,-0.568773,-2.540361
5.158063,1.911108,0.482485,0.510901,-0.454396,-0.857186
5.162065,0.882617,0.510534,0.128764,-0.339738,1.087431
5.166066,1.080570,0.532849,0.085012,-0.224702,-1.290635
5.170068,1.300015,0.548999,0.511156,-0.109179,0.506555
5.174070,0.164181,0.558555,-0.220352,0.006919,1.995677
5.178071,0.365934,0.561096,-0.308710,0.123692,2.924728
5.182073,-0.207995,0.556225,-0.398541,0.241213,-2.928389
5.186074,0.468670,0.543583,-0.124210,0.359564,-1.784515
5.190076,1.033536,0.522870,0.514574,0.478798,-0.563066
5.194078,1.161668,0.493866,0.516285,0.598973,0.551375
5.198079,0.628848,0.456457,-0.157724,0.720121,1.811049
5.202081,0.223229,0.410663,-0.609857,0.842273,-2.886255
5.206082,1.011171,0.356656,0.309320,0.965438,-0.849655
5.210084,1.057422,0.294787,-0.082218,1.089625,1.738738
5.214086,-0.056850,0.225599,-0.555965,1.214825,-2.376790
5.218087,2.083127,0.149841,0.819872,1.341026,-0.529461
5.222089,0.657585,0.068471,0.319188,1.468204,1.211222
5.226090,0.224538,-0.017346,-0.671347,1.596333,2.875684
5.230092,0.040391,-0.106247,-0.144524,1.725378,-1.893983
5.234094,0.516215,-0.196694,0.261437,1.855300,-0.657422
5.238095,0.351895,-0.287001,0.294328,1.986060,0.588259
5.242097,-0.369788,-0.375367,-0.174740,2.117613,2.028844
5.246098,-0.330348,-0.459921,-0.348360,2.249916,-2.827061
5.250100,-0.400012,-0.538767,-0.009261,2.382920,-1.603426
5.254102,0.170361,-0.610037,0.189969,2.516585,-0.591007
5.258103,-0.570423,-0.671942,0.141609,2.650856,0.589663
5.262105,-0.247419,-0.722827,-0.015045,2.785697,2.786174
5.266106,-1.091007,-0.761224,0.221667,2.921051,0.159475
5.270108,-0.577520,-0.785898,-0.038004,3.056884,1.664208
5.274110,-2.143270,-0.795895,-0.428516,-3.090046,3.074895
5.278111,-0.821367,-0.790574,-0.165565,-2.953402,-2.113870
5.282113,-1.422751,-0.769636,0.040417,-2.816422,-1.450967
5.286114,-0.096204,-0.733144,0.469189,-2.679138,-0.279635
5.290116,-0.634076,-0.681525,0.172077,-2.541597,1.240138
5.294118,-0.869451,-0.615571,-0.419118,-2.403829,2.901434
5.298119,-0.275811,-0.536420,-0.032697,-2.265876,-1.686904
5.302121,-0.067746,-0.445533,0.182256,-2.127763,-0.291218
5.306122,0.352692,-0.344659,0.173822,-1.989527,0.850070
5.310124,-0.119453,-0.235796,-0.325585,-1.851191,2.388173
5.314126,0.370996,-0.121141,-0.339674,-1.712783,-2.176873
5.318127,1.382203,-0.003033,0.593100,-1.574325,-0.364690
5.322129,1.341897,0.116097,0.017980,-1.435836,1.539412
5.326130,0.696395,0.233790,-0.428672,-1.297334,-2.786812
5.330132,1.815334,0.347610,0.184146,-1.158832,-0.837181
5.334134,0.945026,0.455208,-0.049929,-1.020344,2.620735
5.338135,1.677877,0.554365,0.216035,-0.881874,-0.941713
5.342137,1.155242,0.643045,0.507292,-0.743433,0.645780
5.346138,0.956205,0.719436,-0.324095,-0.605018,2.037294
5.350140,-0.058826,0.781984,-0.657656,-0.466639,-3.126780
5.354142,1.072122,0.829424,-0.447389,-0.328286,-2.287927
5.358143,1.072347,0.860807,0.219695,-0.189969,-1.315125
5.362145,2.743438,0.875511,0.975678,-0.051674,-0.147622
5.366146,1.354695,0.873258,0.450331,0.086589,1.043777
5.370148,1.275968,0.854113,-0.312856,0.224834,2.077946
5.374150,0.436108,0.818485,-0.416953,0.363053,2.673479
5.378151,0.886043,0.767114,-0.577986,0.501259,-3.037196
5.382153,0.895083,0.701053,-0.349407,0.639446,-2.063136
5.386154,2.123514,0.621649,0.437621,0.777627,-0.954634
5.390156,2.331127,0.530514,0.611617,0.915793,0.127245
5.394158,1.815691,0.429493,0.224689,1.053955,0.970691
5.398159,1.620285,0.320625,0.105536,1.192103,1.245219
5.402161,0.797666,0.206100,-0.151297,1.330241,1.860076
5.406162,0.186126,0.088216,-0.734517,1.468362,2.933702
5.410164,0.072660,-0.030671,-0.425371,1.606464,-2.099273
5.414166,1.209266,-0.148202,0.519860,1.744543,-0.773476
5.418167,0.902047,-0.262056,0.364147,1.882592,0.464928
5.422169,1.007950,-0.370003,0.199235,2.020608,0.422548
5.426170,0.709908,-0.469952,0.150296,2.158579,1.300537
5.430172,0.123532,-0.559990,-0.764830,2.296503,2.863692
5.434174,0.224553,-0.638424,-0.082187,2.434360,-1.672877
5.438175,1.425379,-0.703817,0.647176,2.572149,0.262993
5.442177,-0.440633,-0.755014,-0.409462,2.709842,2.401771
5.446178,0.290953,-0.791171,-0.115637,2.847437,-1.794293
5.450180,0.065576,-0.811765,0.445303,2.984897,0.017995
5.454182,-0.103182,-0.816608,0.029364,3.122218,1.467986
5.458183,-0.849882,-0.805846,-0.135007,-3.023829,2.332514
5.462185,-0.566875,-0.779950,-0.191964,-2.886883,-2.757649
5.466186,-0.662716,-0.739704,0.118285,-2.750176,-0.695136
5.470188,-0.103704,-0.686180,-0.097744,-2.613725,2.044317
5.474190,-0.622654,-0.620706,-0.205194,-2.477579,-2.238048
5.478191,0.825787,-0.544830,0.262462,-2.341758,-0.401227
5.482193,-0.012573,-0.460277,-0.066018,-2.206314,2.196066
5.486194,0.798963,-0.368902,0.128748,-2.071269,-1.080010
5.490196,0.553684,-0.272642,0.318118,-1.936674,0.606669
5.494198,0.311249,-0.173468,-0.081225,-1.802555,1.886929
5.498199,0.254200,-0.073337,-0.053423,-1.668958,1.790399
5.502201,-0.136174,0.025853,-0.562106,-1.535917,2.818855
5.506202,0.284588,0.122303,-0.378652,-1.403469,-2.070960
5.510204,1.414503,0.214350,0.543560,-1.271655,-0.678986
5.514206,1.456239,0.300501,0.325084,-1.140504,0.508295
5.518207,1.300464,0.379452,0.222147,-1.010059,0.172987
5.522209,1.750065,0.450109,0.372890,-0.880338,0.922079
5.526210,0.311407,0.511598,-0.535193,-0.751379,2.150133
5.530212,0.368556,0.563266,-1.177349,-0.623189,-2.845266
5.534214,0.606881,0.604675,0.033970,-0.495798,-1.545516
5.538215,2.974768,0.635593,1.268730,-0.369194,-0.275418
5.542217,1.143053,0.655975,0.744195,-0.243400,0.927021
5.546218,0.981608,0.665948,-0.619388,-0.118382,2.102905
5.550220,-0.939161,0.665781,-1.206581,0.005853,-2.917903
5.554222,1.268671,0.655867,0.040931,0.129361,-1.534997
5.558223,1.015684,0.636692,0.840587,0.252155,-0.070004
5.562225,0.812121,0.608814,0.050266,0.374314,1.428481
5.566226,0.249400,0.572844,0.208867,0.495873,-0.113403
5.570228,0.458227,0.529423,0.123303,0.616928,1.394396
5.574230,-1.025780,0.479215,-0.972242,0.737539,2.919816
5.578231,-0.148471,0.422891,-0.296262,0.857816,-1.862472
5.582233,0.805916,0.361132,0.751322,0.977837,-0.442045
5.586234,0.631435,0.294623,0.409870,1.097720,0.711994
5.590236,0.343690,0.224063,0.077281,1.217551,1.405771
5.594238,-0.161953,0.150170,-0.492982,1.337446,2.438353
5.598239,-0.118505,0.073692,-0.597091,1.457494,-2.504407
5.602241,0.529647,-0.004582,0.264120,1.577794,-1.170005
5.606242,1.238216,-0.083816,0.572695,1.698434,-0.041587
5.610244,0.258972,-0.163113,0.314239,1.819491,1.039026
5.614246,0.151810,-0.241516,-0.543131,1.941039,2.454698
5.618247,-0.724298,-0.318004,-0.293529,2.063130,-2.059803
5.622249,0.938951,-0.391501,0.464956,2.185824,0.287153
5.626251,-1.306329,-0.460879,-0.690027,2.309143,2.825893
5.630252,0.170464,-0.524979,0.119695,2.433133,-1.464253
5.634254,0.485257,-0.582631,1.210023,2.557793,0.336791
5.638255,-0.858828,-0.632674,-0.527391,2.683152,2.108988
5.642257,-1.044135,-0.673990,-0.230347,2.809188,-2.127704
5.646259,-0.312035,-0.705531,0.041708,2.935917,1.493110
5.650260,-1.877029,-0.726357,-1.173881,3.063299,-2.919210
5.654262,0.132499,-0.735665,0.380438,-3.091845,-1.323276
5.658263,0.869263,-0.732826,1.464376,-2.963196,0.176207
5.662265,-0.633975,-0.717412,-0.008020,-2.833942,1.578092
5.666267,-1.301523,-0.689219,-0.545819,-2.704142,2.767789
5.670268,-1.591016,-0.648297,-0.291610,-2.573808,3.087093
5.674270,-1.218046,-0.594959,-0.411037,-2.443003,-2.657803
5.678271,-1.369079,-0.529791,0.053103,-2.311749,-1.469941
5.682273,-0.102196,-0.453653,0.348396,-2.180108,-0.357235
5.686275,-0.469246,-0.367671,0.307251,-2.048109,-0.030064
5.690276,0.337688,-0.273215,0.365947,-1.915810,0.909938
5.694278,-0.419722,-0.171876,-0.582419,-1.783244,2.381450
5.698279,-0.276340,-0.065436,-0.502314,-1.650460,-2.296165
5.702281,1.278718,0.044176,0.364425,-1.517495,-0.627950
5.706283,0.420411,0.154922,-0.033398,-1.384389,2.990673
5.710284,1.593256,0.264702,0.380452,-1.251179,-0.632568
5.714286,1.179650,0.371405,0.431699,-1.117892,0.966411
5.718287,0.559395,0.472952,-0.625324,-0.984568,2.451328
5.722289,0.508117,0.567344,-0.565058,-0.851219,-2.526034
5.726291,1.239173,0.652707,0.067372,-0.717886,-1.452408
5.730292,1.730711,0.727327,0.466761,-0.584571,-0.456271
5.734294,1.585087,0.789692,0.398823,-0.451311,0.507460
5.738295,1.344744,0.838517,0.146132,-0.318098,1.240901
5.742297,0.750996,0.872771,-0.347863,-0.184966,2.148421
5.746299,0.294146,0.891695,-0.801336,-0.051898,-2.889458
5.750300,0.997715,0.894813,0.036290,0.081076,-1.527949
5.754302,1.753982,0.881943,0.659161,0.213980,-0.199965
5.758303,1.013305,0.853191,0.268748,0.346791,0.886084
5.762305,0.991534,0.808953,-0.005347,0.479536,1.586734
5.766307,0.159247,0.749906,-0.322486,0.612197,2.665222
5.770308,0.732049,0.676989,-0.100828,0.744805,-1.944950
5.774310,0.675168,0.591393,0.192434,0.877351,0.782547
5.778311,0.174705,0.494535,-0.599387,1.009863,2.857706
5.782313,0.521669,0.388035,-0.207261,1.142341,-1.786303
5.786315,1.583156,0.273691,1.061637,1.274810,-0.228727
5.790316,0.973208,0.153451,0.237070,1.407278,1.301715
5.794318,-0.533922,0.029380,-0.395508,1.539765,2.793383
5.798319,0.452966,-0.096371,0.023792,1.672285,1.420851
5.802321,-1.256378,-0.221600,-0.595778,1.804853,2.786133
5.806323,-0.159287,-0.344091,-0.393514,1.937491,-2.033347
5.810324,0.157510,-0.461649,0.731507,2.070208,-0.596235
5.814326,0.739154,-0.572136,0.510734,2.203031,0.785200
5.818327,-0.451110,-0.673505,-0.232048,2.335965,2.046997
5.822329,-0.232648,-0.763840,-0.357665,2.469042,3.035959
5.826331,-0.387588,-0.841386,-0.274884,2.602257,-2.325237
5.830332,0.166450,-0.904587,0.299566,2.735646,-0.992927
5.834334,0.204654,-0.952117,0.551403,2.869196,0.608671
5.838335,-0.889699,-0.982909,-0.504402,3.002942,2.353894
5.842337,-1.009601,-0.996185,-0.319126,3.136866,-2.065106
5.846339,0.067101,-0.991475,0.595066,-3.012186,-0.075845
5.850340,-1.081687,-0.968642,-0.216793,-2.877866,1.973609
5.854342,-0.932055,-0.927888,-0.379059,-2.743334,-2.352638
5.858343,-0.377876,-0.869766,0.424053,-2.608615,-0.572232
5.862345,-0.234003,-0.795173,0.239832,-2.473689,1.009297
5.866347,-0.968677,-0.705347,-0.314551,-2.338585,2.407648
5.870348,-0.663640,-0.601846,-0.367501,-2.203290,-2.531050
5.874350,-0.344818,-0.486525,0.190475,-2.067830,-1.160558
5.878351,0.416845,-0.361501,0.457275,-1.932202,0.143123
5.882353,-0.189337,-0.229118,0.143834,-1.796431,1.239375
5.886355,-0.021766,-0.091895,-0.334998,-1.660521,2.264615
5.890356,-0.475432,0.047523,-0.613732,-1.524493,-2.788381
5.894358,0.859842,0.186423,0.100686,-1.388363,-1.421370
5.898359,1.257471,0.322082,0.517618,-1.252144,-0.071770
5.902361,1.307789,0.451828,0.171459,-1.115862,0.885232
5.906363,1.275398,0.573102,0.120342,-0.979524,1.141782
5.910364,1.131824,0.683515,-0.257820,-0.843163,2.251910
5.914366,1.175465,0.780900,-0.290207,-0.706780,-2.760982
5.918367,1.478187,0.863363,-0.150875,-0.570413,-2.815501
5.922369,1.580779,0.929324,-0.290562,-0.434057,-2.126511
5.926371,2.439587,0.977551,0.722596,-0.297754,-0.687840
5.930372,2.903282,1.007183,0.756989,-0.161495,0.826043
5.934374,0.729273,1.017751,-0.736850,-0.025322,2.344391
5.938375,1.428876,1.009177,-0.623063,0.110778,-2.446727
5.942377,1.350268,0.981776,0.261790,0.246765,-1.012907
5.946379,1.883960,0.936237,0.184357,0.382655,0.270397
5.950380,0.933898,0.873607,0.064899,0.518413,-0.776784
5.954382,1.591204,0.795258,0.308541,0.654056,0.253978
5.958383,0.849721,0.702851,-0.015153,0.789555,1.600214
5.962385,0.305176,0.598300,-0.627804,0.924927,2.993260
5.966387,0.791846,0.483720,-0.198609,1.060152,-1.894432
5.970388,0.994725,0.361387,0.384922,1.195245,-0.572553
5.974390,1.185191,0.233682,0.212367,1.330194,0.198298
5.978391,0.491925,0.103048,0.331022,1.465012,0.314937
5.982393,0.663646,-0.028063,0.002084,1.599698,1.567254
5.986395,-0.823276,-0.157233,-0.591455,1.734258,3.071422
5.990396,0.401110,-0.282126,0.027667,1.868702,-1.472649
5.994398,-0.574629,-0.400529,-0.277093,2.003033,2.572874
5.998399,-0.003013,-0.510383,-0.328165,2.137272,-1.920984
6.002401,1.076643,-0.609825,1.352240,2.271416,-0.292467
6.006403,0.643196,-0.697206,0.398090,2.405498,1.306145
6.010404,-1.617647,-0.771120,-1.227483,2.539508,2.864738
6.014406,-0.385745,-0.830420,-0.321620,2.673487,-1.968731
6.018407,-0.049703,-0.874231,0.296051,2.807421,-0.838520
6.022409,-0.170109,-0.901961,0.315088,2.941357,-0.043477
6.026411,0.126163,-0.913306,0.133167,3.075277,0.986279
6.030412,-0.792086,-0.908247,0.030994,-3.073953,1.372178
6.034414,0.080724,-0.887048,-0.191552,-2.939983,2.138094
6.038415,-1.324000,-0.850249,-0.467148,-2.805948,-2.601752
6.042417,0.541278,-0.798650,0.346548,-2.671867,-0.888771
6.046419,-0.349042,-0.733304,0.188263,-2.537693,0.987876
6.050420,-0.191023,-0.655488,-0.064382,-2.403443,-2.022965
6.054422,0.316912,-0.566689,0.390602,-2.269078,0.529323
6.058423,-0.716916,-0.468577,-0.436778,-2.134610,2.293700
6.062425,-0.089506,-0.362974,-0.438396,-2.000009,-2.347077
6.066427,0.194632,-0.251828,0.267939,-1.865283,-0.785901
6.070428,0.605453,-0.137179,0.045801,-1.730413,0.602213
6.074430,0.249729,-0.021122,0.095330,-1.595401,-1.067222
6.078431,0.758576,0.094225,0.335620,-1.460241,0.032568
6.082433,0.469599,0.206763,0.257718,-1.324929,0.989923
6.086435,-0.053171,0.314446,-0.313190,-1.189472,2.077401
6.090436,-0.210488,0.415321,-0.716804,-1.053860,-2.998415
6.094438,0.355961,0.507562,-0.192738,-0.918115,-1.893200
6.098439,1.283605,0.589510,0.139325,-0.782224,-1.304371
6.102441,1.912178,0.659704,0.783459,-0.646222,-0.526481
6.106443,2.560379,0.716915,0.983404,-0.510092,0.765747
6.110444,0.612521,0.760169,-0.928243,-0.373884,2.209849
6.114446,0.432067,0.788773,-1.181267,-0.237575,-2.617957
6.118447,1.867475,0.802325,0.228032,-0.101223,-1.310165
6.122449,1.981712,0.800725,0.428057,0.035196,-0.608766
6.126451,2.067110,0.784180,0.671080,0.171617,0.051391
6.130452,1.784157,0.753192,0.284498,0.308063,1.176125
6.134454,0.816521,0.708550,-0.285089,0.444471,2.039053
6.138455,0.610736,0.651310,-0.827711,0.580858,2.742192
6.142457,0.438553,0.582767,-0.902941,0.717164,-2.297475
6.146459,2.249691,0.504425,0.992698,0.853401,-0.837691
6.150460,2.790239,0.417962,0.888238,0.989513,0.634650
6.154462,0.694520,0.325190,-0.041727,1.125503,1.665708
6.158463,1.883667,0.228014,-0.025152,1.261323,1.610481
6.162465,-0.929679,0.128384,-1.103004,1.396963,2.981575
6.166467,0.991847,0.028254,-0.191526,1.532387,-1.728023
6.170468,1.094522,-0.070463,0.995299,1.667573,-0.162382
6.174470,0.520902,-0.165938,0.216814,1.802501,1.255385
6.178471,-0.046463,-0.256463,-0.414827,1.937137,2.435369
6.182473,-0.689669,-0.340482,-0.477715,2.071476,-2.557044
6.186475,0.745897,-0.416621,0.301187,2.205476,-1.030101
6.190476,0.186580,-0.483709,0.427561,2.339149,0.559280
6.194478,0.009133,-0.540792,-0.183537,2.472447,2.080579
6.198479,-0.253503,-0.587138,-0.265223,2.605400,-2.771611
6.202481,0.053510,-0.622246,0.088744,2.737955,-1.204985
6.206483,0.442536,-0.645835,0.177049,2.870159,0.638078
6.210484,0.008862,-0.657838,-0.146190,3.001960,2.646309
6.214486,0.414624,-0.658391,0.016556,3.133421,-1.286802
6.218487,0.607127,-0.647809,-0.122129,-3.018691,2.891067
6.222489,0.541350,-0.626575,0.065788,-2.887930,-1.342368
6.226491,1.528742,-0.595313,0.315396,-2.757518,0.588970
6.230492,0.339056,-0.554775,-0.278644,-2.627375,2.506609
6.234494,1.130197,-0.505813,-0.051340,-2.497523,-1.853138
6.238495,0.705312,-0.449368,-0.077295,-2.367880,2.878593
6.242497,0.726737,-0.386451,0.028087,-2.238457,-1.493177
6.246499,1.325195,-0.318130,0.528260,-2.109175,0.208850
6.250500,0.193552,-0.245517,-0.093498,-1.980030,1.754111
6.254502,0.361715,-0.169754,-0.321567,-1.850957,2.871947
6.258503,-0.001831,-0.092011,-0.347941,-1.721941,-2.926238
6.262505,0.455812,-0.013470,-0.146324,-1.592933,-1.859898
6.266507,0.936508,0.064682,0.355623,-1.463907,-0.721320
6.270508,0.971128,0.141265,0.426591,-1.334840,-0.184540
6.274510,1.187930,0.215115,0.663635,-1.205695,0.626595
6.278511,0.145847,0.285101,-0.431629,-1.076473,1.925108
6.282513,-0.998549,0.350133,-1.414639,-0.947131,-2.978093
6.286515,0.747867,0.409183,-0.101927,-0.817696,-1.644800
6.290516,1.793603,0.461300,1.146306,-0.688122,-0.386398
6.294518,1.802831,0.505629,0.692441,-0.558462,0.900294
6.298519,0.350831,0.541426,-0.653577,-0.428672,2.360687
6.302521,0.824515,0.568084,-0.324639,-0.298824,-2.141132
6.306523,1.636144,0.585141,0.399532,-0.168877,0.338447
6.310524,0.773695,0.592301,-0.537366,-0.038921,2.621798
6.314526,1.145039,0.589442,-0.238663,0.091082,-1.901908
6.318527,2.321242,0.576624,0.563887,0.221028,-0.379684
6.322529,1.654116,0.554093,0.289343,0.350948,0.667034
6.326531,2.253436,0.522278,0.167288,0.480732,1.192525
6.330532,0.476767,0.481786,-0.573313,0.610402,2.436461
6.334534,1.306175,0.433387,-0.657750,0.739850,-2.341508
6.338535,1.161685,0.377993,0.662387,0.869087,-0.785011
6.342537,1.909179,0.316640,0.533802,0.998017,0.736736
6.346539,-0.239451,0.250460,-0.156470,1.126640,2.003811
6.350540,0.346505,0.180650,-0.147790,1.254878,2.132901
6.354542,-0.974143,0.108443,-0.555287,1.382724,-3.126998
6.358543,-0.450595,0.035079,-0.080603,1.510128,-1.687252
6.362545,0.147655,-0.038223,0.604372,1.637073,-0.243578
6.366547,-0.725774,-0.110293,0.218032,1.763544,1.045317
6.370548,-0.568545,-0.180025,-0.137961,1.889523,2.076366
6.374550,-1.199621,-0.246400,-0.172766,2.015027,-3.139245
6.378551,-0.397857,-0.308495,-0.010004,2.140039,1.778615
6.382553,-0.966216,-0.365489,-0.345289,2.264614,2.982806
6.386555,-0.357479,-0.416668,-0.126033,2.388735,-1.791866
6.390556,0.309519,-0.461420,0.537391,2.512493,-0.312360
6.394558,0.114620,-0.499235,0.223524,2.635875,0.820664
6.398559,-0.136835,-0.529696,0.202080,2.759002,1.001774
6.402561,-0.607606,-0.552474,-0.450841,2.881862,2.244995
6.406563,-1.346973,-0.567319,-0.663419,3.004595,-2.433361
6.410564,0.317042,-0.574056,0.580601,3.127195,-0.674748
6.414566,-0.638612,-0.572583,0.087541,-3.033374,1.372155
6.418567,-0.495823,-0.562863,-0.157499,-2.910744,-2.085555
6.422569,0.019792,-0.544931,0.488680,-2.787950,0.294476
6.426571,-0.739305,-0.518890,-0.350347,-2.664993,2.177300
6.430572,-0.631032,-0.484918,-0.380062,-2.541729,-2.394490
6.434574,-0.331947,-0.443277,0.136741,-2.418158,-0.959789
6.438575,-0.272741,-0.394317,0.008058,-2.294155,-1.534443
6.442577,-0.047027,-0.338488,0.583854,-2.169718,-0.268749
6.446579,-0.146165,-0.276348,0.308368,-2.044748,1.201413
6.450580,-1.427229,-0.208571,-0.752080,-1.919239,2.627817
6.454582,-0.943217,-0.135956,-0.482638,-1.793125,-2.404225
6.458583,-0.458909,-0.059425,-0.048654,-1.666400,-1.677767
6.462585,0.017958,0.019970,0.325173,-1.539029,-1.029284
6.466587,0.705692,0.101059,0.869106,-1.411003,0.140891
6.470588,-0.218783,0.182562,0.095467,-1.282321,1.469376
6.474590,-0.969240,0.263104,-0.756164,-1.152967,2.810353
6.478591,-0.732863,0.341238,-0.312758,-1.022971,-2.218340
6.482593,-0.218476,0.415470,0.024756,-0.892311,-1.465844
6.486595,-0.269583,0.484290,0.061553,-0.761045,-1.380320
6.490596,0.600811,0.546209,0.562982,-0.629146,-0.223805
6.494598,0.167512,0.599800,0.242492,-0.496695,1.223998
6.498599,-0.057253,0.643736,-0.618868,-0.363664,2.800203
6.502601,0.199808,0.676832,-0.056929,-0.230149,-1.708229
6.506603,1.244314,0.698091,0.110487,-0.096120,1.050751
6.510604,0.189135,0.706731,-0.448788,0.038317,-2.776319
6.514606,1.685239,0.702230,0.324802,0.173188,-1.101473
6.518607,1.575926,0.684341,0.731418,0.308386,0.404858
6.522609,0.728785,0.653118,-0.201592,0.443934,1.846204
6.526611,0.137874,0.608922,-0.588797,0.579726,-2.973498
6.530612,0.277209,0.552424,0.073128,0.715780,-1.374853
6.534614,0.529098,0.484589,0.091815,0.852003,0.780353
6.538615,-0.203570,0.406663,-0.071138,0.988402,-1.994415
6.542617,0.370229,0.320144,0.278718,1.124899,0.079369
6.546619,-0.024983,0.226744,-0.122069,1.261490,2.091380
6.550620,-0.312176,0.128350,0.005025,1.398114,-1.522974
6.554622,0.323341,0.026979,-0.093847,1.534752,1.915768
6.558623,-1.143819,-0.075280,-0.439038,1.671361,-2.401761
6.562625,0.885420,-0.176310,0.637705,1.807906,-0.665904
6.566627,-0.414102,-0.274028,0.503140,1.944363,0.911420
6.570628,-0.838025,-0.366432,-0.415885,2.080679,2.239514
6.574630,-1.481556,-0.451651,-0.582945,2.216848,-3.032489
6.578631,-1.298389,-0.527996,-0.232567,2.352800,-1.947188
6.582633,-0.447811,-0.593993,0.430864,2.488547,-0.702088
6.586635,-1.030107,-0.648420,0.330767,2.624006,0.242802
6.590636,-0.763193,-0.690329,0.348129,2.759204,0.512544
6.594638,-1.326099,-0.719062,-0.023214,2.894049,1.605844
6.598639,-1.977975,-0.734257,-0.697138,3.028579,2.930405
6.602641,-1.176594,-0.735850,-0.284959,-3.120487,-2.159835
6.606643,-0.989694,-0.724058,-0.029177,-2.986731,-1.661546
6.610644,-0.246705,-0.699369,0.187881,-2.853430,-1.197828
6.614646,0.319726,-0.662511,0.772667,-2.720531,-0.163881
6.618647,0.186397,-0.614424,0.540788,-2.588116,1.002458
6.622649,-0.900302,-0.556232,-0.724119,-2.456130,2.256298
6.626651,-1.414149,-0.489201,-1.000333,-2.324638,-2.710938
6.630652,0.109617,-0.414711,0.109583,-2.193589,-1.438155
6.634654,0.217982,-0.334218,0.417443,-2.063026,-0.564034
6.638655,0.777874,-0.249221,0.576386,-1.932904,-0.091481
6.642657,0.552270,-0.161232,0.431262,-1.803241,1.032426
6.646659,-0.218998,-0.071750,-0.615625,-1.673998,2.342832
6.650660,-0.360610,0.017764,-0.657800,-1.545165,-2.778057
6.654662,0.319994,0.105906,-0.265070,-1.416712,-2.015109
6.658663,0.661015,0.191343,0.373198,-1.288599,-1.098647
6.662665,1.467816,0.272825,0.944058,-1.160809,0.130624
6.666667,0.281527,0.349196,0.180760,-1.033274,1.349281
6.670668,-0.204802,0.419396,-0.362353,-0.905987,2.195460
6.674670,-0.727922,0.482470,-0.759586,-0.778856,2.898597
6.678671,-0.626732,0.537566,-0.623329,-0.651889,-2.203447
6.682673,1.021776,0.583942,0.702629,-0.524976,-0.844536
6.686675,0.896794,0.620966,0.681037,-0.398141,0.440890
6.690676,0.898204,0.648124,0.196987,-0.271264,1.123574
6.694678,0.287095,0.665027,-0.145813,-0.144383,1.779291
6.698679,0.004428,0.671413,-0.986691,-0.017379,-3.133053
6.702681,0.560902,0.667156,0.029101,0.109701,-1.541379
6.706683,1.939110,0.652275,0.714798,0.236972,0.225632
6.710684,0.298104,0.626938,-0.352960,0.364376,2.437269
6.714686,1.300275,0.591470,0.067306,0.492016,-1.452691
6.718687,1.665806,0.546355,0.809214,0.619831,0.290600
6.722689,0.832388,0.492237,-0.194212,0.747904,1.751523
6.726691,-0.058583,0.429919,-1.246085,0.876178,-3.135391
6.730692,0.730830,0.360357,-0.192370,1.004712,-1.726529
6.734694,2.249867,0.284649,0.904143,1.133457,-0.349934
6.738695,1.267844,0.204021,0.418524,1.262446,0.657504
6.742697,1.169014,0.119810,0.321044,1.391639,1.021426
6.746699,-0.224493,0.033438,-0.686695,1.521043,2.297884
6.750700,-0.914788,-0.053611,-0.868115,1.650633,-2.359861
6.754702,0.803873,-0.139824,0.939447,1.780389,-0.603460
6.758703,-0.192593,-0.223687,0.317479,1.910306,1.202012
6.762705,-1.026066,-0.303722,-0.502014,2.040342,2.924758
6.766707,-0.461360,-0.378512,-0.128999,2.170511,-2.547128
6.770708,-0.815714,-0.446737,-0.261765,2.300751,-2.298343
6.774710,0.286740,-0.507195,0.432763,2.431099,-0.772719
6.778711,-0.138645,-0.558834,0.373846,2.561476,0.852687
6.782713,-0.768765,-0.600763,-0.309149,2.691936,2.565326
6.786715,-0.666856,-0.632275,-0.031964,2.822388,-1.713415
6.790716,-0.575356,-0.652860,0.306108,2.952901,0.097883
6.794718,-0.589211,-0.662205,0.047592,3.083376,1.487333
6.798719,-1.574509,-0.660208,-0.865408,-3.069294,2.884975
6.802721,-0.692828,-0.646966,-0.431817,-2.938837,-1.983950
6.806723,0.665893,-0.622775,0.796322,-2.808354,-0.633964
6.810724,0.730292,-0.588118,0.637155,-2.677938,0.496770
6.814726,0.263851,-0.543651,0.159717,-2.547503,1.296004
6.818727,-0.314263,-0.490188,-0.377112,-2.417127,2.248612
6.822729,-0.373435,-0.428682,-0.434316,-2.286733,-2.930226
6.826731,-0.301807,-0.360211,-0.232615,-2.156380,-2.739136
6.830732,-0.009568,-0.285954,-0.338800,-2.026005,-2.155787
6.834734,0.531849,-0.207176,0.633690,-1.895647,-0.798877
6.838735,1.451067,-0.125203,0.720204,-1.765261,0.623153
6.842737,-0.357778,-0.041404,-0.171133,-1.634860,1.850799
6.846739,0.250441,0.042827,-0.423807,-1.504421,2.549639
6.850740,-0.875079,0.126096,-0.664504,-1.373933,-2.690063
6.854742,0.468765,0.207024,0.286135,-1.243398,-1.232721
6.858743,0.748662,0.284270,0.694998,-1.112782,0.297975
6.862745,-0.214992,0.356547,-0.011950,-0.982113,1.601014
6.866747,0.466604,0.422645,-0.063610,-0.851338,1.778329
6.870748,-0.626990,0.481447,-0.596260,-0.720511,2.856173
6.874750,0.734414,0.531955,-0.264685,-0.589560,-1.927690
6.878752,1.147666,0.573299,0.564325,-0.458565,-0.358143
6.882753,1.227910,0.604762,0.049997,-0.327442,1.337873
6.886755,1.271686,0.625795,0.209565,-0.196289,-0.686369
6.890756,1.331594,0.636024,0.393676,-0.065015,0.946294
6.894758,0.463613,0.635268,-0.699423,0.066273,2.478499
6.898760,0.016413,0.623537,-0.575139,0.197666,-2.306818
6.902761,1.486561,0.601039,0.372330,0.329057,-0.905557
6.906763,0.749479,0.568177,0.300531,0.460534,-0.091835
6.910764,1.511551,0.525542,0.468561,0.591993,0.301964
6.914766,0.363995,0.473904,-0.091288,0.723510,1.680940
6.918768,-0.034410,0.414201,-0.970149,0.854995,-2.979607
6.922769,0.802786,0.347515,0.295592,0.986507,-1.224897
6.926771,1.127761,0.275059,0.395450,1.117973,0.793593
6.930772,0.180365,0.198145,-0.386917,1.249432,-2.755026
6.934774,0.914017,0.118166,0.607796,1.380832,-0.361666
6.938776,0.575724,0.036565,0.004657,1.512186,1.564556
6.942777,-0.646293,-0.045198,-0.502763,1.643467,-2.833833
6.946779,0.635957,-0.125667,0.165181,1.774660,0.007143
6.950780,-0.709512,-0.203429,-0.507386,1.905766,3.098823
6.954782,0.302576,-0.277133,0.144826,2.036743,-1.383774
6.958784,0.677040,-0.345522,0.674700,2.167619,0.251266
6.962785,-0.388860,-0.407455,0.017826,2.298326,1.516808
6.966787,0.053666,-0.461924,0.062307,2.428916,1.400564
6.970788,-1.605699,-0.508075,-0.680317,2.559299,2.695010
6.974790,-0.681967,-0.545221,-0.415230,2.689551,-2.057113
6.978792,-0.529782,-0.572847,0.598068,2.819563,-0.601274
6.982793,-0.012520,-0.590617,0.423372,2.949431,0.420685
6.986795,-0.801062,-0.598374,0.261708,3.079040,1.086709
6.990796,-0.851617,-0.596132,-0.570657,-3.074688,2.358054
6.994798,-1.360374,-0.584070,-0.633388,-2.945494,-2.447597
6.998800,0.407389,-0.562521,0.299224,-2.816447,-1.021110
7.002801,0.136708,-0.531956,0.259271,-2.687648,-0.247139
7.006803,0.753624,-0.492971,0.423434,-2.558976,0.180074
7.010804,0.413930,-0.446266,0.003069,-2.430512,1.565892
7.014806,-0.427095,-0.392636,-0.612375,-2.302139,3.108820
7.018808,0.472869,-0.332948,-0.050122,-2.173913,-1.683268
7.022809,0.203209,-0.268135,0.252709,-2.045727,-0.451537
7.026811,0.412384,-0.199181,0.180959,-1.917607,0.703751
7.030812,-0.254515,-0.127109,-0.176151,-1.789467,2.515901
7.034814,-0.003996,-0.052976,0.084606,-1.661302,-1.264492
7.038816,0.513969,0.022139,0.350758,-1.533051,0.832514
7.042817,-0.611577,0.097140,-0.615564,-1.404677,2.581161
7.046819,0.192560,0.170926,-0.390143,-1.276151,-2.130300
7.050820,0.816629,0.242394,0.361785,-1.147405,-0.843597
7.054822,1.383725,0.310452,0.466143,-1.018442,-0.171223
7.058824,1.274814,0.374027,0.539288,-0.889166,0.803859
7.062825,0.321147,0.432079,-0.638723,-0.759607,2.208242
7.066827,-0.400712,0.483612,-0.973412,-0.629647,-2.558459
7.070828,1.267179,0.527688,0.531720,-0.499341,-1.025220
7.074830,0.738664,0.563440,0.623694,-0.368551,0.476480
7.078832,0.298760,0.590092,-0.084104,-0.237355,1.851184
7.082833,-0.286947,0.606978,0.031821,-0.105608,1.183425
7.086835,0.154136,0.613556,-0.073762,0.026601,1.850780
7.090836,-0.605835,0.609434,-0.312518,0.159414,2.754642
7.094838,0.091019,0.594388,-0.472423,0.292733,-2.758461
7.098840,0.222852,0.568383,-0.040806,0.426687,-1.619194
7.102841,2.190870,0.531588,1.102969,0.561175,-0.233712
7.106843,1.162762,0.484394,0.373513,0.696303,1.258479
7.110844,0.289066,0.427424,-0.973827,0.831975,2.796333
7.114846,0.592072,0.361533,-0.256570,0.968267,-1.978914
7.118848,1.111859,0.287810,0.110455,1.105095,-1.045886
7.122849,0.826969,0.207560,0.208730,1.242501,-1.031950
7.126851,1.184109,0.122288,0.664727,1.380419,0.401677
7.130852,0.162785,0.033667,-0.326356,1.518856,1.976536
7.134854,-0.567155,-0.056492,-0.627614,1.657770,-2.729607
7.138856,0.719472,-0.146289,0.142007,1.797130,-1.168848
7.142857,-0.290244,-0.233779,-0.005181,1.936920,1.771765
7.146859,0.452018,-0.317026,-0.029719,2.077071,-1.683885
7.150860,-0.405094,-0.394156,0.335099,2.217595,-0.503893
7.154862,0.209054,-0.463412,0.414323,2.358389,0.422901
7.158864,-1.146492,-0.523204,0.143520,2.499486,1.329993
7.162865,-1.658960,-0.572163,-0.592571,2.640751,2.403878
7.166867,-2.246331,-0.609179,-0.844258,2.782235,-2.671420
7.170868,-1.201330,-0.633438,0.171613,2.923783,-1.389901
7.174870,-0.186625,-0.644446,0.802570,3.065455,-0.085681
7.178872,-0.980657,-0.642045,0.203953,-3.076102,1.210773
7.182873,-1.028161,-0.626412,-0.321645,-2.934452,2.604288
7.186875,-1.003902,-0.598054,-0.036622,-2.792954,-1.710614
7.190876,-0.448089,-0.557786,0.351029,-2.651546,0.548873
7.194878,-1.205563,-0.506706,-0.477233,-2.510397,2.359140
7.198880,-1.236400,-0.446155,-0.490434,-2.369461,-2.223196
7.202881,0.295959,-0.377674,0.612845,-2.228894,-0.513686
7.206883,-0.116425,-0.302954,0.116482,-2.088670,1.254527
7.210884,0.209376,-0.223781,0.071959,-1.948922,-0.573865
7.214886,0.435745,-0.141985,0.027413,-1.809652,1.520029
7.218888,-0.433039,-0.059383,-0.898491,-1.670960,-2.950476
7.222889,1.190195,0.022268,0.448522,-1.532880,-1.166488
7.226891,1.583538,0.101321,0.967927,-1.395472,0.598303
7.230892,0.009704,0.176270,-0.730145,-1.258801,2.375831
7.234894,0.274479,0.245788,-0.319655,-1.122883,-2.012771
7.238896,1.284295,0.308746,0.573791,-0.987813,0.196757
7.242897,-0.141033,0.364226,-0.535453,-0.853560,2.387260
7.246899,0.286122,0.411532,-0.500524,-0.720242,-2.098801
7.250900,0.931570,0.450180,0.980169,-0.587781,-0.521254
7.254902,1.492950,0.479896,0.670699,-0.456315,0.892668
7.258904,-0.943325,0.500597,-0.445037,-0.325722,2.081629
7.262905,-0.071483,0.512373,-0.873943,-0.196143,3.093794
7.266907,-0.822557,0.515466,-0.450109,-0.067420,-2.073130
7.270908,1.266539,0.510240,0.556323,0.060309,-0.883407
7.274910,1.163253,0.497166,0.753069,0.187233,0.139752
7.278912,0.729990,0.476792,0.380777,0.313227,1.116394
7.282913,0.412272,0.449722,-0.815632,0.438496,2.443547
7.286915,-0.767656,0.416602,-0.647443,0.562942,-2.246446
7.290916,2.139826,0.378099,0.642696,0.686779,-0.413814
7.294918,-0.504357,0.334886,-0.233348,0.809941,2.272699
7.298920,1.268362,0.287640,0.185562,0.932638,-1.300794
7.302921,0.828968,0.237029,0.887354,1.054846,0.539967
7.306923,-0.185665,0.183711,-0.593413,1.176756,2.160763
7.310924,-0.435652,0.128337,-0.762317,1.298388,-2.699390
7.314926,0.096078,0.071550,-0.013781,1.419903,-1.593499
7.318928,1.162634,0.013988,0.453264,1.541366,-0.624883
7.322929,0.688056,-0.043705,0.449101,1.662893,0.570786
7.326931,0.768777,-0.100880,-0.098244,1.784588,1.823610
7.330932,0.150299,-0.156873,-0.215014,1.906514,2.702751
7.334934,0.482471,-0.211006,-0.264498,2.028804,-2.905493
7.338936,0.316248,-0.262587,-0.009290,2.151461,-1.597839
7.342937,0.812903,-0.310908,0.309843,2.274640,0.000606
7.346939,0.169324,-0.355259,-0.058434,2.398286,1.903060
7.350940,0.291349,-0.394931,0.040293,2.522566,-1.265402
7.354942,0.322339,-0.429230,0.188901,2.647370,0.934029
7.358944,-0.365225,-0.457495,-0.395110,2.772871,2.587553
7.362945,-0.309216,-0.479114,-0.308733,2.898915,-2.252723
7.366947,-0.053717,-0.493542,0.168352,3.025671,-1.163635
7.370948,0.224782,-0.500318,0.477112,-3.130231,-0.415734
7.374950,0.155060,-0.499092,0.641649,-3.002263,0.691084
7.378952,-0.981025,-0.489632,-0.497197,-2.873811,2.050501
7.382953,-1.418886,-0.471845,-1.003004,-2.744735,-2.821618
7.386955,-0.432378,-0.445787,0.037526,-2.615236,-1.520050
7.390956,0.335093,-0.411672,0.269690,-2.485203,-0.858293
7.394958,0.195277,-0.369872,0.572568,-2.354820,-0.314237
7.398960,0.809686,-0.320920,0.413934,-2.224004,0.956533
7.402961,-0.597186,-0.265496,-0.279584,-2.092912,2.281815
7.406963,0.403116,-0.204424,0.001810,-1.961493,1.564053
7.410964,-0.710481,-0.138657,-0.825232,-1.829866,2.712438
7.414966,-0.036839,-0.069257,-0.628402,-1.698021,-2.084107
7.418968,1.875905,0.002625,0.968718,-1.566028,-0.618202
7.422969,1.673082,0.075770,0.612156,-1.433914,0.612094
7.426971,1.635215,0.148916,0.267715,-1.301700,1.073000
7.430972,1.015525,0.220784,-0.372278,-1.169446,1.992179
7.434974,0.256858,0.290097,-1.067786,-1.037117,-2.947449
7.438976,1.292149,0.355606,-0.058321,-0.904803,-1.630493
7.442977,1.905620,0.416110,0.700329,-0.772422,-0.544248
7.446979,1.747740,0.470475,0.763965,-0.640083,0.497900
7.450980,0.951241,0.517648,-0.211273,-0.507666,1.801526
7.454982,-0.109022,0.556678,-0.714198,-0.375294,-3.044569
7.458984,1.022810,0.586728,-0.073258,-0.242816,-1.854712
7.462985,0.317271,0.607087,-0.293363,-0.110361,-2.471866
7.466987,1.223870,0.617182,0.337271,0.022239,-1.108511
7.470988,1.584611,0.616591,0.750976,0.154855,0.362894
7.474990,0.507991,0.605053,-0.040984,0.287659,1.647577
7.478992,0.745140,0.582477,-0.164634,0.420530,2.070541
7.482993,-0.085570,0.548955,-0.560510,0.553632,2.811119
7.486995,0.498976,0.504761,-0.446504,0.686860,-2.222304
7.490996,1.205384,0.450366,0.366182,0.820356,-1.015592
7.494998,1.721776,0.386432,0.652240,0.954039,0.065253
7.499000,1.291242,0.313822,0.194271,1.088019,1.276870
7.503001,0.594030,0.233590,-0.538514,1.222239,2.725854
7.507003,0.708261,0.146976,-0.131721,1.356772,-1.949301
7.511004,1.142064,0.055393,0.064447,1.491590,-0.291276
7.515006,0.443107,-0.039591,0.018445,1.626724,-1.459641
7.519008,1.171476,-0.136274,0.272021,1.762177,0.439077
7.523009,0.080028,-0.232852,-0.237568,1.897938,2.336021
7.527011,0.298493,-0.327449,-0.164042,2.034040,-2.189953
7.531012,0.516344,-0.418153,0.081045,2.170432,-0.932167
7.535014,-0.138426,-0.503058,0.106884,2.307175,-0.854164
7.539016,0.626583,-0.580310,0.254334,2.444182,0.385817
7.543017,-0.885234,-0.648144,-0.029725,2.581537,1.692582
7.547019,-0.071300,-0.704935,-0.111246,2.719124,2.348724
7.551020,-1.111626,-0.749237,-0.232484,2.857042,2.871475
7.555022,-0.495475,-0.779825,-0.224449,2.995158,-2.367525
7.559024,-0.326127,-0.795733,0.056383,3.133577,-1.413826
7.563025,0.046554,-0.796280,0.463801,-3.011027,-0.295078
7.567027,0.165952,-0.781101,0.200397,-2.872179,1.203869
7.571028,-0.946669,-0.750158,-0.469252,-2.733204,3.084226
7.575030,0.145977,-0.703755,0.318791,-2.594006,-0.692124
7.579032,-0.507240,-0.642538,-0.059297,-2.454716,1.660172
7.583033,-1.217919,-0.567491,-0.835771,-2.315257,-2.715196
7.587035,0.220060,-0.479916,0.547653,-2.175740,-0.965717
7.591036,0.414634,-0.381417,0.608762,-2.036115,0.665505
7.595038,-0.369288,-0.273859,-0.205948,-1.896466,2.038539
7.599040,0.121069,-0.159340,-0.248116,-1.756774,2.665665
7.603041,-0.263023,-0.040135,-0.355111,-1.617092,-2.875115
7.607043,0.758374,0.081347,-0.105968,-1.477433,-1.855430
7.611044,0.468540,0.202620,0.134747,-1.337816,-1.206237
7.615046,1.369111,0.321178,0.536645,-1.198285,-0.432486
7.619048,1.058830,0.434553,0.647414,-1.058829,0.667930
7.623049,0.332940,0.540371,-0.200762,-0.919519,1.787297
7.627051,-0.259451,0.636407,-0.925381,-0.780311,2.805953
7.631052,-0.148768,0.720636,-0.860796,-0.641302,-2.497776
7.635054,1.406674,0.791278,0.145439,-0.502425,-1.448530
7.639056,2.373781,0.846840,1.147573,-0.363794,-0.339985
7.643057,2.298080,0.886151,0.802747,-0.225324,0.756104
7.647059,1.162922,0.908386,-0.143467,-0.087140,1.728479
7.651060,0.344472,0.913085,-0.699672,0.050854,2.514170
7.655062,0.011010,0.900158,-1.028544,0.188533,-2.831400
7.659064,0.575806,0.869883,-0.011446,0.325999,-1.579507
7.663065,2.290797,0.822897,1.328203,0.463132,-0.132582
7.667067,0.619330,0.760176,0.145560,0.600032,1.438538
7.671068,0.322763,0.683011,-0.677801,0.736595,3.118050
7.675070,0.379193,0.592972,0.066656,0.872906,-1.214685
7.679072,0.550683,0.491875,-0.273962,1.008884,3.108711
7.683073,0.051612,0.381734,0.171451,1.144598,-1.268842
7.687075,0.909068,0.264720,0.564902,1.279993,0.570436
7.691076,-1.003784,0.143109,-0.435719,1.415115,2.497216
7.695078,-0.210808,0.019235,0.047134,1.549941,-1.430889
7.699080,-0.571702,-0.104558,0.109784,1.684491,1.293760
7.703081,-1.145363,-0.225962,-0.541451,1.818777,-2.922224
7.707083,-0.219546,-0.342748,0.252512,1.952789,-1.069076
7.711084,-0.369577,-0.452811,0.202610,2.086575,0.905150
7.715086,-0.540587,-0.554198,-0.186913,2.220097,-2.635163
7.719088,-0.134028,-0.645145,0.335554,2.353435,-0.321784
7.723089,-0.500632,-0.724104,0.070647,2.486523,1.406527
7.727091,-0.878822,-0.789763,-0.370487,2.619465,3.001712
7.731092,-0.895364,-0.841066,-0.030763,2.752175,-1.720007
7.735094,-0.605139,-0.877228,-0.010940,2.884773,-2.526139
7.739096,-0.895297,-0.897739,0.015676,3.017156,-1.493186
7.743097,-0.382138,-0.902375,0.295723,-3.133730,0.266796
7.747099,-0.956632,-0.891191,-0.181323,-3.001628,2.193123
7.751100,-0.902740,-0.864521,-0.084254,-2.869593,-1.901490
7.755102,-0.547165,-0.822965,0.198883,-2.737741,0.644730
7.759104,-1.326344,-0.767381,-0.371258,-2.605949,3.071359
7.763105,-0.702090,-0.698862,0.206360,-2.474329,-1.197755
7.767107,-0.288567,-0.618718,0.608285,-2.342776,0.567854
7.771108,-1.413457,-0.528452,-0.437713,-2.211388,2.177355
7.775110,-1.128621,-0.429727,-0.597874,-2.080088,-2.605191
7.779112,-0.446840,-0.324343,0.214987,-1.948951,-1.149811
7.783113,0.184651,-0.214195,0.243947,-1.817932,0.409436
7.787115,-0.219922,-0.101243,-0.072736,-1.687081,-2.197274
7.791116,0.656475,0.012530,0.475793,-1.556387,-0.193849
7.795118,0.334471,0.125150,0.103210,-1.425868,1.436214
7.799120,-0.601098,0.234690,-0.854404,-1.295548,3.093819
7.803121,0.619965,0.339305,0.116018,-1.165414,-1.409409
7.807123,0.861853,0.437265,0.380206,-1.035522,0.731161
7.811124,0.210409,0.526984,-0.571458,-0.905828,-3.070770
7.815126,1.287912,0.607046,0.431843,-0.776420,-1.037374
7.819128,1.698810,0.676228,0.759047,-0.647221,0.740355
7.823129,0.399867,0.733518,-0.756549,-0.518348,2.443379
7.827131,0.539253,0.778130,-0.395985,-0.389697,-2.159964
7.831132,1.522350,0.809507,0.232152,-0.261401,-0.491488
7.835134,0.816355,0.827331,-0.092997,-0.133337,-1.964516
7.839136,1.853374,0.831516,0.626362,-0.005647,-0.320721
7.843137,1.190369,0.822205,0.230420,0.121803,1.300458
7.847139,0.311398,0.799759,-0.762008,0.248873,2.878512
7.851140,0.916326,0.764742,-0.171690,0.375703,-1.939100
7.855142,0.981700,0.717906,0.004799,0.502162,-1.535382
7.859144,1.168116,0.660168,0.075603,0.628387,-1.378062
7.863145,1.344598,0.592592,0.588437,0.754266,-0.040467
7.867147,0.869050,0.516364,0.147771,0.879927,1.304072
7.871148,-0.017808,0.432772,-0.288147,1.005285,2.421896
7.875150,-0.130774,0.343178,-0.292190,1.130450,2.965615
7.879152,-0.512023,0.248998,-0.339666,1.255375,-2.518297
7.883153,-0.070955,0.151678,0.117174,1.380146,-1.326515
7.887155,0.025373,0.052678,0.413881,1.504760,-0.139154
7.891156,-0.048580,-0.046547,0.241362,1.629275,0.739357
7.895158,-0.560595,-0.144564,0.020460,1.753731,1.519289
7.899160,-0.754044,-0.239972,-0.505858,1.878154,2.723689
7.903161,-1.163817,-0.331418,-0.347191,2.002629,-2.112617
7.907163,0.611531,-0.417604,0.638133,2.127146,-0.541434
7.911164,-0.612743,-0.497299,0.358828,2.251828,1.102573
7.915166,-0.528818,-0.569350,-0.771239,2.376634,2.758404
7.919168,-1.363835,-0.632687,-0.277655,2.501716,-1.919885
7.923169,0.790294,-0.686341,0.624602,2.627001,-0.422346
7.927171,-0.947623,-0.729451,0.311607,2.752663,0.851731
7.931172,-0.425987,-0.761279,-0.038036,2.878598,1.686391
7.935174,-1.575550,-0.781227,-0.270538,3.004991,2.486505
7.939176,-1.259070,-0.788849,-0.301298,3.131716,-2.782951
7.943177,-1.098780,-0.783866,-0.100116,-3.024230,-1.939400
7.947179,-0.934264,-0.766187,0.180925,-2.896617,-0.963115
7.951180,-0.411731,-0.735914,0.266994,-2.768460,0.578549
7.955182,-1.412511,-0.693362,-0.279427,-2.639903,2.764592
7.959184,-0.835391,-0.639059,0.108184,-2.510800,-1.330841
7.963185,-0.883834,-0.573754,0.551793,-2.381292,0.409575
7.967187,-1.848451,-0.498417,-0.182669,-2.251265,1.914176
7.971188,-2.057063,-0.414232,-0.293405,-2.120847,2.980160
7.975190,-2.405765,-0.322586,-0.327848,-1.989968,3.011914
7.979192,-2.006819,-0.225051,-0.391596,-1.858736,-2.241243
7.983193,-1.454085,-0.123352,0.428224,-1.727130,-0.993929
7.987195,-0.289616,-0.019342,0.802969,-1.595230,0.139307
7.991196,-1.029457,0.085044,0.370733,-1.463067,1.158507
7.995198,-1.435299,0.187831,-0.841616,-1.330686,2.337777
7.999200,-2.057603,0.287054,-1.231835,-1.198170,-2.554764
8.003201,0.512829,0.380804,0.779722,-1.065525,-1.040038
8.007203,0.856667,0.467279,1.140223,-0.932884,0.553557
8.011204,-0.746285,0.544832,-0.590601,-0.800216,2.236693
8.015206,-0.349659,0.612013,-0.314371,-0.667694,-2.165297
8.019208,0.205227,0.667611,0.367822,-0.535256,0.067570
8.023209,-0.214527,0.710676,-0.181127,-0.403105,2.087049
8.027211,-0.325422,0.740550,-0.305738,-0.271152,-2.676057
8.031212,-0.018277,0.756872,0.013109,-0.139624,-1.527054
8.035214,0.520391,0.759587,0.283669,-0.008412,-0.441054
8.039216,0.094084,0.748940,0.192687,0.122247,0.926555
8.043217,-0.010773,0.725457,-0.207645,0.252468,2.610339
8.047219,-0.343205,0.689923,0.046640,0.382020,-1.128473
8.051220,-0.505188,0.643354,-0.116924,0.511016,2.051785
8.055222,-1.047249,0.586954,-0.312225,0.639243,-2.194128
8.059224,-0.494908,0.522079,0.756921,0.766807,-0.340624
8.063225,-0.681796,0.450186,0.140567,0.893524,1.419988
8.067227,-2.585500,0.372797,-0.814740,1.019484,3.094963
8.071228,-0.685417,0.291449,-0.044778,1.144548,-1.673028
8.075230,-1.704537,0.207656,-0.050896,1.268784,-1.899295
8.079232,-0.371931,0.122878,0.252910,1.392108,-1.038941
8.083233,-0.822796,0.038484,0.555053,1.514559,0.426564
8.087235,-1.234474,-0.044263,-0.126633,1.636119,1.856106
8.091236,-1.623785,-0.124229,-0.188737,1.756797,2.930191
8.095238,-1.820432,-0.200416,-0.121306,1.876643,2.936277
8.099240,-1.688253,-0.271968,-0.141921,1.995641,-2.870010
8.103241,-1.941747,-0.338165,-0.169764,2.113913,-2.280600
8.107243,-0.935031,-0.398420,0.272152,2.231420,-0.953318
8.111244,-0.857411,-0.452262,0.476740,2.348354,0.696943
8.115246,-1.016206,-0.499325,-0.522707,2.464656,2.480681
8.119248,-1.101543,-0.539325,-0.225299,2.580583,-1.967233
8.123249,0.400909,-0.572047,0.380676,2.696054,-0.087428
8.127251,-0.801902,-0.597329,-0.092285,2.811372,2.376411
8.131253,0.096127,-0.615046,0.213347,2.926438,-0.578168
8.135254,-0.598609,-0.625108,0.148859,3.041577,1.215265
8.139256,-1.173794,-0.627447,-0.432015,-3.126513,2.778730
8.143257,-0.930100,-0.622028,-0.179206,-3.011137,-2.038465
8.147259,-1.021051,-0.608842,0.240185,-2.895617,-0.536379
8.151261,-0.693640,-0.587928,0.015105,-2.779646,1.433101
8.155262,-1.231554,-0.559370,0.072325,-2.663376,-1.177628
8.159264,-0.488630,-0.523323,0.333388,-2.546539,0.774540
8.163265,-1.596270,-0.480017,-0.598385,-2.429289,2.577686
8.167267,-1.410831,-0.429774,-0.307192,-2.311414,-1.951912
8.171269,-0.016728,-0.373022,0.728792,-2.193060,-0.271851
8.175270,-1.061182,-0.310300,0.161192,-2.074076,1.257099
8.179272,-0.932946,-0.242262,-0.211311,-1.954590,2.395071
8.183273,-0.963144,-0.169684,-0.216709,-1.834518,-2.895191
8.187275,-0.443334,-0.093454,0.129315,-1.713957,-0.717759
8.191277,0.190407,-0.014568,-0.131051,-1.592891,1.889189
8.195278,-0.710383,0.065888,-0.719647,-1.471375,-2.643792
8.199280,1.727577,0.146749,0.489906,-1.349458,-1.094390
8.203281,1.731725,0.226802,1.003763,-1.227146,0.326299
8.207283,1.326928,0.304800,-0.015946,-1.104541,1.589182
8.211285,0.710520,0.379493,-0.558043,-0.981596,2.653586
8.215286,0.574650,0.449652,-0.431294,-0.858461,-2.886637
8.219288,1.272352,0.514090,-0.396675,-0.735037,-2.429973
8.223289,1.019343,0.571687,0.102488,-0.611508,-1.449480
8.227291,2.849121,0.621414,1.063041,-0.487731,-0.156098
8.231293,1.522613,0.662347,0.376485,-0.363914,1.195277
8.235294,0.988209,0.693690,-0.525710,-0.239879,2.402178
8.239296,1.101899,0.714785,-0.445378,-0.115844,2.939266
8.243297,0.507897,0.725126,-0.703655,0.008395,-2.805757
8.247299,1.802113,0.724363,-0.109398,0.132623,-1.666002
8.251301,2.348248,0.712311,1.328456,0.257054,-0.377481
8.255302,2.640993,0.688952,0.846010,0.381489,0.972122
8.259304,-0.141186,0.654439,-0.923626,0.506138,2.356638
8.263305,0.558653,0.609092,-0.722998,0.630832,-2.570608
8.267307,0.679576,0.553394,-0.012348,0.755766,-1.605263
8.271309,1.022056,0.487992,0.031513,0.880808,-1.482924
8.275310,1.275022,0.413686,0.444197,1.006129,-0.171368
8.279312,0.853838,0.331427,-0.083773,1.131641,1.921013
8.283313,1.082684,0.242307,0.201500,1.257474,-1.113467
8.287315,1.436163,0.147556,0.712532,1.383591,0.741614
8.291317,-0.011811,0.048527,-0.905200,1.510077,2.394729
8.295318,-0.246010,-0.053313,-0.746617,1.636942,-2.301239
8.299320,1.601577,-0.156400,0.484050,1.764220,-0.819693
8.303321,0.861327,-0.259085,0.282431,1.891972,0.195631
8.307323,1.407427,-0.359659,0.215807,2.020178,0.510186
8.311325,0.725189,-0.456370,-0.014683,2.148941,1.640946
8.315326,0.705404,-0.547456,0.008106,2.278192,1.505603
8.319328,0.277189,-0.631167,-0.359111,2.408068,2.571087
8.323329,-0.230954,-0.705805,-0.268999,2.538454,-1.962242
8.327331,1.182956,-0.769756,0.870973,2.669513,-0.101582
8.331333,-0.257825,-0.821528,-0.172935,2.801094,1.764890
8.335334,-0.550555,-0.859791,-0.629233,2.933376,-2.672268
8.339336,0.589674,-0.883414,0.245344,3.066184,-0.671734
8.343337,-0.198646,-0.891497,-0.260491,-3.083484,3.082153
8.347339,0.849268,-0.883413,0.191248,-2.949445,-1.247452
8.351341,0.688244,-0.858827,0.637825,-2.814709,0.323203
8.355342,0.456412,-0.817730,-0.019897,-2.679461,1.614179
8.359344,-0.083126,-0.760452,-0.101675,-2.543545,1.921277
8.363345,-0.266676,-0.687672,-0.506059,-2.407135,2.570977
8.367347,-0.469218,-0.600426,-0.700447,-2.270107,-2.487623
8.371349,0.674462,-0.500100,0.356684,-2.132610,-1.198616
8.375350,1.447600,-0.388408,0.893410,-1.994562,0.062080
8.379352,0.627577,-0.267376,0.238017,-1.856076,1.213036
8.383353,0.423918,-0.139295,-0.212113,-1.717118,2.025889
8.387355,-0.214286,-0.006685,-0.519992,-1.577758,2.672980
8.391357,-0.002666,0.127760,-0.659909,-1.438016,-2.447234
8.395358,1.082300,0.261236,0.575228,-1.297917,-0.988510
8.399360,1.840454,0.390894,0.855861,-1.157532,0.607511
8.403361,0.717836,0.513906,-0.548252,-1.016840,2.290787
8.407363,1.358295,0.627548,-0.253021,-0.875963,-2.166269
8.411365,2.343246,0.729263,0.079217,-0.734836,1.120129
8.415366,1.728354,0.816738,-0.531771,-0.593622,-2.723734
8.419368,3.281701,0.887964,0.441801,-0.452221,-1.057932
8.423369,3.490810,0.941295,0.895598,-0.310824,0.481924
8.427371,2.263687,0.975494,-0.360443,-0.169303,1.962022
8.431373,1.808426,0.989767,-0.745385,-0.027867,-2.830048
8.435374,2.241344,0.983785,0.210908,0.113630,-1.200693
8.439376,2.726593,0.957691,0.316332,0.254979,0.726647
8.443377,1.320589,0.912098,-0.366777,0.396328,2.799106
8.447379,2.203902,0.848065,-0.054156,0.537481,-1.717906
8.451381,1.847030,0.767069,0.237968,0.678576,-0.464738
8.455382,2.221156,0.670964,0.302902,0.819444,0.118679
8.459384,1.591259,0.561929,0.134037,0.960198,1.323609
8.463385,0.702206,0.442408,-0.708007,1.100707,2.889994
8.467387,1.106456,0.315047,-0.088695,1.241051,-1.687944
8.471389,1.606598,0.182620,0.637958,1.381146,0.128172
8.475390,0.771081,0.047967,-0.220896,1.521027,2.084664
8.479392,0.603585,-0.086084,-0.089319,1.660665,-1.934750
8.483393,0.902625,-0.216778,0.104332,1.800048,1.036175
8.487395,0.172897,-0.341497,-0.326125,1.939200,-2.857066
8.491397,0.634752,-0.457817,0.236290,2.078060,-0.938488
8.495398,0.462242,-0.563556,0.187343,2.216707,0.862679
8.499400,-0.184104,-0.656814,-0.049210,2.355033,-2.976465
8.503401,0.243423,-0.736006,0.186889,2.493167,0.674594
8.507403,-0.527697,-0.799879,-0.213947,2.630959,2.177183
8.511405,-0.350751,-0.847532,-0.376383,2.768579,-2.992159
8.515406,-0.172709,-0.878411,-0.263813,2.905848,-2.144445
8.519408,0.580204,-0.892309,0.402953,3.042967,-0.958211
8.523409,1.275002,-0.889346,0.694009,-3.103447,0.446653
8.527411,0.168764,-0.869957,-0.167064,-2.966803,1.862301
8.531413,0.443098,-0.834859,-0.238088,-2.830488,2.807917
8.535414,0.187020,-0.785029,-0.343579,-2.694282,2.859534
8.539416,0.247525,-0.721669,-0.312221,-2.558374,-2.121341
8.543417,1.286562,-0.646179,0.501581,-2.422560,-0.609545
8.547419,0.716464,-0.560120,0.263781,-2.287002,0.893444
8.551421,0.772198,-0.465183,-0.067447,-2.151529,1.989088
8.555422,0.185569,-0.363163,-0.096443,-2.016261,2.068493
8.559424,0.236651,-0.255923,-0.330993,-1.881075,-2.791274
8.563425,0.241647,-0.145371,0.183561,-1.746043,-1.103206
8.567427,0.515516,-0.033432,0.286045,-1.611096,0.631214
8.571429,-0.081921,0.077979,-0.141378,-1.476252,2.387310
8.575430,0.233927,0.186980,0.052509,-1.341510,0.210645
8.579432,0.319606,0.291746,-0.167962,-1.206825,2.222231
8.583433,0.194097,0.390538,-0.314309,-1.072264,-2.539512
8.587435,1.144996,0.481722,0.077798,-0.937725,-1.305794
8.591437,0.997946,0.563797,0.128634,-0.803340,-1.072243
8.595438,1.904348,0.635412,0.624755,-0.668952,-0.172731
8.599440,1.285691,0.695397,0.329900,-0.534750,1.234176
8.603441,0.041466,0.742775,-1.067915,-0.400532,2.756140
8.607443,0.629382,0.776781,-0.357338,-0.266526,-1.932317
8.611445,1.574310,0.796877,0.593266,-0.132502,-0.177593
8.615446,0.993725,0.802767,-0.247434,0.001286,2.786110
8.619448,1.509111,0.794399,0.439391,0.135084,-0.935904
8.623449,2.454291,0.771971,0.845081,0.268629,0.796078
8.627451,0.273236,0.735933,-1.062982,0.402161,2.417019
8.631453,1.007880,0.686979,-0.871921,0.535429,-2.293577
8.635454,2.327988,0.626034,0.688730,0.668651,-0.757556
8.639456,2.080761,0.554243,0.319697,0.801604,0.753663
8.643457,1.540573,0.472940,0.008220,0.934469,-1.400269
8.647459,1.329831,0.383631,0.354923,1.067068,0.296135
8.651461,0.866699,0.287955,0.030606,1.199534,1.512982
8.655462,-0.675076,0.187653,-0.561897,1.331746,2.606769
8.659464,-0.597295,0.084529,-0.653724,1.463780,-2.471526
8.663465,-0.244633,-0.019587,0.486479,1.595589,-1.047418
8.667467,0.398441,-0.122877,0.810630,1.727187,0.561543
8.671469,-1.219624,-0.223568,-0.542591,1.858605,2.332286
8.675470,-0.921152,-0.319965,-0.232461,1.989795,-2.016485
8.679472,-0.103066,-0.410476,0.286726,2.120865,0.142625
8.683473,-0.962760,-0.493636,-0.137305,2.251709,-3.135757
8.687475,-0.023019,-0.568127,0.230568,2.382508,-0.214466
8.691477,-0.744283,-0.632790,-0.124836,2.513102,2.015547
8.695478,-0.260783,-0.686637,-0.049965,2.643735,-1.755164
8.699480,0.281252,-0.728855,0.319791,2.774205,0.792365
8.703481,-0.764703,-0.758813,-0.692074,2.904802,2.719867
8.707483,0.179561,-0.776064,-0.314168,3.035294,-1.914444
8.711485,0.768876,-0.780342,0.782428,-3.117187,-0.445297
8.715486,0.931222,-0.771565,0.458381,-2.986516,0.750123
8.719488,-0.142721,-0.749832,0.054580,-2.855558,1.460008
8.723489,-0.338496,-0.715423,-0.405407,-2.724557,2.283515
8.727491,-0.845547,-0.668802,-0.636675,-2.593212,-2.841175
8.731493,-0.190898,-0.610611,-0.081670,-2.461748,-1.742269
8.735494,0.231269,-0.541670,0.035341,-2.329906,-1.472123
8.739496,0.540146,-0.462978,0.567880,-2.197878,-0.702565
8.743497,1.323129,-0.375700,0.851514,-2.065462,0.675539
8.747499,-0.785959,-0.281164,-0.694755,-1.932800,2.209869
8.751501,-0.452637,-0.180849,-0.735967,-1.799763,-2.443824
8.755502,0.246098,-0.076371,0.473340,-1.666432,-0.682302
8.759504,0.141232,0.030536,0.055490,-1.532763,1.388896
8.763505,-0.212630,0.138042,-0.158669,-1.398769,-2.488521
8.767507,0.411904,0.244247,0.113631,-1.264492,-0.772330
8.771509,0.746998,0.347217,0.202819,-1.129878,-0.113562
8.775510,1.045408,0.445018,0.201034,-0.995048,1.121074
8.779512,0.688443,0.535755,-0.648902,-0.859884,2.642729
8.783513,0.943377,0.617616,-0.450480,-0.724579,-2.115153
8.787515,2.372238,0.688913,0.573386,-0.588956,-0.698601
8.791517,2.061130,0.748126,0.436075,-0.453265,0.271910
8.795518,2.098175,0.793940,0.480326,-0.317281,0.548906
8.799520,1.608573,0.825283,-0.033263,-0.181291,1.603743
8.803521,0.008826,0.841361,-1.261125,-0.045040,2.878424
8.807523,1.049723,0.841676,-0.760093,0.091170,-2.155159
8.811525,1.955864,0.826051,0.731954,0.227607,-0.985065
8.815526,3.186351,0.794637,1.236969,0.363972,0.136171
8.819528,1.570051,0.747923,0.351431,0.500525,1.258956
8.823529,1.035792,0.686725,-0.694244,0.636992,2.366155
8.827531,0.372532,0.612178,-0.739404,0.773604,-2.911802
8.831533,1.116430,0.525711,-0.304732,0.910133,-2.089918
8.835534,1.216360,0.429016,0.147514,1.046763,-1.326065
8.839536,1.776120,0.324015,0.616546,1.183327,-0.417757
8.843537,1.434882,0.212817,0.570750,1.319948,0.630631
8.847539,0.592321,0.097668,-0.104546,1.456531,1.734849
8.851541,-0.000520,-0.019101,-0.445865,1.593124,2.764822
8.855542,-0.043229,-0.135122,-0.301936,1.729713,-2.778255
8.859544,0.119046,-0.248055,-0.201700,1.866269,-2.335498
8.863545,0.107746,-0.355635,-0.066875,2.002857,-1.748616
8.867547,0.870010,-0.455724,0.360404,2.139371,-0.847075
8.871549,0.755236,-0.546365,0.654367,2.275952,0.338504
8.875550,0.308314,-0.625814,-0.088959,2.412418,1.699124
8.879552,-0.729113,-0.692590,-0.496811,2.548980,-3.114265
8.883553,-0.126632,-0.745494,0.017400,2.685388,-1.470058
8.887555,-0.549995,-0.783643,-0.123582,2.821904,2.616279
8.891557,-0.793022,-0.806477,-0.151642,2.958230,-2.111643
8.895558,-0.052416,-0.813771,0.180896,3.094660,-0.951700
8.899560,-0.403455,-0.805630,0.367552,-3.052321,-0.031875
8.903561,0.233691,-0.782479,0.208647,-2.916034,1.129115
8.907563,-0.876507,-0.745047,-0.396186,-2.780001,2.418332
8.911565,-0.385042,-0.694335,-0.459977,-2.643925,-2.753058
8.915566,-0.030224,-0.631592,-0.135803,-2.508128,-1.794621
8.919568,0.776838,-0.558274,0.773110,-2.372343,-0.526076
8.923569,1.248665,-0.476006,0.622935,-2.236853,0.979508
8.927571,-0.886350,-0.386539,-0.963433,-2.101445,2.571579
8.931573,0.329960,-0.291708,-0.504328,-1.966337,-2.117269
8.935574,1.064108,-0.193387,0.573026,-1.831391,-0.614960
8.939576,1.268311,-0.093457,0.393731,-1.696740,0.668511
8.943577,0.953656,0.006244,-0.134169,-1.562333,1.861673
8.947579,0.478629,0.103942,-0.475981,-1.428206,-3.044639
8.951581,1.395758,0.197966,-0.009385,-1.294399,-1.594803
8.955582,1.178453,0.286771,0.168548,-1.160843,-0.404092
8.959584,1.263922,0.368954,0.122146,-1.027673,-0.882609
8.963585,1.373009,0.443273,0.482115,-0.894712,0.231660
8.967587,0.557510,0.508658,-0.040257,-0.762183,1.624549
8.971589,-0.135558,0.564216,-0.870342,-0.629810,3.101606
8.975590,0.454147,0.609236,-0.017680,-0.497892,-1.593217
8.979592,1.212650,0.643190,0.484384,-0.366069,0.264824
8.983593,0.638052,0.665730,-0.344825,-0.234701,3.078171
8.987595,1.201166,0.676692,0.437826,-0.103369,-0.842436
8.991597,2.109022,0.676088,0.486521,0.027534,0.953569
8.995598,0.247855,0.664103,-0.573750,0.158455,2.563672
8.999600,1.594420,0.641093,-0.282474,0.288994,-2.736795
9.003601,0.548499,0.607575,-0.472042,0.419600,-2.561172
9.007603,2.055802,0.564221,0.439659,0.549892,-1.125221
9.011605,2.092606,0.511848,1.011507,0.680292,0.507594
9.015606,0.492056,0.451409,-0.573639,0.810466,2.244633
9.019608,0.537534,0.383978,-0.200726,0.940778,-1.974176
9.023609,1.142351,0.310733,0.365566,1.070971,0.693974
9.027611,-0.253778,0.232946,-0.617213,1.201325,2.569165
9.031613,0.389959,0.151959,-0.608519,1.331681,-2.294188
9.035614,0.872880,0.069164,0.576124,1.462214,-1.000599
9.039616,2.295667,-0.014013,1.101022,1.592879,0.321823
9.043617,0.212743,-0.096138,-0.131819,1.723728,1.689717
9.047619,-0.035627,-0.175792,-0.907202,1.854837,3.054509
9.051621,0.105063,-0.251593,-0.213004,1.986129,-1.911339
9.055622,0.524809,-0.322225,0.288294,2.117797,-0.641850
9.059624,0.207753,-0.386462,0.067638,2.249636,0.502434
9.063625,-0.219154,-0.443191,0.121435,2.381956,-0.970854
9.067627,0.100862,-0.491437,0.405123,2.514427,0.388407
9.071629,-0.696813,-0.530383,-0.068199,2.647458,1.704856
9.075630,-1.215404,-0.559387,-0.451409,2.780617,2.773593
9.079632,-0.964951,-0.577999,-0.490157,2.914389,-2.572640
9.083633,-0.564625,-0.585965,0.199027,3.048263,-1.308298
9.087635,0.659749,-0.583241,0.801096,-3.100414,0.200653
9.091637,-0.489672,-0.569984,-0.172289,-2.965824,1.828300
9.095638,-0.547239,-0.546551,-0.401380,-2.830612,-2.777804
9.099640,0.187003,-0.513489,0.069371,-2.695336,-1.203062
9.103641,-0.449876,-0.471522,0.062446,-2.559488,-0.508296
9.107643,0.301337,-0.421535,0.073960,-2.423591,0.223564
9.111645,-0.650921,-0.364552,0.041295,-2.287209,-0.101298
9.115646,0.286508,-0.301714,0.173297,-2.150793,0.720153
9.119648,-0.485760,-0.234254,-0.256913,-2.014020,2.201244
9.123649,-0.391141,-0.163475,-0.467938,-1.877228,-2.651821
9.127651,0.716717,-0.090714,0.091497,-1.740239,-1.388585
9.131653,0.620072,-0.017325,0.445841,-1.603247,-0.273804
9.135654,1.321732,0.055357,0.244807,-1.466239,0.916043
9.139656,0.157012,0.126036,-0.108929,-1.329242,2.116060
9.143657,0.818776,0.193478,0.018242,-1.192417,1.460435
9.147659,-0.018630,0.256536,-0.424466,-1.055612,2.690347
9.151661,0.088936,0.314162,-0.268692,-0.919160,-2.020476
9.155662,1.136385,0.365427,0.484271,-0.782735,-0.408611
9.159664,0.502930,0.409529,0.130415,-0.646822,1.065457
9.163665,0.886356,0.445808,0.056738,-0.510941,1.128094
9.167667,0.666125,0.473747,-0.145369,-0.375697,2.111835
9.171669,0.600863,0.492982,-0.254754,-0.240490,-2.892184
9.175670,0.855729,0.503299,-0.237471,-0.106001,-2.574175
9.179672,0.897936,0.504638,0.041085,0.028450,-1.513048
9.183673,1.886429,0.497086,1.130927,0.162151,-0.021742
9.187675,1.103172,0.480875,0.103352,0.295815,1.487781
9.191677,-0.762920,0.456372,-0.931121,0.428752,2.828094
9.195678,0.662360,0.424075,-0.652374,0.561657,-2.696952
9.199680,-0.308225,0.384598,-0.343457,0.693913,-1.891297
9.203681,2.639543,0.338663,1.222783,0.826144,-0.555909
9.207683,1.120295,0.287089,0.820703,0.957848,0.901076
9.211685,0.543251,0.230778,-0.485873,1.089532,2.255498
9.215686,0.330062,0.170705,-0.243470,1.220846,2.432646
9.219688,-0.025645,0.107900,-0.743467,1.352139,3.011930
9.223689,0.500191,0.043435,-0.355965,1.483243,-1.944083
9.227691,1.649724,-0.021591,0.692862,1.614321,-0.632155
9.231693,1.555283,-0.086069,0.542876,1.745402,0.427584
9.235694,1.465542,-0.148898,0.230271,1.876444,1.115569
9.239696,0.439951,-0.208999,-0.321355,2.007673,2.060480
9.243697,0.170953,-0.265335,-0.818763,2.138840,-2.969221
9.247699,0.265491,-0.316931,-0.027463,2.270355,-1.602407
9.251701,1.090315,-0.362891,0.742542,2.401773,-0.245256
9.255702,0.419537,-0.402417,0.367027,2.533670,0.876850
9.259704,-0.197554,-0.434822,-0.022979,2.665431,1.609542
9.263705,-0.590932,-0.459548,-0.802275,2.797762,2.703176
9.267707,-0.746969,-0.476174,-0.599083,2.929914,-2.187193
9.271709,1.009252,-0.484427,0.581065,3.062680,-0.771813
9.275710,0.576469,-0.484184,0.330103,-3.087956,0.022620
9.279712,0.910729,-0.475472,0.686043,-2.954795,0.069241
9.283713,0.613236,-0.458469,0.132203,-2.821881,1.461296
9.287715,-1.406998,-0.433497,-1.303646,-2.688411,3.021339
9.291717,0.447494,-0.401013,-0.085870,-2.555210,-1.660204
9.295718,0.521566,-0.361599,0.369783,-2.421563,-0.024344
9.299720,0.632040,-0.315952,-0.038718,-2.288200,-1.831701
9.303721,1.165064,-0.264864,0.361283,-2.154545,-0.283976
9.307723,1.159701,-0.209208,0.258489,-2.021175,0.803414
9.311725,1.062463,-0.149920,-0.024978,-1.887700,1.621328
9.315726,0.452514,-0.087984,-0.705716,-1.754498,2.884188
9.319728,0.528103,-0.024414,-0.278744,-1.621393,-1.927346
9.323729,1.842637,0.039761,0.545597,-1.488534,-0.470663
9.327731,0.542663,0.103511,0.246601,-1.355977,0.582480
9.331733,1.315782,0.165821,0.217120,-1.223628,0.770981
9.335734,-0.136648,0.225700,-0.130925,-1.091773,1.890301
9.339736,0.511462,0.282198,-0.279340,-0.960078,2.975283
9.343737,-0.096294,0.334412,-0.308591,-0.829043,2.902684
9.347739,0.291274,0.381499,-0.506843,-0.698118,-2.316059
9.351741,1.344762,0.422690,0.638463,-0.567981,-0.925267
9.355742,1.981943,0.457297,0.999881,-0.437911,0.472586
9.359744,0.752556,0.484724,-0.204347,-0.308714,1.781443
9.363745,0.235045,0.504479,-0.770191,-0.179545,2.924440
9.367747,0.444634,0.516183,-0.476940,-0.051284,-2.313553
9.371749,1.129788,0.519572,0.272452,0.076982,-1.152497
9.375750,1.311462,0.514508,0.547443,0.204362,0.150812
9.379752,0.551481,0.500983,0.010343,0.331772,1.539568
9.383754,0.377896,0.479118,-0.059458,0.458365,-3.091400
9.387755,0.209326,0.449167,0.092054,0.585005,1.081309
9.391757,-0.213103,0.411516,-0.296053,0.710944,2.572366
9.395758,-0.273985,0.366678,-0.231863,0.836939,-2.267986
9.399760,0.135846,0.315292,0.130803,0.962385,-1.011445
9.403762,0.416411,0.258112,0.174663,1.087884,-0.423638
9.407763,0.418288,0.196001,0.269425,1.213011,0.645642
9.411765,0.234996,0.129922,-0.317135,1.338173,2.278177
9.415766,-0.175259,0.060921,-0.335684,1.463147,-2.211225
9.419768,0.788027,-0.009884,0.478825,1.588124,-0.293599
9.423770,-0.375423,-0.081325,-0.174316,1.713095,2.079741
9.427771,-0.515119,-0.152202,0.020177,1.838021,-1.533535
9.431773,0.083557,-0.221307,0.850807,1.963113,0.407346
9.435774,-1.860164,-0.287446,-0.540545,2.088102,2.060655
9.439776,-2.025891,-0.349468,-0.981549,2.213411,-2.725386
9.443778,-1.396296,-0.406281,0.087292,2.338558,-1.456532
9.447779,-0.495723,-0.456881,0.423786,2.464156,-0.666935
9.451781,-0.702731,-0.500368,0.622720,2.589542,0.149601
9.455782,-0.720549,-0.535965,0.112587,2.715481,1.394389
9.459784,-1.615863,-0.563033,-0.338155,2.841165,2.746070
9.463786,-0.923723,-0.581079,-0.012545,2.967470,1.659409
9.467787,-1.794729,-0.589773,-0.599984,3.093482,2.821851
9.471789,-1.308021,-0.588945,-0.391052,-3.063050,-2.010286
9.475790,-0.404028,-0.578594,0.726201,-2.936717,-0.577577
9.479792,-0.631241,-0.558884,0.411191,-2.809775,0.674065
9.483794,-1.354224,-0.530139,0.176303,-2.683177,0.956566
9.487795,-1.588743,-0.492839,-0.084496,-2.556055,1.720351
9.491797,-2.796995,-0.447604,-0.685906,-2.429297,-3.131924
9.495798,-1.711938,-0.395185,0.070994,-2.302160,-1.448599
9.499800,-1.587283,-0.336450,0.393796,-2.175405,0.615978
9.503802,-1.941367,-0.272358,-0.570585,-2.048467,2.660995
9.507803,-1.455287,-0.203944,-0.343276,-1.921926,-1.955931
9.511805,0.347958,-0.132294,1.018947,-1.795433,-0.411631
9.515806,0.014631,-0.058521,0.452071,-1.669338,1.164245
9.519808,-1.299015,0.016257,-0.950805,-1.543533,2.857222
9.523810,-0.390255,0.090936,0.019070,-1.418106,-1.545690
9.527811,0.162169,0.164445,0.535985,-1.293199,0.457636
9.531813,-0.742536,0.235761,-0.291161,-1.168627,2.260686
9.535814,-0.585875,0.303918,-0.256645,-1.044771,-2.865314
9.539816,-0.315785,0.368018,-0.247694,-0.921178,-2.383989
9.543818,0.013929,0.427233,0.223790,-0.798447,-1.102016
9.547819,0.643869,0.480811,0.342938,-0.675881,0.425874
9.551821,-0.314628,0.528074,0.011545,-0.554259,-1.320497
9.555822,0.620276,0.568414,0.544039,-0.432677,0.453283
9.559824,-1.155814,0.601297,-0.525548,-0.312043,2.097123
9.563826,-1.437967,0.626251,-0.948139,-0.191307,-2.522421
9.567827,-0.168892,0.642869,0.633586,-0.071447,-0.801065
9.571829,-0.718808,0.650806,0.145898,0.048669,1.230731
9.575830,-0.903178,0.649783,-0.112909,0.168046,-1.854734
9.579832,-0.191566,0.639587,0.778825,0.287828,0.163802
9.583834,-0.813947,0.620086,-0.194060,0.407060,1.774865
9.587835,-1.710253,0.591231,-0.855942,0.526826,-3.106487
9.591837,-0.553525,0.553078,-0.310357,0.646264,-2.052822
9.595838,-0.341388,0.505795,0.246860,0.766337,-1.220856
9.599840,0.956879,0.449684,0.894317,0.886322,-0.084755
9.603842,-0.157770,0.385192,0.280954,1.007006,1.252479
9.607843,-0.514712,0.312928,-0.537878,1.127843,2.617157
9.611845,-0.567199,0.233671,-0.172680,1.249402,-2.953570
9.615846,-0.674573,0.148374,-0.494588,1.371352,3.020134
9.619848,-0.520835,0.058167,-0.280052,1.494013,-1.894407
9.623850,0.300982,-0.035651,0.834648,1.617289,-0.449887
9.627851,0.181122,-0.131623,0.413534,1.741238,0.872154
9.631853,-1.203179,-0.228155,0.023925,1.866009,1.504198
9.635854,-0.979423,-0.323541,-0.299643,1.991396,2.155831
9.639856,-2.374266,-0.415999,-0.564730,2.117789,-2.719663
9.643858,-1.144134,-0.503703,0.178531,2.244731,-1.026068
9.647859,-1.907740,-0.584833,-0.203577,2.372837,3.021604
9.651861,-1.612189,-0.657615,0.192098,2.501425,-1.279364
9.655862,-0.480755,-0.720368,0.788933,2.631306,0.436722
9.659864,-2.406193,-0.771551,-0.383479,2.761611,2.114138
9.663866,-1.555428,-0.809806,-0.350013,2.893298,-2.615764
9.667867,-1.996922,-0.834002,-0.078402,3.025361,-2.084842
9.671869,-1.434073,-0.843271,0.104692,-3.124339,-1.227744
9.675870,-1.272352,-0.837038,0.308730,-2.990513,0.597884
9.679872,-2.186795,-0.815050,-0.321945,-2.855281,2.807542
9.683874,-1.096978,-0.777393,0.189307,-2.719730,-1.018201
9.687875,-1.829743,-0.724494,0.132973,-2.582856,1.275502
9.691877,-1.658941,-0.657130,-0.522385,-2.445677,-2.938810
9.695878,-1.564605,-0.576414,0.270181,-2.307326,-1.017791
9.699880,-0.743124,-0.483775,0.262730,-2.168676,0.771809
9.703882,-1.504907,-0.380933,-0.050303,-2.029077,2.019205
9.707883,-0.848328,-0.269864,-0.036278,-1.889181,1.702439
9.711885,-1.378682,-0.152754,-0.574229,-1.748619,-3.039948
9.715886,-0.530053,-0.031950,0.099153,-1.607762,-1.428744
9.719888,0.397914,0.090092,0.561833,-1.466570,0.105767
9.723890,-0.407800,0.210867,0.108366,-1.325089,1.168278
9.727891,0.175396,0.327877,0.070187,-1.183627,1.374612
9.731893,-0.877090,0.438694,-0.545037,-1.041884,2.663156
9.735894,-0.292217,0.541013,-0.336658,-0.900514,-2.113914
9.739896,0.334198,0.632709,0.348258,-0.758877,-0.626990
9.743898,0.014160,0.711885,0.080278,-0.617938,-0.199281
9.747899,0.605374,0.776917,0.397116,-0.476753,-0.324561
9.751901,0.370586,0.826489,0.373796,-0.336536,1.054944
9.755902,-0.484710,0.859629,-0.732366,-0.196101,2.429542
9.759904,-0.525235,0.875723,-0.845938,-0.056830,-2.508226
9.763906,0.578412,0.874531,0.368895,0.082623,-1.179412
9.767907,1.261578,0.856192,0.693319,0.220805,0.038630
9.771909,0.372904,0.821215,0.341714,0.359124,0.709160
9.775910,0.456473,0.770469,0.150543,0.496160,1.342191
9.779912,-1.006332,0.705160,-0.791249,0.633279,2.597382
9.783914,-0.845047,0.626797,-0.601967,0.769203,-2.269020
9.787915,0.175303,0.537157,0.450064,0.905145,-0.855601
9.791917,-0.302664,0.438241,0.306539,1.040075,0.314839
9.795918,-0.068851,0.332230,0.178582,1.174954,0.424921
9.799920,-0.661314,0.221430,0.093382,1.309093,1.221661
9.803922,-0.426137,0.108222,-0.099807,1.443104,1.978429
9.807923,-1.157777,-0.004992,-0.363391,1.576725,2.617873
9.811925,-0.942844,-0.115841,-0.518170,1.710142,-2.409382
9.815926,-0.326365,-0.222040,0.476131,1.843588,-0.956220
9.819928,0.026301,-0.321439,0.597895,1.976762,0.533754
9.823930,-0.959267,-0.412065,-0.094460,2.110444,1.866835
9.827931,-0.771331,-0.492168,0.068722,2.243804,1.317360
9.831933,-1.511542,-0.560257,-0.629288,2.378198,2.611825
9.835934,-1.433036,-0.615129,-0.459352,2.512254,-2.063621
9.839936,0.046796,-0.655897,0.856404,2.647909,-0.352815
9.843938,-0.826053,-0.682003,0.014033,2.783262,1.550094
9.847939,-1.394606,-0.693230,-0.445921,2.920805,-2.523125
9.851941,-0.131158,-0.689701,0.559863,3.058159,-0.438909
9.855942,-1.228843,-0.671878,0.172334,-3.084885,1.308504
9.859944,-1.163079,-0.640541,-0.559129,-2.944715,2.825290
9.863946,-1.986127,-0.596774,-0.269298,-2.801190,-2.198960
9.867947,-0.222679,-0.541930,0.165946,-2.657285,-1.157448
9.871949,-1.015139,-0.477601,0.480086,-2.509542,0.038944
9.875950,-0.066524,-0.405570,0.044325,-2.360910,1.494667
9.879952,-1.565316,-0.327768,-0.650354,-2.208132,3.053256
9.883954,-0.243104,-0.246222,-0.103145,-2.053798,-1.746656
9.887955,-0.218460,-0.163002,0.287479,-1.895335,-0.719672
9.891957,-0.065823,-0.080164,0.482951,-1.734540,-0.348908
9.895958,0.249951,0.000302,0.650275,-1.570161,0.792477
9.899960,-1.309751,0.076523,-0.613772,-1.402695,2.131367
9.903962,-1.095405,0.146798,-1.038335,-1.232948,-2.882498
9.907963,-0.292713,0.209635,-0.266306,-1.059585,-1.906165
9.911965,0.903823,0.263792,0.213585,-0.886148,-1.311238
9.915966,1.976126,0.308311,1.120357,-0.709001,-0.339404
9.919968,1.967915,0.342539,0.814194,-0.534776,0.929491
9.923970,0.363449,0.366141,-0.747347,-0.357262,2.255673
9.927971,0.425085,0.379103,-0.693165,-0.185962,-2.788848
9.931973,0.794054,0.381721,-0.191241,-0.012197,-2.329807
9.935974,0.688145,0.374585,-0.421670,0.152451,-2.308685
9.939976,1.448871,0.358547,0.520728,0.318540,-1.064545
9.943978,2.305696,0.334684,1.161982,0.473522,0.314998
9.947979,0.650366,0.304255,-0.100419,0.628817,1.662344
9.951981,0.020735,0.268652,-0.844434,0.772057,2.898930
9.955982,-0.090368,0.229341,-0.444041,0.914296,-2.332511
9.959984,0.346182,0.187812,-0.010976,1.044362,-1.590870
9.963986,0.412206,0.145525,0.503386,1.171701,-0.734905
9.967987,0.611535,0.103853,0.723298,1.287231,0.412629
9.971989,-0.481150,0.064044,-0.022030,1.397557,1.597792
9.975990,-1.082066,0.027181,-0.782318,1.496604,2.791843
9.979992,-1.055992,-0.005850,-0.503305,1.586730,-2.311775
9.983994,-0.063099,-0.034382,0.077123,1.666121,-1.445691
9.987995,0.262346,-0.057970,0.669396,1.730817,-0.511965
9.991997,0.340438,-0.076399,0.439882,1.785764,1.001123
9.995998,-1.022498,-0.089667,-0.598451,1.816252,2.886180
10.000000,-0.533915,-0.097974,-0.000194,1.843377,-1.571346
