time_s,eeg_uv,theta_filtered,gamma_filtered,theta_phase_rad,gamma_phase_rad
0.000000,-0.822902,-0.074901,-0.000095,2.055562,-1.570989
0.004002,0.081449,-0.112737,0.753896,2.203573,-0.209154
0.008003,-0.493454,-0.149646,0.188685,2.385384,1.198242
0.012005,-0.607436,-0.184306,0.093258,2.549608,0.698332
0.016006,-0.782368,-0.215410,0.115443,2.725039,1.337200
0.020008,-1.529651,-0.241710,-0.501208,2.889665,2.628992
0.024010,-1.249665,-0.262060,-0.308617,3.060719,-2.340205
0.028011,-0.834047,-0.275449,0.124337,-3.059011,-0.898379
0.032013,-0.465810,-0.281044,-0.099460,-2.891766,-2.680190
0.036014,-0.269791,-0.278210,0.164998,-2.730038,-1.082729
0.040016,0.654600,-0.266541,0.361166,-2.566305,0.314087
0.044018,0.041204,-0.245874,0.102537,-2.406541,1.173105
0.048019,0.329937,-0.216303,-0.057203,-2.246035,1.732505
0.052021,-0.549600,-0.178181,-0.497603,-2.088297,2.986341
0.056022,-0.002350,-0.132122,-0.105252,-1.930700,-1.765842
0.060024,0.386329,-0.078989,0.472041,-1.774939,-0.145515
0.064026,0.138178,-0.019881,0.068625,-1.619916,1.342765
0.068027,0.086416,0.043893,-0.034425,-1.466018,1.777609
0.072029,0.202090,0.110839,-0.310917,-1.313230,2.589052
0.076030,0.248269,0.179315,-0.287347,-1.161044,-2.217319
0.080032,1.260532,0.247573,0.260270,-1.010168,-0.799227
0.084034,1.025333,0.313799,0.195794,-0.859528,-0.252013
0.088035,1.410662,0.376162,0.419092,-0.710262,0.265865
0.092037,0.699682,0.432865,-0.069155,-0.560993,1.675924
0.096038,0.023655,0.482188,-0.625848,-0.413061,-2.952744
0.100040,0.890664,0.522543,0.257263,-0.264988,-0.918144
0.104042,0.532767,0.552512,-0.065680,-0.118144,1.744912
0.108043,0.424280,0.570894,-0.353261,0.028902,-2.327738
0.112045,1.330286,0.576743,0.435042,0.174872,-0.375955
0.116046,0.864170,0.569402,-0.117518,0.321042,2.044068
0.120048,1.191916,0.548527,0.123693,0.466312,-1.288431
0.124050,1.491701,0.514110,0.640944,0.611735,0.595559
0.128051,0.538753,0.466490,-0.543550,0.756441,2.260306
0.132053,0.074110,0.406349,-0.480451,0.901223,-2.432476
0.136054,1.448454,0.334711,0.148139,1.045467,-0.992013
0.140056,0.538610,0.252921,0.037095,1.189695,-0.950593
0.144058,1.603511,0.162620,0.020728,1.333545,-1.094851
0.148059,0.651557,0.065708,0.041676,1.477279,-1.418186
0.152061,2.145550,-0.035701,0.686693,1.620771,0.034356
0.156062,0.537069,-0.139323,-0.029417,1.764045,1.600241
0.160064,0.017966,-0.242772,-1.022109,1.907182,-3.068493
0.164066,0.477587,-0.343617,0.127701,2.050001,-1.397247
0.168067,0.971753,-0.439447,0.270714,2.192753,0.452122
0.172069,-0.099665,-0.527940,-0.076426,2.335098,-2.210451
0.176070,0.415249,-0.606926,0.196944,2.477411,-0.090745
0.180072,-0.611240,-0.674446,0.000485,2.619238,-1.529098
0.184074,-0.296069,-0.728814,0.365104,2.761034,-0.015557
0.188075,-0.999712,-0.768657,0.066328,2.902278,1.465564
0.192077,-1.948234,-0.792956,-0.634576,3.043462,2.826926
0.196078,-1.222489,-0.801075,-0.392448,-3.099142,-2.369888
0.200080,-0.990609,-0.792775,0.010227,-2.958676,-1.552607
0.204082,0.601903,-0.768212,0.656604,-2.818845,-0.433065
0.208083,0.443627,-0.727932,0.456841,-2.679200,0.958213
0.212085,-0.105986,-0.672843,-0.575777,-2.540202,2.470563
0.216086,0.418198,-0.604189,-0.377335,-2.401471,-2.219431
0.220088,0.786974,-0.523505,0.438308,-2.263380,-0.580564
0.224090,1.283532,-0.432573,0.222648,-2.125640,1.014277
0.228091,-0.264183,-0.333370,-0.224911,-1.988521,2.428542
0.232093,0.814352,-0.228015,-0.213677,-1.851837,-2.800005
0.236094,-0.085736,-0.118713,-0.020403,-1.715746,-1.640735
0.240096,1.517990,-0.007700,0.421699,-1.580171,-0.101494
0.244098,0.555442,0.102807,0.040693,-1.445156,1.499344
0.248099,0.713016,0.210664,-0.670091,-1.310732,3.008273
0.252101,1.018379,0.313846,-0.233330,-1.176833,-1.908439
0.256102,2.074221,0.410479,0.519436,-1.043588,-0.693085
0.260104,1.997739,0.498885,0.554295,-0.910831,0.421342
0.264106,1.441974,0.577599,0.090028,-0.778774,1.376099
0.268107,1.040790,0.645394,-0.101251,-0.647167,1.811914
0.272109,0.537473,0.701289,-0.636875,-0.516283,2.598008
0.276110,0.325660,0.744557,-0.788774,-0.385810,-2.400779
0.280112,2.114071,0.774721,0.674190,-0.256059,-0.949385
0.284114,2.330551,0.791550,0.792216,-0.126680,0.602642
0.288115,1.396646,0.795047,-0.389189,0.002000,2.333577
0.292117,1.854759,0.785437,0.068334,0.130347,-1.287772
0.296118,1.769701,0.763150,0.081633,0.258041,1.400318
0.300120,0.806929,0.728796,-0.706218,0.385443,-3.037361
0.304122,1.421683,0.683150,0.209271,0.512264,-1.297126
0.308123,1.569843,0.627126,0.631293,0.638840,0.414875
0.312125,0.523693,0.561756,-0.243486,0.764933,2.086063
0.316126,0.173038,0.488170,-0.231357,0.890834,-2.672717
0.320128,0.642322,0.407577,-0.036106,1.016371,-1.837809
0.324130,0.401798,0.321248,0.179742,1.141779,-0.662982
0.328131,1.123764,0.230501,0.165633,1.266959,1.111900
0.332133,-0.015880,0.136687,-0.502423,1.392075,2.851647
0.336134,1.052439,0.041183,-0.162228,1.517107,-1.837370
0.340136,1.443348,-0.054621,0.570070,1.642140,-0.396406
0.344138,1.384531,-0.149332,0.348624,1.767226,0.902290
0.348139,0.741241,-0.241564,-0.261285,1.892371,2.123526
0.352141,0.122708,-0.329951,-0.420721,2.017692,-2.907616
0.356142,0.896562,-0.413160,0.006407,2.143114,-1.553256
0.360144,0.554344,-0.489909,0.330463,2.268811,-0.051413
0.364146,0.677775,-0.558986,0.001617,2.394636,1.566456
0.368147,-0.308087,-0.619269,-0.478201,2.520807,3.140934
0.372149,0.139608,-0.669746,-0.077975,2.647116,-1.706181
0.376150,0.523923,-0.709540,0.579727,2.773809,-0.439618
0.380152,0.010701,-0.737928,0.532128,2.900634,0.733721
0.384154,-0.960364,-0.754367,-0.309886,3.027848,1.984979
0.388155,-1.620681,-0.758508,-0.633786,-3.128013,-2.952789
0.392157,-1.268880,-0.750214,-0.059376,-3.000326,-1.778200
0.396158,-0.931860,-0.729571,-0.219239,-2.872561,-2.354313
0.400160,-1.052581,-0.696892,0.326383,-2.744486,-1.098353
0.404162,0.659711,-0.652715,0.769721,-2.616374,0.378278
0.408163,-1.225869,-0.597798,-0.092613,-2.488019,1.739534
0.412165,0.189219,-0.533101,-0.063985,-2.359664,1.782518
0.416166,-1.187379,-0.459769,-0.732799,-2.231147,2.578082
0.420168,-0.479940,-0.379109,-0.851734,-2.102665,-2.267558
0.424170,1.380427,-0.292556,1.009346,-1.974105,-0.786910
0.428171,1.244676,-0.201648,0.937738,-1.845606,0.644926
0.432173,0.531439,-0.107988,-0.248432,-1.717112,1.929806
0.436174,-0.087099,-0.013210,-0.255095,-1.588695,2.596440
0.440176,0.479508,0.081056,-0.334760,-1.460357,2.670915
0.444178,-0.109105,0.173211,-0.488497,-1.332104,-2.705029
0.448179,0.747426,0.261724,-0.108623,-1.203994,-1.744894
0.452181,1.480769,0.345155,0.556313,-1.075968,-0.755514
0.456182,1.582629,0.422180,0.831521,-0.948137,0.427341
0.460184,1.034001,0.491615,-0.195784,-0.820381,1.788210
0.464186,-0.230817,0.552427,-0.659521,-0.692854,-2.995024
0.468187,1.317795,0.603752,0.103802,-0.565383,-1.201989
0.472189,0.335961,0.644895,-0.070971,-0.438154,1.965012
0.476190,1.006444,0.675339,-0.242426,-0.310953,-2.554122
0.480192,0.711406,0.694745,-0.055563,-0.183987,-1.756738
0.484194,1.591811,0.702947,0.326441,-0.057015,-0.945879
0.488195,1.672613,0.699950,0.783071,0.069751,0.389972
0.492197,0.747981,0.685919,-0.252926,0.196564,1.867574
0.496198,0.151092,0.661173,-0.526987,0.323221,-2.954674
0.500200,0.509490,0.626175,-0.124104,0.449973,-2.895368
0.504202,0.296278,0.581517,-0.384618,0.576643,-2.394227
0.508203,0.845273,0.527912,0.496463,0.703463,-0.762386
0.512205,1.023160,0.466184,0.161749,0.830293,1.231478
0.516206,-0.235565,0.397255,-0.247299,0.957335,-2.104823
0.520208,1.681387,0.322139,1.006454,1.084492,0.015464
0.524210,-0.389392,0.241928,-0.167734,1.211923,1.692849
0.528211,-1.185832,0.157789,-1.402636,1.339583,-3.055446
0.532213,-0.062412,0.070950,-0.076249,1.467580,-1.636239
0.536214,0.751194,-0.017307,0.777609,1.595924,-0.341029
0.540216,0.756861,-0.105659,0.330649,1.724665,0.828722
0.544218,-0.025353,-0.192747,0.020456,1.853866,1.467031
0.548219,0.452880,-0.277194,0.031394,1.983518,1.473954
0.552221,-0.517373,-0.357618,-0.494560,2.113728,2.784481
0.556222,-0.083357,-0.432652,-0.145229,2.244432,-1.866339
0.560224,0.233663,-0.500960,0.257360,2.375773,0.281596
0.564226,-0.656532,-0.561268,-0.355360,2.507638,-2.894217
0.568227,0.156717,-0.612381,0.415375,2.640197,-0.927637
0.572229,-0.078674,-0.653218,0.574017,2.773296,0.781145
0.576230,-1.242885,-0.682834,-0.483345,2.907121,2.453401
0.580232,-1.015165,-0.700452,-0.093853,3.041491,-1.988759
0.584234,-1.196235,-0.705489,-0.101516,-3.106591,2.033537
0.588235,-1.221477,-0.697582,-0.353597,-2.970950,-2.451648
0.592237,-0.811650,-0.676605,0.253789,-2.834590,-0.824310
0.596238,-0.717367,-0.642692,-0.013295,-2.697703,-2.213109
0.600240,-0.582029,-0.596240,0.428443,-2.560131,-0.725318
0.604242,-0.233331,-0.537919,0.631528,-2.422049,0.916210
0.608243,-2.076143,-0.468666,-1.048324,-2.283328,2.615294
0.612245,-1.401116,-0.389677,-0.296453,-2.144115,-1.853161
0.616246,-0.014118,-0.302388,0.769497,-2.004324,0.187485
0.620248,-1.277950,-0.208455,-0.469576,-1.864062,2.424553
0.624250,-0.400753,-0.109715,-0.080732,-1.723291,-1.735725
0.628251,0.054993,-0.008155,0.165055,-1.582073,0.695384
0.632253,-0.435955,0.094136,-0.261953,-1.440418,-2.206949
0.636255,1.126284,0.195015,0.859261,-1.298341,-0.401402
0.640256,0.029199,0.292333,0.496392,-1.155898,1.169345
0.644258,-1.040880,0.383989,-1.219703,-1.013057,2.665487
0.648259,-1.309352,0.467976,-0.669380,-0.869918,-2.136111
0.652261,0.869618,0.542438,0.761577,-0.726408,-0.611369
0.656263,-0.167965,0.605710,0.226103,-0.582666,1.062497
0.660264,0.207534,0.656365,-0.034507,-0.438585,-1.811666
0.664266,0.324317,0.693251,0.396239,-0.294333,0.642360
0.668267,-0.105277,0.715523,-0.515299,-0.149784,2.469927
0.672269,-0.039402,0.722663,-0.163801,-0.005121,-1.853267
0.676271,0.942331,0.714502,0.441038,0.139790,0.481111
0.680272,-0.273631,0.691219,-0.589428,0.284764,2.784387
0.684274,0.322443,0.653342,-0.034961,0.429929,-1.617328
0.688275,1.031087,0.601734,0.646464,0.575110,-0.016360
0.692277,0.070232,0.537571,0.178606,0.720418,1.063518
0.696279,0.241523,0.462311,0.107863,0.865702,1.334269
0.700280,-1.241184,0.377660,-0.657004,1.011045,2.475875
0.704282,-1.161916,0.285520,-0.811719,1.156330,-2.449864
0.708283,-0.384992,0.187948,0.447725,1.301607,-1.128865
0.712285,-0.105089,0.087099,0.905618,1.446802,0.039872
0.716287,-0.601957,-0.014826,0.439868,1.591926,1.016140
0.720288,-2.183897,-0.115633,-0.419197,1.736951,2.035035
0.724290,-2.271703,-0.213183,-1.046514,1.881848,-3.024642
0.728291,-2.279493,-0.305447,-0.093732,2.026640,-1.661637
0.732293,-0.366742,-0.390541,0.821784,2.171259,-0.229324
0.736295,-1.842890,-0.466770,0.193107,2.315775,1.217242
0.740296,-1.337129,-0.532656,-0.263205,2.460089,2.606474
0.744298,-1.702248,-0.586961,-0.135165,2.604313,-2.297261
0.748299,-0.811098,-0.628707,0.221185,2.748324,-0.618964
0.752301,-0.780461,-0.657185,0.226088,2.892262,1.054434
0.756303,-1.464094,-0.671966,-0.546808,3.035991,2.597061
0.760304,-0.972383,-0.672895,-0.452081,-3.103515,-2.265076
0.764306,-0.496695,-0.660093,0.341629,-2.960025,-1.017030
0.768307,0.095938,-0.633943,0.586815,-2.816564,0.008287
0.772309,-0.821414,-0.595085,0.318362,-2.673264,1.021991
0.776311,-1.391530,-0.544394,-0.350471,-2.529973,2.213878
0.780312,-1.946596,-0.482968,-0.372981,-2.386810,-2.862826
0.784314,-1.810340,-0.412106,-0.155203,-2.243650,-2.520865
0.788315,-1.645852,-0.333283,-0.136588,-2.100586,-1.928001
0.792317,-1.403674,-0.248126,0.455052,-1.957532,-0.414636
0.796319,-0.985863,-0.158382,0.033165,-1.814551,1.483431
0.800320,-1.831121,-0.065884,-0.159952,-1.671599,-2.121347
0.804322,-0.239391,0.027484,0.498560,-1.528705,0.182110
0.808323,-1.371598,0.119823,-0.223399,-1.385871,1.956224
0.812325,-1.255604,0.209261,-0.431681,-1.243089,-2.837294
0.816327,-0.465553,0.293992,-0.131110,-1.100407,-2.011584
0.820328,-0.676580,0.372310,0.224310,-0.957782,-1.063666
0.824330,0.820420,0.442652,0.491492,-0.815305,0.541781
0.828331,-1.137006,0.503627,-0.406707,-0.672900,2.464905
0.832333,0.382060,0.554053,-0.020226,-0.530693,-1.615708
0.836335,0.032049,0.592973,0.382164,-0.388585,0.509272
0.840336,-0.079683,0.619687,-0.203390,-0.246725,2.285269
0.844338,0.039533,0.633756,-0.060073,-0.105000,2.287126
0.848339,-0.501454,0.635015,-0.470680,0.036427,2.878150
0.852341,-0.062284,0.623573,-0.359868,0.177676,-1.989485
0.856343,0.820026,0.599806,0.939098,0.318581,-0.613647
0.860344,0.993452,0.564343,0.972037,0.459254,0.704587
0.864346,-0.812739,0.518054,-0.537207,0.599540,2.009625
0.868347,-1.323773,0.462016,-1.031826,0.739535,-2.956457
0.872349,-0.266805,0.397491,-0.084855,0.879105,-1.711222
0.876351,-0.219738,0.325890,-0.019551,1.018322,-1.658404
0.880352,0.316561,0.248734,0.214171,1.157082,-1.218971
0.884354,0.616266,0.167623,0.854476,1.295426,0.131895
0.888355,-0.105437,0.084193,0.005315,1.433284,1.563533
0.892357,-1.266026,0.000082,-0.312615,1.570662,2.852336
0.896359,-1.052393,-0.083109,-0.149259,1.707531,2.318756
0.900360,-2.160557,-0.163851,-0.445920,1.843862,-2.711229
0.904362,-1.223715,-0.240713,0.280087,1.979671,-1.000261
0.908363,-1.490145,-0.312394,0.200141,2.114903,1.057553
0.912365,-1.850484,-0.377734,-0.372962,2.249618,-2.894041
0.916367,-0.811711,-0.435735,0.293012,2.383739,-0.758321
0.920368,-1.140909,-0.485561,0.056604,2.517373,1.406111
0.924370,-1.018280,-0.526548,-0.288171,2.650428,-2.453246
0.928371,-0.597202,-0.558193,0.497331,2.783046,-0.439773
0.932373,-0.521077,-0.580156,0.247010,2.915133,1.182738
0.936375,-1.513819,-0.592244,-0.475900,3.046857,2.529949
0.940376,-1.274969,-0.594407,-0.461390,-3.105059,-2.895390
0.944378,-1.167603,-0.586725,-0.366202,-2.974058,-2.124715
0.948379,0.016131,-0.569395,0.688884,-2.843407,-0.850300
0.952381,0.323927,-0.542725,0.958095,-2.712914,0.633749
0.956383,-1.114850,-0.507123,-0.587112,-2.582641,2.198839
0.960384,-1.098519,-0.463089,-0.416847,-2.452402,-2.485813
0.964386,-0.478445,-0.411214,-0.042319,-2.322237,2.841936
0.968387,-0.807277,-0.352175,-0.271782,-2.191979,-2.196735
0.972389,0.144602,-0.286736,0.531476,-2.061642,-0.471843
0.976391,0.105125,-0.215747,0.089148,-1.931088,1.365964
0.980392,-0.584068,-0.140146,-0.132864,-1.800303,-2.468021
0.984394,0.765396,-0.060958,0.194658,-1.669184,0.699454
0.988395,-0.761204,0.020703,-0.252791,-1.537692,2.482426
0.992397,0.405930,0.103638,-0.231518,-1.405765,-2.932620
0.996399,-0.819852,0.186564,-0.352111,-1.273339,-2.300822
1.000400,0.765870,0.268127,0.631022,-1.140398,-0.861801
1.004402,0.372450,0.346910,0.897828,-1.006858,0.706021
1.008403,-0.992631,0.421451,-0.629991,-0.872744,2.260505
1.012405,-1.015667,0.490270,-0.417832,-0.737961,-2.653159
1.016407,-0.324078,0.551888,-0.263439,-0.602571,-3.029143
1.020408,-0.535426,0.604871,-0.265137,-0.466477,-2.013624
1.024410,1.422071,0.647859,0.514741,-0.329772,-0.700539
1.028411,0.937676,0.679612,0.515139,-0.192360,0.374780
1.032413,1.688893,0.699052,0.143186,-0.054358,1.308970
1.036415,0.597105,0.705305,-0.460489,0.084321,2.562061
1.040416,1.237583,0.697740,-0.213322,0.223551,-2.292756
1.044418,1.257994,0.676007,-0.109956,0.363407,3.125005
1.048419,0.939965,0.640060,-0.164511,0.503763,-1.905338
1.052421,1.843072,0.590180,0.652593,0.644679,-0.270799
1.056423,1.009710,0.526988,0.103702,0.786040,1.368522
1.060424,0.561051,0.451442,-0.067330,0.927884,2.368946
1.064426,0.708309,0.364833,-0.158285,1.070114,1.920480
1.068427,-0.486991,0.268756,-0.698398,1.212748,-2.676491
1.072429,1.326307,0.165091,0.510850,1.355711,-0.806220
1.076431,0.088538,0.055951,-0.034598,1.498995,1.638839
1.080432,0.192254,-0.056356,-0.306471,1.642554,-1.952325
1.084434,1.282598,-0.169388,1.325014,1.786353,0.002563
1.088435,-0.311165,-0.280627,-0.265845,1.930371,1.751148
1.092437,-1.402745,-0.387546,-1.099292,2.074548,-2.827521
1.096439,-0.197476,-0.487674,0.261555,2.218889,-1.000814
1.100440,-0.620014,-0.578664,-0.318508,2.363312,2.904049
1.104442,-0.741939,-0.658354,0.055330,2.507841,-1.500998
1.108443,0.537380,-0.724827,0.857704,2.652380,0.062034
1.112445,-1.379598,-0.776462,0.044958,2.796970,1.489681
1.116447,-0.869168,-0.811979,-0.062161,2.941502,2.093834
1.120448,-1.962152,-0.830471,-0.016535,3.086025,1.613520
1.124450,-1.924754,-0.831432,-0.631849,-3.052757,2.796109
1.128451,-2.020875,-0.814765,-0.483852,-2.908420,-2.228259
1.132453,-0.743242,-0.780785,0.419031,-2.764258,-0.937412
1.136455,-0.030516,-0.730204,0.406333,-2.620218,0.254847
1.140456,-0.470968,-0.664110,0.189777,-2.476394,0.413442
1.144458,0.503729,-0.583933,0.192244,-2.332740,1.047069
1.148459,-0.379041,-0.491404,-0.218903,-2.189328,2.295683
1.152461,0.387109,-0.388509,-0.059602,-2.046122,1.934455
1.156463,-0.282650,-0.277436,-0.653162,-1.903169,2.788146
1.160464,-0.019556,-0.160525,-0.481061,-1.760447,-2.011105
1.164466,1.664664,-0.040212,1.024705,-1.617976,-0.502598
1.168467,1.001921,0.081026,0.507221,-1.475746,0.863321
1.172469,0.382671,0.200722,0.107942,-1.333753,1.304060
1.176471,0.185818,0.316468,-0.286014,-1.191999,1.933930
1.180472,-1.243250,0.425960,-1.044499,-1.050453,-2.969425
1.184474,0.573588,0.527038,0.063856,-0.909135,-1.498842
1.188475,0.285955,0.617725,0.412926,-0.767990,-0.105691
1.192477,0.501233,0.696257,0.065202,-0.627052,-1.041757
1.196479,0.615414,0.761114,0.451780,-0.486249,-0.148020
1.200480,0.381402,0.811043,0.331622,-0.345626,0.986267
1.204482,-0.040372,0.845077,-0.289543,-0.205100,2.024135
1.208483,-0.833392,0.862552,-0.685906,-0.064724,3.027227
1.212485,-0.137611,0.863116,-0.493215,0.075592,-2.327409
1.216487,0.431392,0.846735,0.177978,0.215792,-1.367199
1.220488,1.655651,0.813696,1.099425,0.355961,-0.143308
1.224490,1.018277,0.764605,0.317396,0.496045,1.295419
1.228491,-0.302363,0.700379,-0.895021,0.636118,2.846038
1.232493,0.466026,0.622231,-0.162754,0.776130,-1.903901
1.236495,0.494261,0.531653,0.005233,0.916142,-1.543098
1.240496,0.789188,0.430392,0.462582,1.056113,-0.589328
1.244498,0.684418,0.320415,0.351690,1.196084,1.204499
1.248499,-1.095239,0.203877,-1.340017,1.336027,3.028185
1.252501,0.042963,0.083081,0.108098,1.475962,-1.499236
1.256503,1.585999,-0.039572,1.318921,1.615874,0.156264
1.260504,-0.698477,-0.161626,-0.032451,1.755760,1.609254
1.264506,-0.120582,-0.280625,-0.268243,1.895620,2.245953
1.268507,-1.640092,-0.394162,-0.660622,2.035428,2.830032
1.272509,-0.538663,-0.499938,-0.483728,2.175197,-2.169519
1.276511,-0.542159,-0.595807,0.393788,2.314881,-0.927737
1.280512,-0.041516,-0.679830,0.383361,2.454505,-0.409159
1.284514,-0.442579,-0.750318,0.715353,2.594004,0.175019
1.288515,-0.922735,-0.805871,0.170580,2.733412,1.403533
1.292517,-2.662049,-0.845413,-0.957658,2.872648,2.720082
1.296519,-2.190556,-0.868217,-0.573045,3.011751,-2.293061
1.300520,-1.540616,-0.873924,0.284924,-3.132555,-1.092129
1.304522,-1.230528,-0.862547,0.360316,-2.993862,0.073340
1.308523,-1.282219,-0.834472,0.081311,-2.855447,0.775703
1.312525,-1.169373,-0.790441,0.169062,-2.717276,0.586894
1.316527,-1.145274,-0.731531,-0.179480,-2.579439,2.167148
1.320528,-1.334491,-0.659121,-0.148594,-2.441907,-1.982203
1.324530,-0.364125,-0.574857,0.556887,-2.304762,0.237248
1.328531,-1.391401,-0.480601,-0.454143,-2.167987,2.128222
1.332533,-1.679551,-0.378388,-0.775303,-2.031650,-2.439314
1.336535,0.152501,-0.270367,0.646078,-1.895748,-0.819189
1.340536,-0.140232,-0.158751,0.532111,-1.760334,0.691149
1.344538,-0.255536,-0.045761,-0.153829,-1.625417,1.974057
1.348539,-0.466078,0.066426,-0.206215,-1.491030,2.852027
1.352541,0.067290,0.175725,-0.093384,-1.357197,-2.525723
1.356543,0.162559,0.280185,-0.068420,-1.223930,2.256777
1.360544,-0.043005,0.378025,-0.406021,-1.091263,-2.710979
1.364546,0.821334,0.467670,0.255087,-0.959184,-1.244690
1.368547,1.377158,0.547763,0.999316,-0.827737,0.236701
1.372549,0.416186,0.617187,-0.141448,-0.696886,1.705242
1.376551,-0.658320,0.675068,-0.862402,-0.566676,3.135479
1.380552,0.220957,0.720772,-0.135789,-0.437047,-1.838512
1.384554,0.081025,0.753901,0.056104,-0.308043,-1.284805
1.388555,0.196599,0.774276,0.139194,-0.179581,-1.150498
1.392557,0.215857,0.781922,0.489293,-0.051700,-0.011747
1.396559,-0.265761,0.777048,0.183524,0.075702,1.172976
1.400560,-0.955552,0.760030,-0.213512,0.202598,2.172329
1.404562,-1.196346,0.731383,-0.332298,0.329102,3.005547
1.408563,-1.085313,0.691747,-0.197192,0.455200,-2.225793
1.412565,-0.524517,0.641870,0.149966,0.581014,-0.833787
1.416567,-0.472683,0.582590,-0.020238,0.706546,1.816408
1.420568,-0.168349,0.514828,-0.067652,0.831911,-1.842170
1.424570,0.353255,0.439579,0.370972,0.957126,-0.184040
1.428571,0.064747,0.357905,0.025525,1.082294,1.493724
1.432573,-0.330478,0.270932,-0.145075,1.207442,-2.658404
1.436575,-0.391905,0.179844,0.173043,1.332657,0.459509
1.440576,-0.996697,0.085880,-0.245942,1.457975,2.544009
1.444578,-1.347660,-0.009672,-0.011891,1.583463,-1.615158
1.448579,-0.974914,-0.105485,0.162812,1.709167,0.965234
1.452581,-2.048574,-0.200198,-0.438181,1.835131,3.124007
1.456583,-1.121117,-0.292426,0.101665,1.961412,-1.358906
1.460584,-1.128482,-0.380779,0.302575,2.088031,0.323848
1.464586,-1.305789,-0.463869,0.011823,2.215052,-0.259236
1.468587,-0.959905,-0.540332,0.316801,2.342474,0.534235
1.472589,-1.934405,-0.608853,-0.348127,2.470365,2.158850
1.476591,-1.930661,-0.668180,-0.565836,2.598701,-2.497193
1.480592,-1.550553,-0.717160,0.382976,2.727554,-0.881744
1.484594,-1.347124,-0.754757,0.278277,2.856880,0.686016
1.488595,-2.272884,-0.780090,-0.001144,2.986749,1.586438
1.492597,-1.874877,-0.792450,0.094386,3.117104,1.192819
1.496599,-2.933390,-0.791335,-0.432409,-3.035177,2.727605
1.500600,-2.469715,-0.776467,-0.210619,-2.903786,-1.938842
1.504602,-1.896701,-0.747816,0.568887,-2.771855,-0.312681
1.508603,-2.183022,-0.705611,0.150254,-2.639448,1.287090
1.512605,-2.516661,-0.650350,-0.419422,-2.506521,2.821278
1.516607,-2.302836,-0.582803,-0.158255,-2.373136,-2.023610
1.520608,-1.181240,-0.504002,0.271383,-2.239257,-0.632873
1.524610,-1.539803,-0.415234,0.250591,-2.104936,0.819524
1.528611,-1.029875,-0.318018,-0.283597,-1.970153,2.307812
1.532613,-1.879316,-0.214078,-0.396975,-1.834943,-2.572594
1.536615,-0.226352,-0.105318,0.127252,-1.699299,-1.327248
1.540616,-0.723003,0.006222,0.636786,-1.563240,-0.140103
1.544618,-0.111066,0.118406,0.317800,-1.426772,1.154289
1.548619,-1.898998,0.229040,-0.706373,-1.289897,2.586803
1.552621,-0.951131,0.335926,-0.352552,-1.152633,-2.106018
1.556623,-0.193508,0.436902,0.429471,-1.014967,-0.091637
1.560624,-0.952902,0.529896,-0.430271,-0.876928,2.573453
1.564626,-0.024729,0.612968,-0.162327,-0.738490,-1.748019
1.568627,0.812998,0.684358,1.201860,-0.599694,-0.061051
1.572629,0.462606,0.742528,-0.037042,-0.460499,1.602736
1.576631,-0.997724,0.786197,-0.728113,-0.320955,-2.882384
1.580632,0.748762,0.814374,0.371605,-0.181010,-0.046045
1.584634,-0.611713,0.826386,-0.724365,-0.040718,2.517082
1.588635,-0.580566,0.821892,-0.604378,0.099980,-2.032530
1.592637,1.762305,0.800897,1.285012,0.241031,-0.435363
1.596639,-0.070799,0.763755,0.475657,0.382495,1.115379
1.600640,-0.273414,0.711169,-0.483528,0.524325,2.752586
1.604642,-0.778590,0.644172,0.242138,0.666578,-0.316070
1.608643,-0.438750,0.564118,-0.074589,0.809219,1.669076
1.612645,-1.848301,0.472645,-1.159193,0.952297,3.109015
1.616647,-0.821966,0.371653,-0.310072,1.095790,-1.811561
1.620648,1.229665,0.263259,1.009587,1.239740,-0.527783
1.624650,0.289973,0.149760,0.735961,1.384137,0.625808
1.628651,0.446696,0.033584,-0.083928,1.529007,1.695719
1.632653,-1.008198,-0.082759,-0.376894,1.674356,2.841246
1.636655,-0.073395,-0.196733,-0.019576,1.820191,1.892556
1.640656,-1.245778,-0.305833,-0.484011,1.966532,2.660495
1.644658,-1.228993,-0.407641,-0.513747,2.113371,-2.185908
1.648659,0.077354,-0.499886,0.682091,2.260739,-0.753105
1.652661,-0.389428,-0.580497,0.616313,2.408614,0.537226
1.656663,-0.457628,-0.647655,0.083783,2.557039,1.407279
1.660664,-1.466919,-0.699840,-0.392722,2.705978,2.246227
1.664666,-1.434213,-0.735874,-0.709940,2.855483,-2.710851
1.668667,-0.649420,-0.754953,0.330000,3.005506,-1.125759
1.672669,-0.465954,-0.756669,0.482058,-3.127082,0.688629
1.676671,-1.312465,-0.741034,-0.497947,-2.975964,2.769024
1.680672,-1.176283,-0.708476,0.034581,-2.824271,-1.512666
1.684674,-0.174445,-0.659838,0.652669,-2.672058,0.154833
1.688675,-1.448471,-0.596363,0.015821,-2.519276,1.547083
1.692677,-1.635244,-0.519660,-0.661527,-2.365978,2.790271
1.696679,-1.795864,-0.431676,-0.436457,-2.212129,-2.154070
1.700680,-0.265145,-0.334637,0.650138,-2.057774,-0.625689
1.704682,-0.484402,-0.231001,0.308226,-1.902894,1.067771
1.708683,-0.787388,-0.123385,-0.326837,-1.747525,3.026852
1.712685,0.090020,-0.014503,0.187665,-1.591665,0.164139
1.716687,-0.150111,0.092916,-0.377208,-1.435337,2.570770
1.720688,0.300050,0.196194,-0.107604,-1.278559,-1.775892
1.724690,0.953654,0.292781,0.329202,-1.121338,0.346680
1.728691,0.292686,0.380328,-0.288961,-0.963713,-2.739417
1.732693,0.890748,0.456740,0.586851,-0.805674,-0.465723
1.736695,0.597362,0.520241,0.129120,-0.647279,1.402932
1.740696,-0.751078,0.569413,-0.498626,-0.488505,-2.895270
1.744698,0.766831,0.603236,0.356205,-0.329427,0.247799
1.748699,-0.735583,0.621106,-0.697680,-0.170011,2.532762
1.752701,0.125577,0.622848,-0.497282,-0.010345,-2.022362
1.756703,1.900159,0.608717,0.965482,0.149604,-0.398841
1.760704,0.938085,0.579388,0.239627,0.309740,1.211791
1.764706,1.237122,0.535923,-0.275214,0.470090,3.061141
1.768707,0.423157,0.479747,0.196481,0.630555,-0.239167
1.772709,1.046520,0.412592,-0.019408,0.791149,1.628276
1.776711,-0.733043,0.336449,-0.324209,0.951780,-3.106602
1.780712,0.206823,0.253501,0.010955,1.112446,-1.494608
1.784714,-0.698238,0.166058,-0.123774,1.273065,2.919388
1.788715,-0.359929,0.076489,-0.018871,1.433617,-1.626893
1.792717,0.043824,-0.012845,0.378538,1.594039,0.114380
1.796719,-0.628020,-0.099660,-0.130103,1.754286,2.062967
1.800720,-0.240466,-0.181806,-0.037511,1.914316,-1.776071
1.804722,-0.450623,-0.257326,0.158757,2.074059,0.451554
1.808723,-0.301709,-0.324499,0.007524,2.233496,1.489231
1.812725,-0.872563,-0.381882,-0.045848,2.392534,1.735975
1.816727,-1.038892,-0.428335,-0.586187,2.551171,-3.039746
1.820728,-0.978030,-0.463044,0.092616,2.709298,-1.448688
1.824730,0.004261,-0.485526,0.657808,2.866929,0.052788
1.828731,-0.905899,-0.495628,0.202170,3.023944,1.002976
1.832733,-0.810416,-0.493514,0.103409,-3.102816,1.397003
1.836735,-1.588955,-0.479646,-0.959366,-2.947105,2.760150
1.840736,-1.248534,-0.454755,-0.381731,-2.792074,-1.905482
1.844738,1.095599,-0.419806,0.881176,-2.637839,-0.119579
1.848739,-0.699828,-0.375960,-0.288746,-2.484365,2.223677
1.852741,0.870802,-0.324530,0.176493,-2.331749,-1.288475
1.856743,0.723028,-0.266938,0.737602,-2.179956,0.605984
1.860744,0.031519,-0.204672,-0.487264,-2.029056,2.186028
1.864746,-0.523609,-0.139248,-0.561192,-1.879021,-2.832546
1.868747,-0.020951,-0.072171,-0.175672,-1.729889,-1.952896
1.872749,0.205036,-0.004906,0.320523,-1.581643,-0.784280
1.876751,-0.057768,0.061151,0.121995,-1.434287,0.876157
1.880752,-0.148191,0.124700,0.137242,-1.287819,-1.198135
1.884754,0.268282,0.184549,0.870187,-1.142209,0.513121
1.888756,-0.977651,0.239632,-0.772824,-0.997469,2.155266
1.892757,-1.874525,0.289019,-1.087971,-0.853540,-2.492311
1.896759,0.820498,0.331921,0.587115,-0.710448,-0.850376
1.900760,-0.336036,0.367695,0.117715,-0.568113,0.919014
1.904762,0.791103,0.395846,0.258470,-0.426576,-0.880011
1.908764,0.395905,0.416028,0.462145,-0.285739,0.770433
1.912765,-0.046655,0.428041,-0.352663,-0.145653,2.375485
1.916767,-0.082153,0.431827,-0.099331,-0.006210,-2.422056
1.920768,-0.093673,0.427464,-0.128704,0.132535,2.717428
1.924770,0.164416,0.415162,-0.009296,0.270694,-1.653269
1.928772,0.017847,0.395252,-0.166579,0.408212,2.207990
1.932773,0.092299,0.368181,-0.499146,0.545196,-2.286772
1.936775,1.189699,0.334501,0.899072,0.681597,-0.612414
1.940776,1.229296,0.294858,0.511507,0.817507,1.093567
1.944778,-1.026543,0.249987,-0.833827,0.952887,2.945508
1.948780,0.501775,0.200693,0.248091,1.087812,-1.149413
1.952781,-0.518623,0.147842,0.303994,1.222259,1.042999
1.956783,-0.680844,0.092346,-0.507869,1.356281,2.818849
1.960784,-0.937236,0.035149,-0.123082,1.489876,-2.127756
1.964786,-0.297061,-0.022786,-0.286349,1.623078,-2.895017
1.968788,-0.387182,-0.080493,-0.045079,1.755905,-1.629959
1.972789,1.367257,-0.137014,1.073072,1.888368,-0.184749
1.976791,0.006371,-0.191413,0.296187,2.020501,1.320704
1.980792,-0.938144,-0.242789,-1.058223,2.152291,2.918014
1.984794,-0.908638,-0.290290,-0.016713,2.283788,-1.589971
1.988796,0.353512,-0.333125,0.708003,2.414952,0.414018
1.992797,-2.191337,-0.370581,-0.643399,2.545846,2.362273
1.996799,-1.336360,-0.402029,-0.666624,2.676414,-2.210346
2.000800,-0.750057,-0.426940,1.015628,2.806727,-0.649897
2.004802,0.165117,-0.444887,0.908424,2.936723,0.815295
2.008804,-2.191976,-0.455556,-0.720053,3.066480,2.175223
2.012805,-1.812586,-0.458746,-1.155513,-3.087253,-2.882794
2.016807,-1.073630,-0.454372,-0.173064,-2.958019,-1.711171
2.020808,0.658043,-0.442462,1.200805,-2.829064,-0.425395
2.024810,0.049041,-0.423158,0.648030,-2.700300,1.002699
2.028812,-1.123069,-0.396706,-0.635409,-2.571774,2.534197
2.032813,-0.810617,-0.363457,-0.037562,-2.443399,-1.853855
2.036815,-0.612338,-0.323856,-0.323689,-2.315208,2.305798
2.040816,-1.505084,-0.278439,-0.571405,-2.187122,-2.414704
2.044818,0.317605,-0.227826,0.307384,-2.059157,-1.066374
2.048820,-0.404863,-0.172713,0.395614,-1.931244,-0.457691
2.052821,0.654917,-0.113866,0.727152,-1.803380,0.282933
2.056823,-0.634680,-0.052111,-0.080211,-1.675510,1.652843
2.060824,-1.137610,0.011671,-0.776450,-1.547608,-3.132856
2.064826,-0.209727,0.076552,-0.031429,-1.419636,-1.709111
2.068828,-0.471591,0.141568,-0.378376,-1.291550,-3.054048
2.072829,0.212170,0.205724,-0.026674,-1.163329,-1.608125
2.076831,1.195378,0.268006,0.614904,-1.034913,-0.238252
2.080832,0.456859,0.327392,0.272732,-0.906294,0.471672
2.084834,1.334683,0.382863,0.487610,-0.777401,0.542064
2.088836,-0.452210,0.433417,-0.143460,-0.648233,1.712944
2.092837,-0.493452,0.478079,-1.220270,-0.518708,3.023291
2.096839,-0.967244,0.515916,-0.440349,-0.388836,-1.957281
2.100840,1.305366,0.546053,0.642288,-0.258529,-0.743066
2.104842,0.134038,0.567686,0.518693,-0.127805,0.066962
2.108844,1.086631,0.580110,0.559417,0.003422,0.457904
2.112845,-0.373971,0.582730,-0.004211,0.135128,1.575218
2.116847,-0.723761,0.575083,-1.008661,0.267392,3.000135
2.120848,-0.480741,0.556864,-0.085868,0.400188,-1.691321
2.124850,0.418224,0.527939,0.171148,0.533585,0.754652
2.128852,-0.687590,0.488366,-0.508587,0.667555,-2.483454
2.132853,0.967328,0.438413,0.776969,0.802154,-0.829210
2.136855,1.137902,0.378571,1.087178,0.937355,0.680636
2.140856,-1.001275,0.309563,-0.754211,1.073194,2.147778
2.144858,-0.842598,0.232346,-1.022816,1.209647,-2.647343
2.148860,-0.259706,0.148112,0.413562,1.346734,-1.025390
2.152861,0.566252,0.058272,0.210062,1.484436,1.068232
2.156863,-1.059782,-0.035554,-0.390405,1.622755,-2.602147
2.160864,0.801486,-0.131568,0.455594,1.761679,-0.638466
2.164866,-0.354122,-0.227823,0.177413,1.901190,1.068230
2.168868,0.093837,-0.322260,0.143975,2.041284,-0.371867
2.172869,-0.306071,-0.412760,0.279911,2.181926,1.215535
2.176871,-1.659736,-0.497194,-1.235021,2.323115,2.808258
2.180872,-1.279318,-0.573476,-0.484456,2.464803,-1.910519
2.184874,0.536527,-0.639630,1.116329,2.606993,-0.399067
2.188876,-0.823957,-0.693842,0.403964,2.749625,0.984160
2.192877,-1.025049,-0.734526,-0.075170,2.892705,1.827406
2.196879,-1.999978,-0.760370,-0.131380,3.036166,2.008823
2.200880,-1.966259,-0.770392,-0.371898,-3.103174,3.110045
2.204882,-2.288264,-0.763979,-0.073076,-2.959016,-1.873918
2.208884,-2.020125,-0.740918,-0.026388,-2.814545,-2.579287
2.212885,-2.096801,-0.701414,-0.115684,-2.669835,-1.954323
2.216887,-1.550615,-0.646098,0.448624,-2.524887,-0.445859
2.220888,-1.411917,-0.576017,0.171133,-2.379774,1.206832
2.224890,-2.137869,-0.492615,-0.270164,-2.234503,-3.005697
2.228892,-1.030625,-0.397694,0.308285,-2.089137,0.151972
2.232893,-2.025263,-0.293374,-0.394324,-1.943695,2.274322
2.236895,-1.326442,-0.182030,-0.366237,-1.798230,-2.102973
2.240896,-0.633711,-0.066229,0.607895,-1.652770,-0.024465
2.244898,-0.702572,0.051340,-0.427532,-1.507358,2.476741
2.248900,-0.801128,0.167945,0.074004,-1.362030,-1.469986
2.252901,1.027998,0.280887,0.744724,-1.216818,0.500915
2.256903,-1.070208,0.387572,-0.484646,-1.071768,2.348337
2.260904,0.162702,0.485585,-0.162325,-0.926898,-2.106351
2.264906,-0.292527,0.572753,-0.073199,-0.782262,2.830910
2.268908,0.090471,0.647196,0.037782,-0.637867,-1.449593
2.272909,0.326703,0.707376,0.263578,-0.493771,0.794796
2.276911,-0.638713,0.752125,-0.487092,-0.349973,-3.054070
2.280912,0.261690,0.780671,0.394384,-0.206532,-0.955291
2.284914,0.276130,0.792640,0.492897,-0.063440,0.821810
2.288916,-1.011657,0.788058,-0.323607,0.079246,2.220105
2.292917,-0.826654,0.767330,-0.480817,0.221540,2.883257
2.296919,-1.674514,0.731221,-0.564549,0.363388,-2.293941
2.300920,-0.061557,0.680817,0.732136,0.504810,-0.794158
2.304922,-0.785961,0.617485,0.592862,0.645760,0.759111
2.308924,-1.502449,0.542829,-0.087411,0.786258,1.933949
2.312925,-1.608652,0.458642,0.129111,0.926268,1.320680
2.316927,-2.380910,0.366853,-0.900178,1.065811,2.789843
2.320928,-2.407533,0.269479,-0.363022,1.204866,-1.965860
2.324930,-0.285580,0.168574,0.444531,1.343449,-0.627076
2.328932,-1.858636,0.066189,0.298586,1.481554,-0.366090
2.332933,0.397054,-0.035674,0.496804,1.619192,0.540967
2.336935,-2.488176,-0.135094,-0.257724,1.756371,2.001440
2.340936,-0.863984,-0.230267,-0.409853,1.893093,-2.838118
2.344938,-2.336410,-0.319533,-0.052031,2.029378,-1.754855
2.348940,-1.080233,-0.401399,0.343487,2.165221,-0.471067
2.352941,-2.082987,-0.474560,0.148247,2.300653,1.325905
2.356943,-3.034786,-0.537910,-0.873768,2.435661,-3.114856
2.360944,-1.958277,-0.590556,0.235680,2.570286,-1.343149
2.364946,-1.438263,-0.631817,0.950980,2.704512,0.362658
2.368948,-2.597706,-0.661233,-0.336421,2.838387,2.014156
2.372949,-2.674182,-0.678555,-0.371084,2.971891,-2.654178
2.376951,-2.217173,-0.683744,0.028750,3.105079,-0.360524
2.380952,-2.475180,-0.676960,-0.319983,-3.045255,-2.831008
2.384954,-1.881467,-0.658553,0.198627,-2.912682,-1.232412
2.388956,-1.573118,-0.629049,0.650656,-2.780408,0.440931
2.392957,-2.513966,-0.589135,-0.464861,-2.648376,2.294728
2.396959,-2.785728,-0.539647,-0.211042,-2.516601,-1.883986
2.400960,-1.480836,-0.481551,0.794552,-2.385032,0.219900
2.404962,-3.295581,-0.415927,-0.474330,-2.253683,2.095280
2.408964,-3.152225,-0.343955,-0.711580,-2.122511,-2.482179
2.412965,-2.249299,-0.266893,0.392429,-1.991524,-0.932877
2.416967,-1.918979,-0.186060,0.370796,-1.860693,0.271375
2.420968,-2.076306,-0.102815,0.139953,-1.730021,1.139122
2.424970,-2.276821,-0.018538,-0.321837,-1.599488,2.626699
2.428972,-1.737009,0.065392,0.028596,-1.469091,-1.491103
2.432973,-1.355975,0.147619,0.349000,-1.338823,0.870809
2.436975,-2.099407,0.226827,-0.811623,-1.208671,2.794339
2.440976,-2.023170,0.301761,-0.255085,-1.078639,-1.807391
2.444978,0.123335,0.371248,1.070391,-0.948703,-0.270099
2.448980,-1.743691,0.434207,0.407177,-0.818880,1.134698
2.452981,-1.481520,0.489672,-0.570742,-0.689134,2.434050
2.456983,-2.780857,0.536799,-0.418152,-0.559489,-2.551824
2.460984,-0.853983,0.574879,0.081617,-0.429903,-1.087696
2.464986,-2.171458,0.603345,-0.211023,-0.300405,3.128286
2.468988,-0.902842,0.621782,-0.031928,-0.170947,-1.633348
2.472989,-0.749572,0.629933,0.597547,-0.041564,-0.227098
2.476991,-0.714998,0.627697,0.275591,0.087794,1.025048
2.480992,-1.359146,0.615133,-0.188814,0.217092,2.026576
2.484994,-1.754395,0.592460,-0.409898,0.346379,3.062989
2.488996,-1.438666,0.560049,-0.090410,0.475626,-1.842681
2.492997,-1.485531,0.518416,0.156629,0.604880,0.167928
2.496999,-1.758911,0.468218,-0.230508,0.734120,-3.079489
2.501000,-1.792717,0.410236,0.092442,0.863390,-1.338404
2.505002,-1.382555,0.345369,0.402911,0.992679,0.038421
2.509004,-2.014185,0.274619,0.202027,1.122027,0.867588
2.513005,-2.097344,0.199077,0.049084,1.251435,1.465772
2.517007,-3.019789,0.119911,-0.647837,1.380936,2.644789
2.521008,-2.825379,0.038349,-0.557263,1.510545,-2.272065
2.525010,-1.659308,-0.044337,0.501893,1.640289,-0.875452
2.529012,-1.626426,-0.126842,0.488101,1.770193,0.484749
2.533013,-2.058667,-0.207846,-0.034073,1.900277,1.689960
2.537015,-2.169928,-0.286030,-0.092540,2.030576,2.301075
2.541016,-2.517665,-0.360093,-0.168121,2.161099,-3.097150
2.545018,-2.129997,-0.428768,0.079513,2.291887,-1.223450
2.549020,-2.502615,-0.490844,0.300200,2.422938,0.760336
2.553021,-2.731269,-0.545183,-0.526746,2.554298,2.496367
2.557023,-3.352466,-0.590742,-0.457853,2.685957,-2.174868
2.561024,-1.513865,-0.626593,0.580068,2.817963,-0.656051
2.565026,-2.272466,-0.651943,0.367096,2.950296,0.599497
2.569028,-1.909119,-0.666150,0.233717,3.083007,0.820625
2.573029,-2.404854,-0.668747,-0.117490,-3.067114,1.737336
2.577031,-3.255862,-0.659454,-0.961192,-2.933654,3.096811
2.581032,-2.286143,-0.638196,-0.250023,-2.799824,-1.839166
2.585034,-1.935713,-0.605115,0.554325,-2.665589,-0.721371
2.589036,-1.457748,-0.560574,0.679305,-2.530980,0.046065
2.593037,-2.382988,-0.505167,0.453078,-2.395967,1.004095
2.597039,-2.980709,-0.439716,-0.500890,-2.260584,2.186999
2.601040,-3.578969,-0.365264,-0.644431,-2.124816,-3.052173
2.605042,-3.022854,-0.283068,-0.481369,-1.988692,-2.546257
2.609044,-2.381214,-0.194574,-0.074489,-1.852215,-1.654053
2.613045,-1.392157,-0.101399,0.959610,-1.715411,-0.371752
2.617047,-0.897906,-0.005298,0.481835,-1.578295,0.889385
2.621048,-2.179658,0.091876,0.084437,-1.440889,1.375685
2.625050,-1.055307,0.188206,-0.302126,-1.303218,1.940477
2.629052,-3.054475,0.281760,-1.169672,-1.165296,-2.994982
2.633053,-0.354683,0.370628,0.041773,-1.027157,-1.532738
2.637055,-0.225241,0.452975,0.668541,-0.888808,-0.172065
2.641056,-0.025060,0.527079,0.294845,-0.750291,0.562509
2.645058,-0.044721,0.591374,0.051432,-0.611606,1.454440
2.649060,-1.201957,0.644490,-0.494207,-0.472795,-3.017418
2.653061,0.172625,0.685283,0.378498,-0.333851,-0.875351
2.657063,-0.818406,0.712859,0.376204,-0.194816,1.017953
2.661064,-1.190822,0.726600,-0.514918,-0.055674,2.569940
2.665066,-1.522571,0.726169,-0.335599,0.083533,-3.006150
2.669068,-1.431942,0.711521,-0.637748,0.222829,-2.656299
2.673069,-0.606237,0.682903,0.252177,0.362175,-1.373519
2.677071,0.753673,0.640848,1.573254,0.501594,0.024498
2.681072,-0.523324,0.586165,0.272393,0.641054,1.385049
2.685074,-1.978315,0.519917,-0.943560,0.780575,2.591511
2.689076,-1.663403,0.443405,-0.752762,0.920132,-2.812924
2.693077,-1.395535,0.358135,-0.350112,1.059742,-2.033690
2.697079,-0.525396,0.265789,0.417266,1.199389,-1.013494
2.701080,-0.272610,0.168190,0.631181,1.339084,-0.000784
2.705082,-0.874701,0.067264,0.373746,1.478821,0.701675
2.709084,-1.092421,-0.034994,0.101415,1.618603,1.380936
2.713085,-2.214238,-0.136565,-0.390450,1.758431,2.292907
2.717087,-2.358019,-0.235446,-0.601815,1.898303,-3.063863
2.721088,-2.239913,-0.329687,-0.301075,2.038230,-2.066163
2.725090,-1.676849,-0.417433,0.353731,2.178204,-0.909890
2.729092,-1.183863,-0.496958,0.342754,2.318245,0.198617
2.733093,-1.898796,-0.566696,0.202632,2.458341,0.276339
2.737095,-1.133666,-0.625275,0.215886,2.598522,1.039330
2.741096,-2.540505,-0.671537,-0.366373,2.738772,2.413882
2.745098,-1.887771,-0.704564,-0.244655,2.879123,-2.420072
2.749100,-2.013149,-0.723695,0.005473,3.019557,-1.479588
2.753101,-2.063355,-0.728539,-0.092381,-3.123075,-2.138947
2.757103,-1.489732,-0.718982,0.164469,-2.982423,-0.579303
2.761104,-2.218995,-0.695194,-0.046873,-2.841636,2.138553
2.765106,-1.543108,-0.657627,0.038734,-2.700733,-1.453333
2.769108,-1.688270,-0.607004,0.632740,-2.559680,0.125596
2.773109,-1.938336,-0.544314,-0.014101,-2.418497,1.587867
2.777111,-2.916784,-0.470792,-0.800022,-2.277155,2.983665
2.781112,-2.487560,-0.387897,-0.276668,-2.135669,-2.039832
2.785114,-1.200188,-0.297289,0.189238,-1.994020,-1.088986
2.789116,-1.933726,-0.200796,0.322983,-1.852219,-0.190397
2.793117,-0.767473,-0.100376,0.046800,-1.710256,1.215784
2.797119,-2.102431,0.001918,0.205229,-1.568136,-0.849787
2.801120,-0.419507,0.103984,0.604502,-1.425858,0.753325
2.805122,-3.053716,0.203711,-0.797368,-1.283421,2.331173
2.809124,-2.371518,0.299026,-0.809918,-1.140833,-2.386498
2.813125,-1.374212,0.387937,0.449408,-0.998091,-0.901450
2.817127,-1.381129,0.468581,0.268952,-0.855213,-0.001222
2.821128,-0.919246,0.539262,0.363974,-0.712192,0.107398
2.825130,-1.116391,0.598499,0.111994,-0.569060,1.337645
2.829132,-1.303823,0.645056,-0.313073,-0.425804,2.446486
2.833133,-1.182173,0.677977,-0.459127,-0.282467,-3.060639
2.837135,-0.981997,0.696610,-0.156516,-0.139035,-1.806561
2.841136,0.127874,0.700626,0.705379,0.004445,-0.216710
2.845138,-0.718748,0.690026,0.000974,0.147983,1.568935
2.849140,-1.108351,0.665142,-0.145057,0.291531,-2.333968
2.853141,-0.737116,0.626632,0.151112,0.435096,1.029854
2.857143,-1.973801,0.575459,-0.457192,0.578632,-3.052137
2.861144,-0.988529,0.512868,0.319287,0.722143,-0.854374
2.865146,-1.694113,0.440349,0.047414,0.865585,1.476718
2.869148,-2.098581,0.359605,-0.455103,1.008959,-2.554587
2.873149,-1.168057,0.272501,0.474364,1.152228,-0.364547
2.877151,-1.920373,0.181020,-0.172589,1.295384,2.012398
2.881152,-1.572412,0.087213,-0.032724,1.438397,-1.651612
2.885154,-1.487283,-0.006854,0.383753,1.581253,0.722538
2.889156,-2.122309,-0.099149,-0.534553,1.723928,2.884027
2.893157,-2.125866,-0.187723,0.148482,1.866397,-1.235612
2.897159,-1.796697,-0.270757,0.039925,2.008645,1.425002
2.901160,-2.897552,-0.346602,-0.124773,2.150638,-1.841198
2.905162,-1.506564,-0.413815,0.812318,2.292368,0.259597
2.909164,-3.381396,-0.471191,-0.545408,2.433793,2.124579
2.913165,-3.449694,-0.517781,-0.644611,2.574912,-2.329818
2.917167,-1.697968,-0.552907,0.580406,2.715678,-0.371834
2.921168,-3.190983,-0.576173,-0.190093,2.856098,2.047713
2.925170,-1.899973,-0.587455,-0.209102,2.996125,-1.996014
2.929172,-2.453315,-0.586896,0.532610,3.135772,-0.323589
2.933173,-1.516036,-0.574888,0.203761,-3.008192,1.124154
2.937175,-3.054805,-0.552050,-0.215104,-2.869376,2.578509
2.941176,-1.923899,-0.519202,0.118281,-2.731008,-0.100645
2.945178,-2.316504,-0.477333,-0.056007,-2.593061,1.678735
2.949180,-2.771208,-0.427569,-0.917620,-2.455569,3.024395
2.953181,-1.850632,-0.371140,-0.495574,-2.318502,-1.967573
2.957183,0.016150,-0.309347,1.262288,-2.181879,-0.645245
2.961184,0.247643,-0.243524,1.216589,-2.045664,0.777138
2.965186,-2.027908,-0.175015,-1.056105,-1.909856,2.345482
2.969188,-1.838033,-0.105142,-0.505681,-1.774416,-2.092076
2.973189,-0.425353,-0.035184,0.670002,-1.639320,0.424646
2.977191,-2.621252,0.033639,-1.007134,-1.504527,2.744092
2.981192,-1.325611,0.100182,-0.176132,-1.369994,-1.704745
2.985194,-0.337238,0.163386,1.097087,-1.235682,-0.000687
2.989196,-1.104820,0.222286,-0.049222,-1.101531,1.668005
2.993197,-1.068261,0.276015,0.197249,-0.967503,0.065343
2.997199,-1.011823,0.323812,-0.105894,-0.833523,1.713044
3.001200,-2.243669,0.365023,-0.973011,-0.699559,-3.002167
3.005202,-0.621690,0.399099,0.069921,-0.565524,-1.493390
3.009204,-0.590163,0.425604,0.632665,-0.431393,-0.067218
3.013205,-0.538380,0.444211,0.103198,-0.297075,1.242548
3.017207,-1.142907,0.454711,-0.023621,-0.162552,2.016163
3.021208,-0.797575,0.457010,0.085718,-0.027736,1.015252
3.025210,-1.049547,0.451132,-0.159556,0.107383,2.270678
3.029212,-1.093985,0.437228,-0.153871,0.242889,-2.726807
3.033213,-0.372371,0.415571,-0.057935,0.378780,2.607148
3.037215,-0.742872,0.386563,-0.271626,0.515127,-2.761351
3.041216,0.285371,0.350733,0.003779,0.651920,-1.561425
3.045218,0.276300,0.308738,0.326779,0.789209,-0.641570
3.049220,0.749512,0.261355,0.512720,0.926974,0.117552
3.053221,-0.035793,0.209477,0.269346,1.065244,1.166386
3.057223,-0.759762,0.154097,-0.479629,1.203992,2.326464
3.061224,-1.415093,0.096293,-0.563825,1.343225,-2.978734
3.065226,-0.814799,0.037205,-0.364455,1.482914,-2.268876
3.069228,-0.855368,-0.021986,0.190682,1.623047,-1.298818
3.073229,0.501060,-0.080086,0.739306,1.763599,-0.108066
3.077231,-0.710617,-0.135915,0.310210,1.904534,1.056244
3.081232,-0.600275,-0.188337,-0.234481,2.045830,2.043324
3.085234,-1.644249,-0.236284,-0.508766,2.187430,3.000362
3.089236,-1.364949,-0.278790,-0.304648,2.329314,-2.151042
3.093237,-0.988966,-0.315014,0.350561,2.471407,-0.916257
3.097239,-1.320021,-0.344264,0.531183,2.613688,0.361336
3.101240,-1.478861,-0.366015,-0.046241,2.756067,1.662417
3.105242,-2.489374,-0.379920,-0.348898,2.898527,2.876612
3.109244,-1.506450,-0.385824,-0.212406,3.040967,-2.687680
3.113245,-1.793200,-0.383758,-0.117204,-3.099817,-1.948374
3.117247,-0.706519,-0.373938,0.331093,-2.957558,-0.495430
3.121248,-0.912159,-0.356754,0.029399,-2.815459,1.480064
3.125250,-1.341022,-0.332753,-0.309628,-2.673621,-2.473719
3.129252,-0.244579,-0.302619,0.460583,-2.532064,-0.647103
3.133253,-0.818843,-0.267146,0.466934,-2.390881,0.782051
3.137255,-1.143134,-0.227218,-0.231059,-2.250095,1.925532
3.141257,-1.907556,-0.183775,-0.715711,-2.109792,2.990619
3.145258,-1.187201,-0.137793,-0.353988,-1.969998,-2.071674
3.149260,-0.101297,-0.090252,0.402554,-1.830785,-0.713023
3.153261,-0.359729,-0.042114,0.066417,-1.692186,0.841532
3.157263,0.256375,0.005703,0.193694,-1.554249,-1.095449
3.161265,0.425396,0.052341,0.788395,-1.417005,0.356881
3.165266,-0.245856,0.097019,-0.221318,-1.280475,1.789606
3.169268,-1.588903,0.139044,-0.916269,-1.144684,-3.064929
3.173269,-0.319939,0.177813,-0.027262,-1.009618,-1.616940
3.177271,-0.621560,0.212818,0.144436,-0.875296,0.148637
3.181273,-0.511608,0.243641,-0.227588,-0.741674,-2.263172
3.185274,-0.048083,0.269951,0.562438,-0.608759,-0.743630
3.189276,0.562655,0.291496,0.764981,-0.476478,0.730345
3.193277,-1.237799,0.308099,-0.657939,-0.344827,2.233439
3.197279,-0.834097,0.319640,-0.681192,-0.213705,-2.500482
3.201281,-0.417521,0.326058,0.254742,-0.083094,-0.883935
3.205282,-0.134319,0.327333,-0.131481,0.047127,-2.601397
3.209284,-0.284336,0.323488,0.432973,0.176987,-0.812351
3.213285,0.585541,0.314578,0.522378,0.306616,0.935206
3.217287,-1.455843,0.300695,-0.806876,0.436051,2.769459
3.221289,-0.085085,0.281962,0.031498,0.565420,-1.525793
3.225290,0.101518,0.258539,0.456351,0.694765,0.601645
3.229292,-0.578405,0.230629,-0.382299,0.824203,2.638560
3.233293,0.057483,0.198480,-0.066425,0.953773,-1.850743
3.237295,0.124773,0.162397,-0.023171,1.083569,-2.232024
3.241297,0.442496,0.122749,0.014328,1.213626,-1.510223
3.245298,1.005846,0.079974,0.333159,1.344008,-0.210289
3.249300,0.595845,0.034586,0.230046,1.474738,0.960705
3.253301,0.667170,-0.012821,-0.276085,1.605848,2.224488
3.257303,-0.072867,-0.061575,-0.331261,1.737350,-2.593100
3.261305,0.880427,-0.110928,0.109429,1.869246,-0.701448
3.265306,0.083910,-0.160066,-0.274610,2.001541,3.060036
3.269308,0.093938,-0.208121,-0.023704,2.134209,-1.609828
3.273309,1.151285,-0.254183,0.769016,2.267253,-0.260440
3.277311,-0.136027,-0.297321,0.564415,2.400628,0.913635
3.281313,-0.377759,-0.336606,-0.566472,2.534334,2.107957
3.285314,-1.971590,-0.371130,-1.135645,2.668315,-2.821144
3.289316,0.364512,-0.400031,0.230314,2.802573,-1.338425
3.293317,0.552484,-0.422519,0.529833,2.937047,0.265916
3.297319,0.133285,-0.437894,-0.114792,3.071745,2.666436
3.301321,1.081729,-0.445570,0.162365,-3.076574,-0.713932
3.305322,0.361430,-0.445090,0.216570,-2.941531,0.093794
3.309324,1.375752,-0.436145,0.365081,-2.806361,0.703579
3.313325,-0.404495,-0.418587,-0.358776,-2.671053,2.029072
3.317327,-0.083837,-0.392440,-0.825986,-2.535655,-2.783450
3.321329,0.318896,-0.357906,0.161150,-2.400159,-1.301521
3.325330,0.857522,-0.315369,0.109534,-2.264604,-0.100460
3.329332,0.729821,-0.265394,0.090584,-2.128987,-1.339565
3.333333,1.526646,-0.208719,0.701401,-1.993337,-0.019418
3.337335,1.342476,-0.146245,0.299271,-1.857654,1.189107
3.341337,0.248407,-0.079022,-0.545980,-1.721957,2.272977
3.345338,0.668538,-0.008230,-0.855356,-1.586249,-2.897958
3.349340,0.833851,0.064840,-0.130652,-1.450540,-1.740657
3.353341,2.359631,0.138814,0.341078,-1.314836,-0.856514
3.357343,1.811425,0.212261,0.522527,-1.179138,-0.425631
3.361345,2.576336,0.283720,0.677879,-1.043456,0.619932
3.365346,1.250614,0.351732,-0.262824,-0.907777,1.917744
3.369348,0.959512,0.414870,-0.327661,-0.772114,2.842009
3.373349,1.368869,0.471767,-0.481336,-0.636446,2.538413
3.377351,0.142723,0.521144,-0.921992,-0.500784,-2.501378
3.381353,2.745334,0.561840,0.561773,-0.365104,-1.119924
3.385354,2.147467,0.592836,0.956531,-0.229421,0.110139
3.389356,2.335492,0.613285,0.482643,-0.093705,0.737703
3.393357,1.179234,0.622526,0.140093,0.042028,1.415963
3.397359,0.267338,0.620111,-0.910266,0.177806,2.604824
3.401361,0.315376,0.605812,-0.649095,0.313617,-2.465428
3.405362,1.237341,0.579638,-0.036467,0.449489,-1.643998
3.409364,1.711083,0.541838,0.231162,0.585408,-1.088510
3.413365,2.449658,0.492906,0.490317,0.721397,0.044866
3.417367,1.899496,0.433578,0.018289,0.857442,1.485350
3.421369,2.126929,0.364824,0.159862,0.993556,-0.614553
3.425370,1.721667,0.287837,0.317958,1.129725,0.850878
3.429372,0.909237,0.204010,-0.262595,1.265955,2.087448
3.433373,0.152563,0.114907,-0.451166,1.402232,3.007307
3.437375,0.273577,0.022238,-0.378818,1.538556,-2.509601
3.441377,0.341287,-0.072186,0.010391,1.674920,-1.548234
3.445378,0.939923,-0.166482,0.214043,1.811316,-0.872178
3.449380,0.834589,-0.258746,0.451182,1.947744,-0.525951
3.453381,1.418021,-0.347088,0.737297,2.084191,0.649463
3.457383,-0.394762,-0.429676,-0.595289,2.220658,2.116494
3.461385,-0.553407,-0.504783,-0.883361,2.357128,-2.562613
3.465386,0.407777,-0.570820,0.517595,2.493605,-0.781194
3.469388,0.265597,-0.626382,0.063546,2.630066,1.421498
3.473389,-0.559912,-0.670276,-0.304168,2.766518,-2.438239
3.477391,0.695200,-0.701553,0.334110,2.902935,-0.494986
3.481393,-0.282143,-0.719529,0.064416,3.039324,1.223623
3.485394,0.465767,-0.723804,0.105021,-3.107528,-0.382418
3.489396,-0.348020,-0.714272,0.146538,-2.971244,1.216027
3.493397,-0.528652,-0.691123,-0.620615,-2.835040,2.754342
3.497399,-0.897754,-0.654840,-0.359252,-2.698912,-2.011654
3.501401,0.680713,-0.606188,0.819693,-2.562890,-0.511879
3.505402,0.237667,-0.546194,0.558156,-2.426976,0.952763
3.509404,-0.692602,-0.476124,-0.636176,-2.291198,2.341308
3.513405,-0.631263,-0.397452,-0.743320,-2.155563,-2.679727
3.517407,0.338807,-0.311818,0.028557,-2.020097,-1.534756
3.521409,1.255424,-0.220995,0.763448,-1.884810,-0.378167
3.525410,1.191402,-0.126841,0.529043,-1.749726,0.882093
3.529412,0.171313,-0.031255,-0.463695,-1.614858,2.243536
3.533413,0.464091,0.063869,-0.454392,-1.480225,-2.552391
3.537415,1.031798,0.156684,0.241654,-1.345842,-0.689637
3.541417,1.228236,0.245430,-0.092941,-1.211723,1.868177
3.545418,0.727020,0.328475,-0.430771,-1.077887,-2.488154
3.549420,2.246273,0.404341,0.446745,-0.944341,-0.844658
3.553421,1.790918,0.471742,0.402251,-0.811105,0.810162
3.557423,1.702368,0.529595,-0.279791,-0.678178,2.831131
3.561425,1.607588,0.577043,0.354837,-0.545580,-0.195442
3.565426,1.761545,0.613456,-0.143663,-0.413299,1.756824
3.569428,0.194539,0.638441,-0.964922,-0.281354,-2.831621
3.573429,2.278734,0.651831,0.396731,-0.149723,-1.147425
3.577431,1.949535,0.653678,0.567079,-0.018418,0.623569
3.581433,1.476073,0.644243,-0.371529,0.112590,2.678231
3.585434,1.637179,0.623974,0.091103,0.243295,-1.302445
3.589436,1.877075,0.593491,0.327659,0.373734,0.485731
3.593437,1.272445,0.553561,-0.096478,0.503912,1.817480
3.597439,0.613646,0.505079,-0.494048,0.633875,3.131605
3.601441,1.160774,0.449042,0.014088,0.763637,-1.548277
3.605442,1.601729,0.386529,0.712736,0.893253,0.295737
3.609444,0.604294,0.318681,-0.536417,1.022750,2.237633
3.613445,0.554068,0.246681,-0.490541,1.152186,-2.120832
3.617447,1.945139,0.171739,0.829575,1.281601,-0.206424
3.621449,1.235659,0.095077,-0.157129,1.411054,1.846536
3.625450,0.770877,0.017919,-0.075343,1.540596,-1.774435
3.629452,2.033229,-0.058527,0.366496,1.670283,0.815150
3.633453,0.019370,-0.133073,-0.621125,1.800172,2.854975
3.637455,1.827671,-0.204562,0.078207,1.930314,-1.426800
3.641457,1.089154,-0.271883,0.239846,2.060770,0.887259
3.645458,1.189257,-0.333981,-0.395625,2.191583,-2.954422
3.649460,1.419520,-0.389863,0.228522,2.322812,-1.034159
3.653461,1.392151,-0.438621,0.306728,2.454492,0.509212
3.657463,1.187853,-0.479438,0.011632,2.586677,1.516828
3.661465,0.237332,-0.511609,-0.147846,2.719389,2.272365
3.665466,0.688550,-0.534555,-0.211094,2.852676,-2.604528
3.669468,0.078367,-0.547841,0.151522,2.986548,-0.618665
3.673469,0.738789,-0.551189,-0.057386,3.121045,1.844208
3.677471,-0.257116,-0.544495,-0.247008,-3.027020,-2.533799
3.681473,1.042648,-0.527836,0.151766,-2.891241,-1.015414
3.685474,0.548804,-0.501480,0.188777,-2.754812,-0.087020
3.689476,1.152088,-0.465891,0.275752,-2.617707,0.344967
3.693477,0.678591,-0.421721,-0.003825,-2.479939,1.578001
3.697479,-0.015504,-0.369813,-0.692313,-2.341488,3.021978
3.701481,0.652885,-0.311184,-0.169865,-2.202373,-1.806143
3.705482,1.010881,-0.247011,0.578562,-2.062582,-0.439176
3.709484,1.185758,-0.178610,0.391159,-1.922135,0.733255
3.713485,0.172477,-0.107409,-0.118657,-1.781032,1.801608
3.717487,0.158861,-0.034919,-0.568157,-1.639293,3.105935
3.721489,0.492465,0.037305,0.006132,-1.496931,-1.559184
3.725490,1.156566,0.107695,0.345574,-1.353965,0.502230
3.729492,0.658340,0.174718,-0.432561,-1.210421,3.086587
3.733493,1.452239,0.236911,0.370740,-1.066318,-1.013637
3.737495,2.313923,0.292924,0.583716,-0.921695,0.887649
3.741497,0.560584,0.341558,-0.891783,-0.776570,2.709247
3.745498,1.758978,0.381799,-0.180201,-0.630991,-1.782727
3.749500,2.385660,0.412849,0.602346,-0.484974,0.010961
3.753501,1.503492,0.434144,-0.125455,-0.338576,1.954374
3.757503,1.769166,0.445375,-0.083492,-0.191812,-1.908155
3.761505,1.584095,0.446491,0.413765,-0.044744,0.096117
3.765506,1.534733,0.437699,-0.114477,0.102612,1.747526
3.769508,0.269049,0.419457,-0.810028,0.250191,-2.862951
3.773509,1.922348,0.392451,0.433594,0.397974,-1.067989
3.777511,1.931009,0.357576,0.526688,0.545896,0.902558
3.781513,0.710278,0.315907,-0.814567,0.693929,3.011413
3.785514,1.898896,0.268658,0.303753,0.842006,-1.196119
3.789516,1.998709,0.217149,0.523421,0.990092,0.806958
3.793517,0.622191,0.162760,-0.544821,1.138117,2.870069
3.797519,1.236148,0.106891,0.203401,1.286038,-0.991148
3.801521,0.126452,0.050920,-0.088241,1.433786,1.776914
3.805522,-0.134969,-0.003839,-0.461136,1.581310,-2.264392
3.809524,0.279027,-0.056172,0.965525,1.728551,-0.358351
3.813525,0.106339,-0.104993,0.208146,1.875452,1.396794
3.817527,-1.936261,-0.149372,-1.111329,2.021968,3.074685
3.821529,0.194631,-0.188547,0.008631,2.168046,-1.559435
3.825530,0.257697,-0.221935,0.287717,2.313660,0.164986
3.829532,0.831567,-0.249133,-0.059669,2.458764,-2.384735
3.833533,0.935503,-0.269910,0.066163,2.603358,-0.617021
3.837535,1.192623,-0.284195,-0.000398,2.747408,-1.572131
3.841537,1.901319,-0.292063,0.878878,2.890936,-0.098010
3.845538,1.046410,-0.293716,0.191642,3.033918,1.435157
3.849540,-0.900825,-0.289462,-1.638922,-3.106789,2.975110
3.853541,0.151273,-0.279700,-0.297679,-2.964828,-1.766049
3.857543,1.806728,-0.264899,1.109814,-2.823329,-0.215989
3.861545,0.390670,-0.245582,0.132901,-2.682293,1.375251
3.865546,0.308482,-0.222307,-0.392915,-2.541652,3.111326
3.869548,0.021975,-0.195661,0.069483,-2.401394,-1.380904
3.873549,0.832777,-0.166242,0.512695,-2.261445,0.159454
3.877551,-0.517989,-0.134653,-0.035729,-2.121782,1.622872
3.881553,-0.836324,-0.101497,-0.725257,-1.982336,3.101961
3.885554,-0.619894,-0.067373,-0.061368,-1.843076,-1.676343
3.889556,0.186022,-0.032869,0.330549,-1.703945,-0.105543
3.893557,-0.215201,0.001442,-0.041792,-1.564908,1.844449
3.897559,-0.308644,0.035000,-0.184618,-1.425923,-2.504333
3.901561,0.384208,0.067269,0.215748,-1.286952,-1.137885
3.905562,0.345557,0.097737,0.870784,-1.147970,0.285399
3.909564,-0.043360,0.125919,-0.236608,-1.008934,1.768626
3.913565,-2.226568,0.151369,-1.211640,-0.869837,-3.031486
3.917567,0.061451,0.173676,-0.075497,-0.730638,-1.652579
3.921569,-0.647329,0.192477,0.431065,-0.591350,-0.724110
3.925570,0.848502,0.207463,0.707325,-0.451939,-0.058524
3.929572,-0.552650,0.218383,0.305399,-0.312439,1.249220
3.933573,-0.698445,0.225054,-0.868293,-0.172825,2.817235
3.937575,-0.723951,0.227370,-0.076079,-0.033151,-1.720730
3.941577,0.092289,0.225302,-0.089772,0.106601,2.037739
3.945578,-0.815427,0.218907,-0.309716,0.246363,-1.993515
3.949580,0.926921,0.208325,1.028951,0.386137,-0.229868
3.953581,-0.555239,0.193786,0.005299,0.525849,1.565197
3.957583,-1.260647,0.175599,-0.477641,0.665486,-2.610852
3.961585,-0.316950,0.154152,0.486197,0.804972,0.287039
3.965586,-1.887555,0.129902,-0.609755,0.944286,2.418469
3.969588,-1.379273,0.103360,-0.450707,1.083354,-2.135105
3.973589,-0.765635,0.075085,0.455062,1.222144,-0.594757
3.977591,-0.699546,0.045665,0.207697,1.360590,0.205826
3.981593,-0.920689,0.015706,0.250994,1.498647,0.685482
3.985594,-1.366454,-0.014186,-0.285777,1.636254,2.413039
3.989596,-1.592845,-0.043419,0.008062,1.773350,-1.549631
3.993597,-1.087097,-0.071432,0.413658,1.909880,0.697640
3.997599,-2.601908,-0.097704,-0.529797,2.045772,2.564377
4.001601,-2.000333,-0.121773,-0.193848,2.180983,-1.995700
4.005602,-2.012415,-0.143242,0.084236,2.315434,-0.258951
4.009604,-1.941491,-0.161789,-0.102596,2.449096,-1.870676
4.013605,-1.330644,-0.177168,0.633058,2.581895,-0.223928
4.017607,-1.725123,-0.189211,0.105196,2.713819,1.426769
4.021609,-2.762358,-0.197829,-0.641342,2.844802,3.128337
4.025610,-1.802250,-0.203001,0.130373,2.974852,-1.309601
4.029612,-2.052323,-0.204775,0.353346,3.103920,0.722117
4.033613,-2.577714,-0.203255,-0.527886,-3.051146,2.695208
4.037615,-2.524520,-0.198589,-0.144068,-2.923997,-1.763912
4.041617,-1.213573,-0.190962,0.850264,-2.797751,0.003581
4.045618,-2.080500,-0.180582,-0.159409,-2.672390,1.773458
4.049620,-2.323563,-0.167670,-0.481545,-2.547805,-2.660824
4.053621,-1.045528,-0.152449,0.224744,-2.423927,-0.188091
4.057623,-1.736948,-0.135140,-0.375700,-2.300605,2.881512
4.061625,-0.864393,-0.115949,0.039698,-2.177716,-1.504874
4.065626,-0.474821,-0.095073,0.552085,-2.055071,0.203130
4.069628,-1.295690,-0.072699,-0.108305,-1.932501,1.932040
4.073629,-1.219016,-0.049006,0.028063,-1.809796,-1.234545
4.077631,-1.734165,-0.024173,0.098629,-1.686763,1.131522
4.081633,-1.857546,0.001605,-0.155559,-1.563197,2.287819
4.085634,-2.389844,0.028113,-0.266470,-1.438911,2.728977
4.089636,-2.302017,0.055100,-0.487454,-1.313736,-2.607611
4.093637,-1.687897,0.082273,0.212758,-1.187513,-1.309018
4.097639,-0.744786,0.109285,0.890218,-1.060126,0.089920
4.101641,-1.616634,0.135735,0.028128,-0.931456,1.530199
4.105642,-1.632875,0.161167,-0.214496,-0.801441,2.911311
4.109644,-1.488807,0.185073,0.017541,-0.670004,1.528608
4.113645,-2.057827,0.206901,-0.976136,-0.537129,3.006448
4.117647,-1.508981,0.226067,-0.255023,-0.402777,-1.774936
4.121649,0.215556,0.241971,1.053218,-0.266975,-0.350050
4.125650,-0.427099,0.254018,0.551062,-0.129711,0.746260
4.129652,-0.984553,0.261639,0.142781,0.008957,1.385906
4.133653,-1.809294,0.264315,-0.967920,0.149022,2.590281
4.137655,-2.235610,0.261602,-0.669964,0.290412,-2.132628
4.141657,0.265692,0.253157,0.978109,0.433104,-0.408647
4.145658,-1.256896,0.238755,0.089148,0.577022,1.449919
4.149660,-1.040603,0.218317,-0.459687,0.722130,-2.922910
4.153661,-0.452727,0.191924,0.085154,0.868346,-1.297869
4.157663,-0.258832,0.159830,0.323553,1.015622,-0.051226
4.161665,0.060675,0.122472,0.017808,1.163877,1.529349
4.165666,-1.094143,0.080469,-0.449145,1.313053,-2.789871
4.169668,0.344738,0.034615,0.449442,1.463072,-0.519866
4.173669,-0.820156,-0.014132,-0.121601,1.613867,1.750604
4.177671,-1.486543,-0.064672,-0.713240,1.765365,-2.513758
4.181673,-0.201934,-0.115788,0.725321,1.917495,-0.696751
4.185674,-0.935255,-0.166185,0.465885,2.070194,0.937890
4.189676,-1.660638,-0.214517,-0.295528,2.223387,2.225083
4.193677,-1.893788,-0.259438,-0.365397,2.377020,2.800210
4.197679,-2.134290,-0.299636,-0.466807,2.531020,-2.520798
4.201681,-0.976176,-0.333875,0.229550,2.685343,-1.214986
4.205682,-1.094188,-0.361040,0.582077,2.839921,0.106161
4.209684,-0.883112,-0.380167,0.106891,2.994720,1.322495
4.213685,-1.830878,-0.390479,-0.211796,-3.133508,2.311393
4.217687,-1.553164,-0.391411,-0.329522,-2.978420,-3.101233
4.221689,-1.700012,-0.382632,-0.135473,-2.823257,-1.858625
4.225690,-0.921075,-0.364061,0.643838,-2.668043,-0.326235
4.229692,-1.051134,-0.335874,0.237413,-2.512826,1.294974
4.233693,-2.407367,-0.298502,-0.937141,-2.357625,2.917542
4.237695,-0.891447,-0.252626,-0.170801,-2.202479,-1.768165
4.241697,-0.335105,-0.199162,0.595323,-2.047404,-0.212066
4.245698,-0.100348,-0.139240,0.095200,-1.892428,1.224557
4.249700,-0.490128,-0.074178,-0.001084,-1.737561,1.585398
4.253701,-0.176905,-0.005450,-0.061456,-1.582818,2.145881
4.257703,-0.510187,0.065348,-0.016622,-1.428207,-1.932977
4.261705,-0.461616,0.136536,0.001514,-1.273731,1.561480
4.265706,-1.064313,0.206385,-0.342537,-1.119393,-2.922460
4.269708,-0.686824,0.273162,0.169600,-0.965187,-1.213784
4.273709,-0.351808,0.335168,0.487455,-0.811115,0.433515
4.277711,-1.129563,0.390775,-0.188179,-0.657165,1.950987
4.281713,-1.243220,0.438471,-0.435747,-0.503337,-3.049763
4.285714,-0.859496,0.476896,-0.176945,-0.349616,-2.004730
4.289716,-0.560722,0.504874,0.282438,-0.196003,-0.936775
4.293717,0.125831,0.521451,0.509116,-0.042479,0.235671
4.297719,-0.998818,0.525921,0.065069,0.110954,1.445642
4.301721,-0.687265,0.517852,-0.410754,0.264314,2.688417
4.305722,-1.405732,0.497101,-0.208984,0.417601,-2.348009
4.309724,-0.346524,0.463830,-0.041336,0.570831,-2.012313
4.313725,-1.081087,0.418509,-0.080497,0.724006,-1.841465
4.317727,-0.011007,0.361917,0.446940,0.877142,-0.366330
4.321729,-0.642701,0.295130,0.107561,1.030238,1.325866
4.325730,-0.968773,0.219508,-0.221620,1.183307,-2.760188
4.329732,-0.455688,0.136665,0.313658,1.336352,0.304794
4.333733,-1.305751,0.048443,-0.379374,1.489379,2.266143
4.337735,-1.410346,-0.043132,-0.459869,1.642393,-2.328287
4.341737,-0.508981,-0.135895,0.390140,1.795398,-0.729073
4.345738,-0.939900,-0.227591,0.169739,1.948398,0.836919
4.349740,-1.055580,-0.315935,-0.039746,2.101396,-2.319177
4.353741,-0.911022,-0.398663,0.276796,2.254396,-0.215541
4.357743,-1.158783,-0.473600,0.251115,2.407395,1.113774
4.361745,-1.725364,-0.538716,-0.691460,2.560399,2.511572
4.365746,-2.396894,-0.592182,-0.678570,2.713401,-2.301047
4.369748,-0.003990,-0.632429,0.695314,2.866407,-0.774758
4.373749,-1.325717,-0.658196,0.504480,3.019407,0.845612
4.377751,-1.170662,-0.668568,-0.493270,-3.110779,2.721742
4.381753,-1.943446,-0.663013,0.065967,-2.957792,-1.450881
4.385754,-0.413004,-0.641405,0.710605,-2.804815,0.344787
4.389756,-2.406157,-0.604036,-0.290977,-2.651862,1.894556
4.393758,-2.279466,-0.551618,-0.888490,-2.498934,-2.941399
4.397759,-1.730830,-0.485270,-0.007644,-2.346047,-1.581302
4.401761,-0.563951,-0.406498,0.453656,-2.193207,-0.366216
4.405762,-0.786887,-0.317153,0.246932,-2.040431,0.693487
4.409764,-0.577014,-0.219390,-0.099465,-1.887727,1.977593
4.413766,-0.867582,-0.115603,-0.208825,-1.735111,-2.469736
4.417767,0.013837,-0.008367,0.344469,-1.582596,-0.689714
4.421769,-0.048997,0.099638,0.494194,-1.430197,0.820808
4.425770,-0.978984,0.205700,-0.629711,-1.277929,2.262528
4.429772,-0.990530,0.307152,-0.920957,-1.125808,-2.575262
4.433774,0.266636,0.401446,0.384925,-0.973855,-1.139662
4.437775,1.250643,0.486228,0.496718,-0.822088,0.125164
4.441777,0.535915,0.559406,0.290386,-0.670532,0.155391
4.445778,1.580855,0.619206,0.296240,-0.519206,1.064511
4.449780,0.072134,0.664227,-0.533651,-0.368142,2.534200
4.453782,1.253868,0.693473,-0.185558,-0.217361,-2.223938
4.457783,0.856651,0.706382,-0.234746,-0.066897,2.744893
4.461785,1.401752,0.702835,-0.280870,0.083226,-1.967606
4.465786,2.246981,0.683154,0.835503,0.232968,-0.302659
4.469788,2.076646,0.648083,0.093975,0.382303,1.426162
4.473790,0.825459,0.598760,-0.215990,0.531187,-2.838965
4.477791,1.973032,0.536673,0.099629,0.679590,1.132932
4.481793,-0.227187,0.463605,-0.441720,0.827468,-3.137329
4.485794,1.390560,0.381574,0.135360,0.974788,-1.269572
4.489796,0.037456,0.292767,0.319621,1.121508,0.538944
4.493798,0.363099,0.199466,-0.147207,1.267592,2.087675
4.497799,-0.455997,0.103980,-0.327632,1.413002,-2.901269
4.501801,0.169852,0.008577,0.086873,1.557702,-1.386105
4.505802,0.889636,-0.084576,0.542954,1.701657,0.334054
4.509804,-0.182181,-0.173472,-0.306903,1.844832,2.143877
4.513806,0.464207,-0.256305,-0.282475,1.987194,-2.274827
4.517807,0.598256,-0.331513,0.225486,2.128710,-0.281854
4.521809,0.861688,-0.397798,-0.071408,2.269353,2.442976
4.525810,0.399137,-0.454149,0.028019,2.409089,-1.266425
4.529812,0.935421,-0.499842,0.027606,2.547896,-1.037806
4.533814,0.259949,-0.534441,0.240508,2.685743,-0.163760
4.537815,0.840416,-0.557787,0.064048,2.822614,1.413591
4.541817,-0.557514,-0.569977,-0.397175,2.958482,3.017489
4.545818,0.717179,-0.571338,-0.034210,3.093339,-1.738297
4.549820,0.262364,-0.562401,-0.057118,-3.056019,-2.465422
4.553822,0.948825,-0.543865,0.075750,-2.923217,-1.231104
4.557823,1.292672,-0.516559,0.194680,-2.791446,0.452690
4.561825,0.815410,-0.481411,-0.093021,-2.660687,2.461897
4.565826,1.319532,-0.439413,-0.015141,-2.530927,-1.720437
4.569828,0.936264,-0.391588,0.156800,-2.402130,-0.627918
4.573830,1.189409,-0.338966,0.316935,-2.274264,0.682051
4.577831,0.476486,-0.282561,-0.330839,-2.147275,2.200136
4.581833,0.098892,-0.223352,-0.379735,-2.021111,-2.493136
4.585834,1.270979,-0.162276,0.108653,-1.895703,-0.717125
4.589836,0.454323,-0.100216,-0.243347,-1.770981,-2.718995
4.593838,1.536341,-0.038001,0.206989,-1.646863,-1.125733
4.597839,1.429864,0.023596,0.370625,-1.523263,0.234488
4.601841,0.987122,0.083856,0.181585,-1.400086,0.494838
4.605842,1.228644,0.142103,0.243257,-1.277236,1.031018
4.609844,-0.257174,0.197703,-0.397639,-1.154616,2.219454
4.613846,0.070273,0.250055,-0.700653,-1.032124,-2.958309
4.617847,0.040071,0.298583,-0.230473,-0.909669,-1.851507
4.621849,1.773520,0.342737,0.858236,-0.787157,-0.474490
4.625850,1.388507,0.381987,0.360612,-0.664509,1.180223
4.629852,0.441673,0.415828,-0.817759,-0.541646,3.080934
4.633854,1.698655,0.443788,0.287472,-0.418504,-1.160838
4.637855,1.828973,0.465428,0.431320,-0.295021,0.818373
4.641857,0.646514,0.480360,-0.428545,-0.171151,2.724333
4.645858,1.313032,0.488254,0.001014,-0.046847,-1.567484
4.649860,0.910825,0.488851,0.254024,0.077920,0.418462
4.653862,1.086549,0.481975,-0.147416,0.203182,1.972914
4.657863,0.207738,0.467547,-0.521623,0.328953,-2.934409
4.661865,1.160204,0.445597,-0.006679,0.455251,-1.581240
4.665866,1.641343,0.416275,0.589278,0.582076,-0.331218
4.669868,1.368015,0.379859,0.440679,0.709432,0.676005
4.673870,1.120998,0.336759,0.004621,0.837308,1.563505
4.677871,-0.079931,0.287522,-0.680985,0.965697,2.614239
4.681873,0.075283,0.232829,-0.745914,1.094582,-2.522707
4.685874,0.545644,0.173485,0.228182,1.223949,-1.342406
4.689876,1.261841,0.110412,1.022153,1.353776,-0.099815
4.693878,0.211725,0.044636,0.318704,1.484046,1.190857
4.697879,-0.681525,-0.022734,-0.319500,1.614737,2.322375
4.701881,-0.746570,-0.090524,-0.195865,1.745829,2.197801
4.705882,-1.100723,-0.157522,-0.725807,1.877301,3.122890
4.709884,-0.725098,-0.222499,-0.163780,2.009135,-1.766436
4.713886,0.652559,-0.284234,0.525631,2.141317,-0.332394
4.717887,-0.329464,-0.341545,0.074172,2.273828,0.085148
4.721889,0.490277,-0.393306,0.416654,2.406657,-0.195604
4.725890,-0.551739,-0.438481,0.188182,2.539788,1.207903
4.729892,-1.030853,-0.476137,-0.213929,2.673210,2.480101
4.733894,-1.248992,-0.505475,-0.002720,2.806907,1.584131
4.737895,-1.760204,-0.525846,-0.447541,2.940870,2.640748
4.741897,-1.515626,-0.536768,-0.464511,3.075083,-2.526140
4.745898,-0.769357,-0.537937,-0.102998,-3.073644,-1.759659
4.749900,0.038534,-0.529240,0.407504,-2.938950,-0.980363
4.753902,1.077698,-0.510749,0.926010,-2.804019,0.117668
4.757903,0.055056,-0.482729,0.222567,-2.668853,1.336220
4.761905,-0.534049,-0.445630,-0.680328,-2.533447,2.584048
4.765906,-0.851651,-0.400083,-0.387524,-2.397800,-2.421099
4.769908,-0.217463,-0.346887,0.074656,-2.261905,-1.022832
4.773910,-0.753359,-0.287000,-0.249928,-2.125760,-3.016331
4.777911,-0.494848,-0.221523,-0.021386,-1.989360,-1.608558
4.781913,0.529764,-0.151678,0.708125,-1.852702,-0.249348
4.785914,-0.018548,-0.078790,0.369955,-1.715785,1.053777
4.789916,-0.357820,-0.004258,-0.445540,-1.578606,2.292858
4.793918,-0.681390,0.070467,-0.508478,-1.441165,-2.821208
4.797919,0.053252,0.143916,-0.122726,-1.303463,-1.924059
4.801921,0.108361,0.214627,0.003463,-1.165504,-1.561971
4.805922,0.772234,0.281181,0.599458,-1.027292,-0.561861
4.809924,0.928492,0.342230,0.667256,-0.888834,0.800416
4.813926,-0.355295,0.396528,-0.613948,-0.750138,2.255833
4.817927,-0.196469,0.442962,-0.599176,-0.611216,-2.554281
4.821929,0.855761,0.480580,0.146852,-0.472079,-1.075212
4.825930,0.690019,0.508608,-0.119913,-0.332743,3.110992
4.829932,1.244003,0.526480,-0.066710,-0.193226,-1.710936
4.833934,2.005886,0.533848,0.727589,-0.053550,-0.405047
4.837935,2.085527,0.530593,0.597688,0.086264,0.964389
4.841937,0.591042,0.516834,-0.865735,0.226188,2.426710
4.845938,0.599160,0.492920,-0.683016,0.366197,-2.321406
4.849940,1.864817,0.459424,0.474013,0.506263,-0.750386
4.853942,1.386921,0.417130,0.180512,0.646358,0.685301
4.857943,1.326495,0.367008,0.151422,0.786453,0.318169
4.861945,1.216525,0.310193,-0.105674,0.926518,1.878658
4.865946,0.433649,0.247950,-0.362522,1.066523,-2.473857
4.869948,1.792859,0.181648,0.465327,1.206438,-0.546606
4.873950,0.627445,0.112718,0.171728,1.346234,1.261864
4.877951,0.712744,0.042619,-0.469131,1.485882,2.965182
4.881953,0.425678,-0.027195,-0.023612,1.625353,-1.651183
4.885954,1.143503,-0.095315,0.080383,1.764620,0.358917
4.889956,0.629891,-0.160402,-0.079580,1.903658,-2.264960
4.893958,1.152503,-0.221224,0.176921,2.042440,-0.463391
4.897959,0.834922,-0.276671,0.013144,2.180945,1.473966
4.901961,0.875207,-0.325784,0.010479,2.319149,-1.499855
4.905962,0.940995,-0.367765,0.335440,2.457033,0.513899
4.909964,0.629440,-0.401987,-0.306704,2.594576,2.150527
4.913966,-0.117627,-0.428003,-0.494016,2.731764,-2.589940
4.917967,1.539964,-0.445543,0.206599,2.868581,-1.107503
4.921969,0.699782,-0.454515,0.257279,3.005018,0.409294
4.925970,1.580466,-0.454987,-0.113194,3.141065,2.768716
4.929972,0.963877,-0.447186,0.225574,-3.006463,-0.778633
4.933974,1.934629,-0.431475,0.354588,-2.871198,0.987987
4.937975,0.240212,-0.408343,-0.828080,-2.736320,2.692331
4.941977,0.798341,-0.378383,-0.316401,-2.601821,-1.879564
4.945978,2.237020,-0.342280,0.947607,-2.467691,-0.174119
4.949980,0.871137,-0.300787,0.046772,-2.333914,1.503887
4.953982,1.034126,-0.254713,-0.337134,-2.200472,-3.107640
4.957983,1.161305,-0.204906,0.078787,-2.067342,0.102923
4.961985,1.206508,-0.152237,-0.250343,-1.934499,2.338465
4.965986,1.068976,-0.097588,-0.571699,-1.801914,-2.570887
4.969988,1.953542,-0.041842,0.368979,-1.669553,-1.178544
4.973990,2.785355,0.014133,1.024085,-1.537379,0.247744
4.977991,1.657602,0.069485,-0.035075,-1.405350,1.612055
4.981993,0.855782,0.123391,-0.433086,-1.273422,2.596326
4.985994,1.464312,0.175058,-0.521894,-1.141547,3.124213
4.989996,0.738646,0.223728,-0.255694,-1.009675,-1.970905
4.993998,2.913856,0.268682,0.457880,-0.877755,-0.459730
4.997999,1.288514,0.309246,0.013136,-0.745735,1.503700
5.002001,2.391127,0.344793,-0.056751,-0.613566,-1.821328
5.006002,1.961822,0.374746,0.376221,-0.481197,-0.572670
5.010004,2.513851,0.398591,0.742318,-0.348577,0.558439
5.014006,0.990529,0.415873,-0.553744,-0.215657,1.974235
5.018007,-0.205069,0.426212,-1.551710,-0.082389,-2.734221
5.022009,2.133510,0.429304,0.749707,0.051273,-1.045850
5.026010,2.325675,0.424937,0.613397,0.185370,0.856834
5.030012,0.693896,0.412995,-0.530382,0.319940,-2.856296
5.034014,2.741628,0.393472,0.646302,0.455014,-0.444703
5.038015,1.236537,0.366483,0.166836,0.590619,1.332616
5.042017,1.460579,0.332276,-0.375544,0.726776,2.739628
5.046018,1.033675,0.291233,-0.224483,0.863501,3.012738
5.050020,1.099956,0.243882,-0.290230,1.000805,-2.422858
5.054022,2.094731,0.190896,0.208912,1.138694,-0.986896
5.058023,1.425004,0.133094,0.154638,1.277168,0.812126
5.062025,2.007093,0.071433,-0.226388,1.416223,-2.758059
5.066026,1.597770,0.006998,0.331585,1.555848,-0.897676
5.070028,2.268482,-0.059011,0.601773,1.696030,0.687275
5.074030,0.631116,-0.125302,-0.501388,1.836748,2.273846
5.078031,0.384125,-0.190516,-0.288359,1.977979,-2.362538
5.082033,0.800110,-0.253260,-0.155883,2.119698,2.199796
5.086034,-0.515791,-0.312136,-0.684626,2.261878,-2.347347
5.090036,1.789941,-0.365780,1.116917,2.404491,-0.683787
5.094038,1.133876,-0.412897,0.829497,2.547508,0.970342
5.098039,-0.678510,-0.452297,-0.920435,2.690901,2.609944
5.102041,0.477860,-0.482927,-0.205297,2.834641,-2.070024
5.106042,-0.143027,-0.503907,-0.170612,2.978699,2.752598
5.110044,0.721102,-0.514556,-0.263925,3.123047,-2.060199
5.114046,0.665710,-0.514413,0.512028,-3.015528,-0.667130
5.118047,1.448297,-0.503262,0.503128,-2.870682,0.527994
5.122049,0.248321,-0.481135,-0.003420,-2.725628,1.577018
5.126050,0.043120,-0.448325,-0.527997,-2.580389,2.770704
5.130052,0.007598,-0.405379,-0.262910,-2.434995,-2.094575
5.134054,0.665833,-0.353096,0.382616,-2.289469,-0.470649
5.138055,0.608881,-0.292508,0.082362,-2.143842,1.347549
5.142057,-0.095301,-0.224857,-0.407217,-1.998138,3.128843
5.146058,0.978224,-0.151572,0.004101,-1.852386,-1.561989
5.150060,0.890825,-0.074230,0.441843,-1.706613,-0.077397
5.154062,1.356292,0.005481,0.076441,-1.560847,1.267968
5.158063,0.791845,0.085801,0.148858,-1.415113,0.569316
5.162065,1.345808,0.164948,-0.100202,-1.269439,1.723536
5.166066,0.050175,0.241156,-1.076636,-1.123848,-3.028614
5.170068,1.846577,0.312722,0.177389,-0.978367,-1.426663
5.174070,2.693308,0.378047,0.973425,-0.833020,0.243652
5.178071,1.560367,0.435678,-0.260662,-0.687830,2.171224
5.182073,2.268517,0.484338,0.352492,-0.542819,-0.485462
5.186074,1.723017,0.522958,0.018209,-0.398006,1.551958
5.190076,0.487691,0.550699,-1.273435,-0.253411,-2.995700
5.194078,1.767692,0.566968,0.354715,-0.109045,-1.292306
5.198079,2.637427,0.571425,0.984182,0.035077,0.423227
5.202081,0.598210,0.563992,-0.474282,0.178944,2.175139
5.206082,1.100661,0.544842,-0.495127,0.322548,-2.344318
5.210084,1.396747,0.514396,0.577300,0.465882,-0.669115
5.214086,1.988565,0.473308,0.520704,0.608941,0.895704
5.218087,0.327219,0.422444,-0.635225,0.751723,2.396715
5.222089,0.828940,0.362865,-0.551717,0.894225,-2.453301
5.226090,1.614351,0.295795,0.110484,1.036449,-1.271390
5.230092,1.230848,0.222599,0.003682,1.178394,-1.558408
5.234094,2.460036,0.144753,0.634557,1.320062,-0.607029
5.238095,1.582251,0.063811,0.842619,1.461454,0.760595
5.242097,0.751956,-0.018622,-0.769332,1.602572,2.202016
5.246098,-0.740267,-0.100927,-0.980912,1.743418,-2.619977
5.250100,1.189454,-0.181498,0.242400,1.883996,-1.220616
5.254102,0.538818,-0.258777,0.256702,2.024311,-0.408510
5.258103,0.901643,-0.331276,0.381078,2.164368,-0.137418
5.262105,0.868806,-0.397610,0.162501,2.304177,1.219576
5.266106,0.142190,-0.456513,-0.234328,2.443744,2.695677
5.270108,0.945145,-0.506865,-0.032510,2.583083,1.747626
5.274110,-0.036155,-0.547702,-0.613133,2.722200,-3.084811
5.278111,0.994245,-0.578240,0.127854,2.861110,-1.418887
5.282113,1.560521,-0.597880,0.726697,2.999821,0.305960
5.286114,0.177519,-0.606221,-0.250682,3.138348,2.198979
5.290116,0.777727,-0.603062,0.115394,-3.006488,-0.980134
5.294118,-0.000013,-0.588412,0.053537,-2.868303,1.453114
5.298119,-0.416948,-0.562488,-0.577925,-2.730279,-3.103394
5.302121,-0.186270,-0.525710,0.012286,-2.592407,-1.548256
5.306122,0.373788,-0.478700,0.484479,-2.454685,-0.134566
5.310124,0.228918,-0.422271,0.163462,-2.317107,1.254619
5.314126,-0.562003,-0.357411,-0.604044,-2.179674,2.758593
5.318127,0.144437,-0.285268,-0.293089,-2.042382,-1.951056
5.322129,1.106275,-0.207131,0.807016,-1.905232,-0.367838
5.326130,0.913794,-0.124403,0.283159,-1.768221,1.225992
5.330132,-0.298126,-0.038581,-0.699981,-1.631350,2.891879
5.334134,0.724516,0.048776,0.029831,-1.494617,-1.520667
5.338135,1.012170,0.136073,0.510775,-1.358018,0.575643
5.342137,0.158655,0.221707,-0.658432,-1.221553,2.543115
5.346138,0.406824,0.304097,-0.383537,-1.085217,-1.974094
5.350140,1.855879,0.381710,0.945968,-0.949007,-0.300589
5.354142,1.330607,0.453092,0.178070,-0.812917,1.339810
5.358143,0.451428,0.516891,-0.384227,-0.676942,3.022978
5.362145,1.519763,0.571881,0.112206,-0.541070,0.432511
5.366146,0.354863,0.616983,-0.428517,-0.405296,2.503284
5.370148,0.827944,0.651281,-0.564331,-0.269604,-2.260148
5.374150,1.698685,0.674041,0.830924,-0.133983,-0.748149
5.378151,1.663104,0.684721,0.799263,0.001587,0.848003
5.382153,-0.050453,0.682980,-0.926085,0.137118,2.613643
5.386154,-0.005150,0.668683,-0.022425,0.272636,-1.596356
5.390156,1.481103,0.641910,0.760181,0.408159,0.636274
5.394158,-1.346719,0.602948,-0.954887,0.543715,2.558831
5.398159,-0.125302,0.552296,-0.571267,0.679325,-2.091482
5.402161,0.610402,0.490658,0.719929,0.815022,-0.716668
5.406162,0.669982,0.418941,0.732219,0.950829,0.408101
5.410164,0.265631,0.338243,0.010965,1.086776,1.556025
5.414166,-1.190455,0.249843,-0.545890,1.222889,2.832095
5.418167,0.040909,0.155191,-0.216082,1.359196,-2.466103
5.422169,-1.002616,0.055889,-0.199552,1.495720,-2.308725
5.426170,0.235796,-0.046331,0.214383,1.632489,-1.040691
5.430172,-0.340662,-0.149626,0.242760,1.769526,0.583907
5.434174,-0.299328,-0.252073,-0.014733,1.906851,-1.808742
5.438175,-0.277428,-0.351697,0.317056,2.044487,0.546730
5.442177,-0.886225,-0.446504,-0.357820,2.182448,2.384387
5.446178,-1.058658,-0.534524,-0.100958,2.320752,-1.832768
5.450180,-0.328525,-0.613845,0.234441,2.459410,0.813185
5.454182,-1.713900,-0.682662,-0.498427,2.598435,3.096240
5.458183,-0.443981,-0.739316,0.133866,2.737831,-1.315127
5.462185,-0.949066,-0.782340,0.291811,2.877610,0.541919
5.466186,-1.129599,-0.810500,-0.151379,3.017771,-2.858830
5.470188,-0.975319,-0.822837,0.346109,-3.124865,-0.448334
5.474190,-1.358568,-0.818701,0.285048,-2.983933,1.064919
5.478191,-1.944101,-0.797781,-0.530899,-2.842615,2.417586
5.482193,-2.495894,-0.760132,-0.608403,-2.700921,-2.511654
5.486194,-0.868189,-0.706186,0.330329,-2.558853,-1.072610
5.490196,-0.984325,-0.636761,0.462411,-2.416421,0.512431
5.494198,-1.086090,-0.553053,-0.264732,-2.273632,2.360362
5.498199,-1.005402,-0.456624,-0.122963,-2.130496,-1.928680
5.502201,-0.337783,-0.349373,0.404186,-1.987022,-0.265410
5.506202,-0.502509,-0.233500,0.207951,-1.843220,1.132666
5.510204,-1.390991,-0.111461,-0.432805,-1.699101,2.474209
5.514206,-1.207463,0.014087,-0.417282,-1.554677,-2.389895
5.518207,-0.670452,0.140346,0.338078,-1.409961,-0.827658
5.522209,-0.602085,0.264449,0.170652,-1.264967,1.005116
5.526210,-0.741446,0.383530,-0.146619,-1.119710,-2.381638
5.530212,-0.032208,0.494801,0.473068,-0.974207,0.091859
5.534214,-0.095996,0.595629,-0.246238,-0.828479,1.901337
5.538215,-0.750251,0.683607,-0.789973,-0.682542,-2.732378
5.542217,0.969755,0.756629,0.231771,-0.536421,-1.244478
5.546218,1.154470,0.812944,0.477913,-0.390137,-0.149947
5.550220,1.123007,0.851218,0.415106,-0.243717,0.583873
5.554222,0.949240,0.870568,-0.140679,-0.097183,1.805617
5.558223,-0.174551,0.870594,-0.469190,0.049434,-2.980755
5.562225,1.273814,0.851390,0.042371,0.196111,-1.213610
5.566226,-0.092040,0.813543,-0.282126,0.342816,3.070726
5.570228,1.128267,0.758111,-0.032990,0.489523,-1.634991
5.574230,0.952097,0.686601,0.497030,0.636197,-0.233178
5.578231,1.042545,0.600912,0.272084,0.782812,0.840426
5.582233,0.438117,0.503288,-0.078257,0.929328,1.750081
5.586234,-0.398312,0.396243,-0.508852,1.075716,3.000305
5.590236,-0.019591,0.282488,-0.134841,1.221935,-1.861504
5.594238,-0.261175,0.164848,0.275339,1.367953,-0.529170
5.598239,-0.300134,0.046181,0.197206,1.513729,0.262810
5.602241,-0.889036,-0.070706,0.145185,1.659226,1.024964
5.606242,-1.235692,-0.183137,-0.244065,1.804405,2.273775
5.610244,-1.794201,-0.288635,-0.382508,1.949226,-2.703444
5.614246,-1.174709,-0.384992,0.054489,2.093651,-1.447326
5.618247,-1.224619,-0.470313,0.439102,2.237638,-0.192228
5.622249,-1.080519,-0.543063,0.198452,2.381153,1.041083
5.626251,-1.770664,-0.602086,-0.111066,2.524152,1.958178
5.630252,-1.536000,-0.646623,-0.317745,2.666606,2.552603
5.634254,-1.814679,-0.676305,-0.536287,2.808471,-2.576555
5.638255,-0.765879,-0.691146,0.320906,2.949723,-1.167650
5.642257,0.071370,-0.691508,0.804607,3.090324,0.286180
5.646259,-1.030566,-0.678077,-0.096803,-3.052931,1.704560
5.650260,-0.975703,-0.651809,-0.574968,-2.913702,3.078527
5.654262,-0.744202,-0.613891,-0.073079,-2.775185,-1.735885
5.658263,-0.032515,-0.565688,0.327556,-2.637403,0.125026
5.662265,-0.526823,-0.508692,-0.278141,-2.500357,2.460330
5.666267,-0.602699,-0.444472,-0.133045,-2.364058,-1.814166
5.670268,0.787531,-0.374628,0.702094,-2.228496,-0.138168
5.674270,-0.385813,-0.300752,0.189636,-2.093667,1.313831
5.678271,-0.512768,-0.224388,-0.614494,-1.959547,2.518715
5.682273,-1.405182,-0.147008,-0.800580,-1.826116,-2.640445
5.686275,0.048298,-0.069986,0.239117,-1.693341,-1.363914
5.690276,0.619591,0.005416,1.315207,-1.561183,0.023634
5.694278,-0.440019,0.078054,0.177535,-1.429598,1.429275
5.698279,-1.803437,0.146912,-0.951475,-1.298533,2.784834
5.702281,-1.231641,0.211099,-0.444040,-1.167934,-2.256782
5.706283,-0.584184,0.269845,0.170442,-1.037737,-1.170624
5.710284,-0.265926,0.322493,0.244179,-0.907884,-0.149220
5.714286,-0.394274,0.368499,0.025880,-0.778307,1.046381
5.718287,-0.081006,0.407421,0.091019,-0.648950,-1.052284
5.722289,0.206969,0.438917,0.394084,-0.519740,0.221238
5.726291,0.049594,0.462738,0.055975,-0.390627,1.463908
5.730292,-0.329946,0.478725,-0.430795,-0.261540,2.574077
5.734294,-0.146160,0.486809,-0.460352,-0.132437,-2.881948
5.738295,0.428479,0.487011,-0.272310,-0.003254,-2.055296
5.742297,1.170289,0.479436,0.404585,0.126043,-0.934380
5.746299,1.594971,0.464282,0.535318,0.255506,0.282902
5.750300,0.912867,0.441838,0.133015,0.385159,1.000570
5.754302,0.928595,0.412485,0.301632,0.515044,0.846986
5.758303,-0.007499,0.376693,-0.378126,0.645177,2.028015
5.762305,-1.056197,0.335021,-1.003457,0.775593,-2.920971
5.766307,0.090602,0.288112,-0.052043,0.906305,-1.626246
5.770308,0.389060,0.236688,0.628622,1.037342,-0.487857
5.774310,0.666046,0.181544,0.506990,1.168713,0.378771
5.778311,0.223378,0.123541,0.213397,1.300441,1.183339
5.782313,-0.321034,0.063594,-0.412723,1.432534,2.250501
5.786315,-0.205324,0.002667,-0.609281,1.565004,-2.738674
5.790316,0.110634,-0.058244,0.147702,1.697857,-1.263510
5.794318,0.815167,-0.118125,0.104065,1.831098,0.863053
5.798319,-0.364250,-0.175956,-0.178084,1.964731,-2.028213
5.802321,1.311810,-0.230732,0.762308,2.098753,-0.350715
5.806323,-0.071879,-0.281478,0.368824,2.233165,1.200551
5.810324,-0.917396,-0.327270,-0.875842,2.367955,2.722548
5.814326,-0.834864,-0.367252,-0.301356,2.503123,-2.034745
5.818327,-0.170612,-0.400658,0.253483,2.638651,-0.395720
5.822329,-0.339548,-0.426827,-0.127449,2.774542,-2.715405
5.826331,-0.025426,-0.445219,0.269355,2.910774,-0.808257
5.830332,0.423164,-0.455430,0.257005,3.047354,0.952416
5.834334,-0.304099,-0.457201,-0.333816,-3.098923,3.016129
5.838335,0.463781,-0.450425,0.258235,-2.961678,-0.668772
5.842337,0.305945,-0.435153,0.020590,-2.824115,1.527897
5.846339,-0.359632,-0.411600,-0.502761,-2.686221,-2.880457
5.850340,0.653682,-0.380139,0.178348,-2.548013,-1.079795
5.854342,0.484945,-0.341298,0.099873,-2.409478,0.688413
5.858343,0.701518,-0.295757,0.100513,-2.270628,-0.341352
5.862345,0.833072,-0.244335,-0.017528,-2.131449,1.638607
5.866347,0.367516,-0.187976,-0.289794,-1.991948,-2.476907
5.870348,1.650547,-0.127737,0.470002,-1.852113,-0.351223
5.874350,0.666509,-0.064768,-0.021567,-1.711944,1.605870
5.878351,0.626274,-0.000293,-0.590246,-1.571432,-2.871071
5.882353,0.778225,0.064415,0.148776,-1.430572,-1.219979
5.886355,1.131442,0.128052,0.131092,-1.289361,-0.287892
5.890356,0.725896,0.189315,0.308036,-1.147789,-0.441591
5.894358,1.066332,0.246922,0.335421,-1.005857,0.986891
5.898359,-0.135466,0.299646,-0.513756,-0.863557,2.519136
5.902361,0.604524,0.346341,-0.212394,-0.720897,-2.173346
5.906363,0.889268,0.385965,0.000178,-0.577868,1.569151
5.910364,0.831279,0.417617,-0.501239,-0.434489,-2.698319
5.914366,1.808864,0.440556,0.269252,-0.290753,-1.256254
5.918367,2.623104,0.454225,0.956731,-0.146688,0.081311
5.922369,1.822899,0.458277,0.223447,-0.002293,1.307466
5.926371,1.012813,0.452581,-0.493812,0.142401,2.384125
5.930372,0.751856,0.437237,-0.530984,0.287392,-2.953766
5.934374,1.236996,0.412575,-0.163448,0.432646,-1.954359
5.938375,1.481648,0.379153,0.182750,0.578160,-0.739338
5.942377,1.467142,0.337742,-0.095736,0.723898,3.141416
5.946379,1.560826,0.289316,0.035592,0.869852,-1.498184
5.950380,2.197217,0.235021,0.811696,1.015984,-0.138226
5.954382,1.856805,0.176155,0.404689,1.162279,1.152154
5.958383,-0.022671,0.114125,-0.767748,1.308701,2.376245
5.962385,0.255690,0.050417,-0.981219,1.455226,-2.661899
5.966387,0.669047,-0.013453,0.312250,1.601820,-1.275802
5.970388,1.978603,-0.075975,0.849013,1.748454,0.323594
5.974390,0.063572,-0.135691,-0.419478,1.895099,2.239309
5.978391,0.558964,-0.191234,-0.243857,2.041715,-1.944820
5.982393,1.434681,-0.241365,0.792326,2.188277,-0.185532
5.986395,0.460282,-0.285007,0.294371,2.334736,1.251871
5.990396,-0.335349,-0.321275,-0.927598,2.481065,2.585205
5.994398,-1.025012,-0.349496,-0.799962,2.627209,-2.291764
5.998399,1.308952,-0.369226,0.818524,2.773139,-0.771693
6.002401,0.417713,-0.380258,0.525277,2.918792,0.867235
6.006403,0.094318,-0.382619,-0.315746,3.064141,2.890864
6.010404,0.563045,-0.376567,0.380323,-3.074071,0.059048
6.014406,0.131394,-0.362570,-0.282484,-2.929503,1.939533
6.018407,-0.532078,-0.341288,-0.920775,-2.785420,-2.763014
6.022409,0.803516,-0.313547,0.243905,-2.641857,-1.322883
6.026411,1.368577,-0.280301,0.897302,-2.498897,-0.038189
6.030412,1.072384,-0.242605,0.367473,-2.356586,1.117187
6.034414,-0.096132,-0.201573,-0.556057,-2.215009,2.279800
6.038415,-0.025437,-0.158342,-0.794995,-2.074224,-2.747616
6.042417,0.586265,-0.114038,0.114688,-1.934320,-1.422559
6.046419,1.349850,-0.069741,0.577697,-1.795369,-0.080728
6.050420,0.627240,-0.026453,0.115851,-1.657467,1.188213
6.054422,0.670452,0.014924,-0.003623,-1.520699,1.617059
6.058423,0.640362,0.053614,0.042548,-1.385161,1.320326
6.062425,0.538115,0.088979,-0.164088,-1.250955,2.303386
6.066427,0.727292,0.120527,-0.255523,-1.118172,-3.045508
6.070428,1.005117,0.147921,-0.131771,-0.986923,-2.160902
6.074430,1.567836,0.170969,0.007255,-0.857289,-1.527317
6.078431,1.534126,0.189619,0.017122,-0.729378,-1.496579
6.082433,2.005727,0.203947,0.389162,-0.603243,-0.572078
6.086435,1.563824,0.214132,0.470448,-0.478964,0.672961
6.090436,0.736399,0.220442,-0.191501,-0.356538,1.950110
6.094438,-0.066318,0.223201,-0.231095,-0.235989,2.911369
6.098439,0.139901,0.222766,-0.217633,-0.117228,2.469023
6.102441,-0.749367,0.219503,-0.529729,-0.000195,-2.759455
6.106443,0.618358,0.213759,0.070875,0.115300,-1.462275
6.110444,0.548977,0.205852,0.467113,0.229414,-0.173193
6.114446,1.022130,0.196050,0.110602,0.342430,0.524436
6.118447,0.661564,0.184568,0.367899,0.454593,-0.082603
6.122449,1.089274,0.171564,0.262126,0.566257,1.174274
6.126451,-0.291110,0.157142,-0.591709,0.677724,2.516287
6.130452,0.373283,0.141356,-0.393731,0.789377,-2.513216
6.134454,0.516150,0.124226,-0.134417,0.901527,-2.313799
6.138455,0.992456,0.105751,-0.196561,1.014530,-1.985254
6.142457,1.585763,0.085923,0.469501,1.128654,-0.767886
6.146459,1.951068,0.064749,0.493896,1.244175,0.314236
6.150460,1.325000,0.042266,0.349347,1.361279,0.744406
6.154462,0.946624,0.018561,-0.066986,1.480133,1.653002
6.158463,-0.511570,-0.006222,-0.990245,1.600839,3.032642
6.162465,0.332228,-0.031872,-0.124912,1.723463,-1.730844
6.166467,0.637744,-0.058103,0.248666,1.848038,-0.163237
6.170468,0.466395,-0.084555,0.004086,1.974553,-1.559204
6.174470,1.353365,-0.110800,0.774462,2.102995,0.173214
6.178471,0.274831,-0.136341,-0.432455,2.233293,2.030747
6.182473,-0.246106,-0.160633,-0.675407,2.365406,-2.294889
6.186475,1.494649,-0.183089,0.962519,2.499223,-0.336647
6.190476,0.004204,-0.203105,0.024932,2.634688,1.544393
6.194478,-0.827520,-0.220079,-0.756045,2.771667,-2.902427
6.198479,0.121902,-0.233431,0.327369,2.910098,-1.012612
6.202481,-0.139725,-0.242630,0.344907,3.049842,0.948821
6.206483,-0.572317,-0.247213,-0.665283,-3.092345,2.824066
6.210484,-0.311935,-0.246805,-0.081097,-2.950229,-1.670695
6.214486,1.249186,-0.241140,0.816894,-2.807045,0.131731
6.218487,0.173157,-0.230071,-0.312005,-2.662915,2.005337
6.222489,-0.193119,-0.213585,-0.475586,-2.517882,-2.380653
6.226491,1.530740,-0.191807,0.503544,-2.372051,-0.628248
6.230492,0.165652,-0.165005,0.387236,-2.225460,0.939258
6.234494,0.339512,-0.133590,-0.627177,-2.078197,2.541514
6.238495,-0.650675,-0.098111,-0.312243,-1.930301,-1.937954
6.242497,1.412922,-0.059246,0.968124,-1.781844,0.036974
6.246499,-0.125679,-0.017789,-0.472064,-1.632869,2.040313
6.250500,-0.653784,0.025365,-0.630653,-1.483434,-2.294592
6.254502,1.791734,0.069245,0.556185,-1.333589,-0.307120
6.258503,-0.304826,0.112822,-0.220478,-1.183374,2.874772
6.262505,1.849787,0.155038,0.459500,-1.032847,-0.726309
6.266507,0.644525,0.194834,0.405970,-0.882032,1.007861
6.270508,0.518535,0.231179,-0.334706,-0.730990,2.315181
6.274510,0.326040,0.263093,-0.407573,-0.579732,2.477503
6.278511,-0.505768,0.289680,-0.976416,-0.428317,-2.651844
6.282513,1.552050,0.310150,0.555199,-0.276750,-1.173748
6.286515,1.728337,0.323843,1.245092,-0.125090,0.292094
6.290516,0.751382,0.330250,0.015056,0.026666,1.552811
6.294518,0.248582,0.329030,-0.307403,0.178458,2.170707
6.298519,-0.297923,0.320023,-0.725889,0.330294,2.940769
6.302521,0.297498,0.303258,-0.403135,0.482121,-2.064492
6.306523,1.278810,0.278954,0.586837,0.633946,-0.599989
6.310524,1.030054,0.247524,0.138770,0.785722,1.234927
6.314526,0.857560,0.209566,-0.298975,0.937452,-2.306549
6.318527,1.636202,0.165850,0.881202,1.089095,-0.315243
6.322529,1.363892,0.117309,0.264042,1.240645,1.376286
6.326531,-1.194377,0.065012,-1.548309,1.392069,3.054761
6.330532,0.711284,0.010138,0.107634,1.543356,-1.496077
6.334534,1.223915,-0.046048,1.071953,1.694483,0.342082
6.338535,-0.380223,-0.102230,-0.585156,1.845433,2.332550
6.342537,-0.020846,-0.157073,-0.242951,1.996198,-1.920538
6.346539,0.801237,-0.209257,0.639526,2.146753,-0.118959
6.350540,0.499457,-0.257510,0.128167,2.297102,1.341281
6.354542,0.035122,-0.300639,-0.418805,2.447217,2.481604
6.358543,-0.013728,-0.337560,-0.552252,2.597110,-2.715514
6.362545,0.872716,-0.367329,0.050880,2.746750,-1.498710
6.366547,1.265561,-0.389162,0.726251,2.896154,-0.187348
6.370548,1.064228,-0.402459,0.245838,3.045290,1.197901
6.374550,-0.320404,-0.406817,-0.477009,-3.089008,2.699561
6.378551,0.302555,-0.402045,-0.096013,-2.940407,-1.836346
6.382553,0.013850,-0.388167,0.303569,-2.792074,0.187620
6.386555,0.008001,-0.365431,-0.131974,-2.644049,1.971833
6.390556,-0.527696,-0.334295,-0.303765,-2.496320,-2.911503
6.394558,0.317327,-0.295423,-0.100106,-2.348925,-2.031162
6.398559,0.289223,-0.249667,-0.023602,-2.201858,-1.650397
6.402561,1.273640,-0.198043,0.422365,-2.055152,-0.653953
6.406563,1.373489,-0.141705,0.591784,-1.908807,0.623873
6.410564,0.680594,-0.081918,-0.308760,-1.762846,1.976626
6.414566,0.386591,-0.020020,-0.650218,-1.617274,-2.966633
6.418567,0.818938,0.042608,-0.090085,-1.472107,-1.783137
6.422569,1.419102,0.104578,0.124222,-1.327355,-1.079723
6.426571,1.024558,0.164525,0.240816,-1.183025,-0.420392
6.430572,1.684392,0.221148,0.197299,-1.039134,0.361014
6.434574,0.913975,0.273231,0.239182,-0.895679,0.542630
6.438575,1.482244,0.319676,-0.017090,-0.752683,1.600099
6.442577,0.037816,0.359523,-0.782323,-0.610136,3.019544
6.446579,1.372119,0.391975,-0.140466,-0.468065,-1.771055
6.450580,1.503604,0.416403,0.293884,-0.326454,-0.386087
6.454582,1.602798,0.432368,0.079215,-0.185337,-1.279322
6.458583,2.067575,0.439618,0.724408,-0.044694,0.102068
6.462585,1.222818,0.438094,-0.137326,0.095441,1.730492
6.466587,0.617628,0.427924,-0.570919,0.235088,-2.699569
6.470588,1.724181,0.409415,0.448319,0.374215,-0.035607
6.474590,0.812799,0.383041,-0.518634,0.512843,2.260600
6.478591,0.732375,0.349425,-0.756425,0.650944,-2.374764
6.482593,2.104063,0.309323,0.461111,0.788539,-1.037205
6.486595,2.136044,0.263601,0.679538,0.925603,-0.283318
6.490596,2.305024,0.213214,0.954492,1.062155,0.467632
6.494598,0.518667,0.159182,-0.260422,1.198179,1.748102
6.498599,-0.767596,0.102568,-1.459118,1.333690,-3.075689
6.502601,0.136741,0.044449,0.039723,1.468687,-1.530102
6.506603,0.847372,-0.014103,0.233262,1.603187,0.370622
6.510604,-0.212661,-0.072044,-0.210838,1.737208,-2.012404
6.514606,1.824784,-0.128371,0.823243,1.870772,-0.403145
6.518607,0.627305,-0.182139,0.469801,2.003915,1.065549
6.522609,0.383133,-0.232472,-0.646354,2.136660,2.452110
6.526611,-0.289250,-0.278570,-0.508761,2.269058,-2.483955
6.530612,0.842951,-0.319718,0.204283,2.401137,-1.072627
6.534614,0.432441,-0.355289,0.141016,2.532963,0.563744
6.538615,0.374346,-0.384748,0.002630,2.664563,-1.552923
6.542617,0.884270,-0.407654,0.416590,2.796018,0.233742
6.546619,0.344639,-0.423659,-0.166919,2.927357,1.840433
6.550620,-0.004010,-0.432513,-0.681394,3.058667,-2.936830
6.554622,0.859475,-0.434061,-0.004123,-3.093205,-1.577051
6.558623,1.336308,-0.428247,0.568284,-2.961798,-0.364747
6.562625,1.403843,-0.415112,0.383228,-2.830267,0.852140
6.566627,0.338652,-0.394802,-0.285633,-2.698524,2.197543
6.570628,0.683756,-0.367566,-0.212119,-2.566540,-2.624478
6.574630,0.317204,-0.333763,-0.040742,-2.434238,1.917450
6.578631,0.292763,-0.293864,-0.472123,-2.301595,-2.793185
6.582633,0.340094,-0.248451,0.246742,-2.168550,-1.255734
6.586635,1.617696,-0.198222,0.901342,-2.035086,0.285499
6.590636,-0.440004,-0.143986,-0.251903,-1.901162,1.846283
6.594638,-0.095655,-0.086654,-0.748542,-1.766767,-2.828333
6.598639,-0.084545,-0.027234,0.238620,-1.631882,-1.133704
6.602641,0.870887,0.033186,0.221118,-1.496503,0.714401
6.606643,-0.031754,0.093456,-0.031237,-1.360633,-1.992043
6.610644,1.125970,0.152385,0.308760,-1.224276,0.711835
6.614646,0.076953,0.208770,-0.622138,-1.087454,2.507652
6.618647,0.519398,0.261427,-0.508219,-0.950176,-2.097166
6.622649,2.036420,0.309216,0.880665,-0.812482,-0.500492
6.626651,1.468666,0.351083,0.398985,-0.674384,1.003273
6.630652,0.718563,0.386084,-0.252765,-0.535939,2.345933
6.634654,1.076568,0.413420,-0.043673,-0.397158,2.577300
6.638655,0.637606,0.432459,-0.078288,-0.258112,1.903803
6.642657,1.137944,0.442766,-0.464197,-0.118816,2.979617
6.646659,0.865752,0.444111,-0.281651,0.020650,-2.055881
6.650660,2.597827,0.436486,0.340687,0.160262,-0.844482
6.654662,2.266650,0.420109,0.336940,0.299931,-0.239315
6.658663,2.789822,0.395421,0.555130,0.439623,0.375556
6.662665,1.995826,0.363071,-0.135782,0.579240,1.729809
6.666667,0.598112,0.323902,-0.815483,0.718739,-2.998026
6.670668,1.663756,0.278918,0.094086,0.858021,-1.384894
6.674670,0.654113,0.229254,0.093367,0.997034,-0.368786
6.678671,1.125627,0.176138,0.302649,1.135684,-0.538396
6.682673,0.358763,0.120848,0.195134,1.273913,1.268151
6.686675,-0.446735,0.064671,-0.862144,1.411632,-3.113769
6.690676,0.409547,0.008867,0.335516,1.548779,-1.217433
6.694678,1.205574,-0.045376,0.763607,1.685279,0.643651
6.698679,-0.552460,-0.096966,-0.621684,1.821060,2.456705
6.702681,0.407459,-0.144942,-0.243801,1.956066,-2.067544
6.706683,0.155098,-0.188486,0.097034,2.090222,-0.286418
6.710684,0.580394,-0.226946,-0.134807,2.223488,-1.942586
6.714686,0.788092,-0.259833,0.752703,2.355790,-0.332780
6.718687,0.973780,-0.286830,0.340822,2.487111,1.237034
6.722689,-0.689478,-0.307774,-0.924998,2.617384,2.780876
6.726691,0.524075,-0.322656,-0.269119,2.746616,-2.016632
6.730692,0.794532,-0.331593,0.023284,2.874754,-1.395388
6.734694,1.276066,-0.334816,0.006280,3.001839,-1.557015
6.738695,1.683200,-0.332643,0.640855,3.127842,-0.065930
6.742697,1.493364,-0.325457,0.010626,-3.030346,1.547426
6.746699,0.474781,-0.313683,-0.045439,-2.906352,-2.480117
6.750700,1.128106,-0.297769,0.010426,-2.783249,1.534865
6.754702,-0.393044,-0.278167,-0.302801,-2.661001,-2.772564
6.758703,1.036862,-0.255324,0.291334,-2.539467,0.101623
6.762705,-0.179919,-0.229668,-0.478181,-2.418572,2.438184
6.766707,0.582841,-0.201599,-0.384189,-2.298149,-2.060935
6.770708,1.997729,-0.171492,0.571341,-2.178085,-0.407359
6.774710,1.579750,-0.139694,0.099391,-2.058189,0.884254
6.778711,2.313183,-0.106524,0.329840,-1.938313,0.174020
6.782713,1.375261,-0.072286,-0.153916,-1.818255,1.880894
6.786715,1.262306,-0.037274,-0.228234,-1.697842,-2.210509
6.790716,1.324417,-0.001787,0.389112,-1.576880,0.621499
6.794718,0.015743,0.033861,-0.767384,-1.455196,2.727137
6.798719,0.018688,0.069323,-0.216982,-1.332630,-1.777461
6.802721,1.722683,0.104216,1.068796,-1.209027,-0.165866
6.806723,0.426921,0.138109,0.340133,-1.084282,1.247288
6.810724,-0.035432,0.170526,-1.030691,-0.958274,2.561638
6.814726,-0.322346,0.200943,-1.014906,-0.830959,-2.292354
6.818727,2.525282,0.228801,1.274682,-0.702255,-0.737899
6.822729,2.590832,0.253517,1.017145,-0.572177,0.885926
6.826731,0.203468,0.274504,-1.014407,-0.440680,2.560393
6.830732,1.845021,0.291191,-0.286296,-0.307824,-1.967907
6.834734,1.780321,0.303045,0.426297,-0.173591,-0.086019
6.838735,2.303767,0.309598,-0.023008,-0.038075,1.635572
6.842737,1.616579,0.310468,-0.424931,0.098724,2.976500
6.846739,2.066960,0.305381,-0.240649,0.236691,-2.030377
6.850740,3.159032,0.294193,0.412089,0.375810,-0.782375
6.854742,2.449231,0.276902,0.510118,0.515959,0.377441
6.858743,2.661557,0.253658,0.031838,0.657112,1.505551
6.862745,0.992038,0.224771,-0.325860,0.799151,2.647616
6.866747,1.557528,0.190701,-0.208698,0.942042,-2.745083
6.870748,0.917917,0.152055,-0.092930,1.085683,-1.992347
6.874750,1.252921,0.109574,0.257326,1.230037,-0.294716
6.878752,1.043470,0.064113,-0.167482,1.375024,1.993202
6.882753,0.273694,0.016622,-0.489243,1.520600,-2.318052
6.886755,2.179802,-0.031881,0.792236,1.666709,-0.592409
6.890756,1.333423,-0.080329,0.488293,1.813300,1.013206
6.894758,0.748266,-0.127638,-0.469788,1.960337,2.434316
6.898760,0.665745,-0.172734,-0.331342,2.107763,3.097216
6.902761,0.581386,-0.214574,-0.457027,2.255560,-2.569031
6.906763,1.381427,-0.252179,0.263464,2.403664,-1.203008
6.910764,1.688809,-0.284654,0.642248,2.552073,0.310588
6.914766,0.915887,-0.311207,-0.125948,2.700717,1.874971
6.918768,0.923831,-0.331174,-0.090146,2.849609,-2.559589
6.922769,0.846329,-0.344027,0.037385,2.998672,1.353163
6.926771,0.590238,-0.349396,-0.298426,-3.135259,2.973854
6.930772,0.677603,-0.347068,-0.050851,-2.985890,-1.758649
6.934774,0.886002,-0.337001,0.087287,-2.836384,0.099194
6.938776,0.718589,-0.319319,-0.131314,-2.686813,-2.172696
6.942777,1.191406,-0.294312,0.480158,-2.537154,-0.503609
6.946779,1.289729,-0.262433,0.328782,-2.387471,1.118428
6.950780,-0.012975,-0.224281,-0.704754,-2.237745,2.780230
6.954782,1.021306,-0.180596,-0.080042,-2.088025,-1.711732
6.958784,1.283950,-0.132240,0.345743,-1.938300,0.440843
6.962785,1.023560,-0.080182,-0.364613,-1.788602,2.657362
6.966787,1.013567,-0.025479,-0.210084,-1.638928,-2.010499
6.970788,1.903306,0.030745,0.393893,-1.489292,-0.787485
6.974790,1.692925,0.087321,0.618634,-1.339698,0.398215
6.978792,1.013230,0.143053,-0.133675,-1.190140,1.759764
6.982793,0.172019,0.196744,-0.522154,-1.040630,-2.983211
6.986795,0.769447,0.247210,0.125222,-0.891143,-0.775687
6.990796,0.450742,0.293311,-0.328800,-0.741702,2.535587
6.994798,0.162347,0.333964,-0.348978,-0.592270,-2.074163
6.998800,2.000561,0.368168,0.690041,-0.442879,-0.593606
7.002801,1.246315,0.395025,0.573262,-0.293484,0.757451
7.006803,1.197614,0.413763,-0.318336,-0.144122,2.019147
7.010804,0.064390,0.423754,-0.700438,0.005252,-2.973641
7.014806,0.929908,0.424530,-0.046826,0.154603,-1.642581
7.018808,1.143206,0.415801,0.497886,0.303978,-0.417596
7.022809,0.499342,0.397469,0.409345,0.453343,0.566951
7.026811,0.470395,0.369635,0.017979,0.602742,1.537367
7.030812,-0.830270,0.332606,-0.503840,0.752147,2.609800
7.034814,-0.106404,0.286902,-0.540756,0.901597,-2.659191
7.038816,0.102634,0.233252,-0.018972,1.051071,-1.597487
7.042817,1.290890,0.172590,0.752181,1.200596,-0.294403
7.046819,1.061664,0.106047,0.231795,1.350159,1.214783
7.050820,0.111693,0.034933,-0.341817,1.499771,2.947277
7.054822,1.062933,-0.039279,0.112473,1.649424,-0.093818
7.058824,-0.020088,-0.114981,-0.216873,1.799112,2.504246
7.062825,0.379179,-0.190467,-0.041529,1.948832,-1.756060
7.066827,-0.018829,-0.263966,-0.002873,2.098562,1.588757
7.070828,-0.621662,-0.333686,-0.317183,2.248305,-2.323130
7.074830,0.327550,-0.397861,0.611455,2.398025,-0.524050
7.078832,-0.651775,-0.454797,0.277184,2.547729,1.187739
7.082833,-1.264395,-0.502923,-0.544241,2.697373,2.871052
7.086835,-1.368337,-0.540831,-0.033866,2.846965,-1.698857
7.090836,-1.132046,-0.567329,-0.024152,2.996454,2.018835
7.094838,-1.608176,-0.581473,-0.107260,-3.137333,-2.055524
7.098840,-1.055763,-0.582600,0.222601,-2.988080,-0.601454
7.102841,-1.363863,-0.570356,0.203143,-2.838959,0.451729
7.106843,-1.173516,-0.544710,0.093744,-2.690022,1.244338
7.110844,-2.009770,-0.505963,-0.390496,-2.541257,2.566822
7.114846,-1.297435,-0.454743,-0.295325,-2.392710,-2.068022
7.118848,-0.816222,-0.391995,0.709042,-2.244373,-0.274166
7.122849,-0.392776,-0.318962,0.021324,-2.096283,1.545112
7.126851,-2.046103,-0.237150,-0.846860,-1.948436,-2.977009
7.130852,0.376986,-0.148300,0.217261,-1.800856,-1.278651
7.134854,-0.409584,-0.054336,0.463907,-1.653545,0.447839
7.138856,-0.061395,0.042674,-0.243661,-1.506514,2.666192
7.142857,-0.587833,0.140575,0.206560,-1.359769,-1.051066
7.146859,0.271423,0.237171,0.568649,-1.213308,0.653775
7.150860,-1.200265,0.330281,-0.482525,-1.067141,2.139704
7.154862,-1.328880,0.417786,-0.767671,-0.921257,-2.750217
7.158864,-0.345247,0.497680,-0.014093,-0.775668,-1.597831
7.162865,-0.284886,0.568117,0.057963,-0.630354,-1.420546
7.166867,0.641582,0.627447,0.623322,-0.485333,-0.643326
7.170868,0.690553,0.674260,0.871050,-0.340577,0.605498
7.174870,-0.322696,0.707413,-0.292532,-0.196106,1.847400
7.178872,-1.212480,0.726053,-0.928933,-0.051885,2.924702
7.182873,-0.873606,0.729638,-0.684183,0.092067,-2.387826
7.186875,-0.087218,0.717943,0.288703,0.235790,-1.269125
7.190876,0.401574,0.691064,0.812527,0.379268,-0.026475
7.194878,-0.362780,0.649417,0.215686,0.522543,1.057876
7.198880,-0.883013,0.593727,0.159990,0.665606,1.026234
7.202881,-1.184150,0.525011,-0.175290,0.808496,1.875610
7.206883,-2.338870,0.444561,-0.624736,0.951213,3.124973
7.210884,-1.481335,0.353912,-0.227921,1.093797,-2.150526
7.214886,-1.859600,0.254819,-0.117905,1.236256,-1.853127
7.218888,-0.725181,0.149220,0.499378,1.378626,-0.821990
7.222889,-0.636515,0.039204,0.711960,1.520926,0.621469
7.226891,-1.854681,-0.073026,-0.487162,1.663184,2.284978
7.230892,-1.220411,-0.185196,-0.141728,1.805425,-1.854682
7.234894,-1.146646,-0.294997,0.512512,1.947669,0.651369
7.238896,-1.724510,-0.400134,-0.822733,2.089948,2.589235
7.242897,-2.034890,-0.498369,-0.381060,2.232271,-1.951439
7.246899,-0.176763,-0.587562,0.669660,2.374674,-0.137081
7.250900,-1.780637,-0.665726,-0.303886,2.517156,3.050753
7.254902,-0.529653,-0.731063,0.752790,2.659755,-0.731062
7.258904,-0.717743,-0.782011,0.891985,2.802459,0.994268
7.262905,-3.579060,-0.817288,-1.600908,2.945304,2.624678
7.266907,-2.761717,-0.835925,-0.790652,3.088270,-2.082648
7.270908,-1.264386,-0.837302,0.967770,-3.051799,-0.590147
7.274910,-1.616054,-0.821172,0.570382,-2.908559,0.770065
7.278912,-2.459077,-0.787679,-0.360223,-2.765171,2.132147
7.282913,-2.878658,-0.737364,-0.614169,-2.621666,-2.559587
7.286915,-1.664790,-0.671167,0.542500,-2.478030,-0.871930
7.290916,-1.671433,-0.590410,0.646993,-2.334293,0.747955
7.294918,-3.062055,-0.496774,-0.496488,-2.190452,2.242261
7.298920,-2.757097,-0.392268,-0.585653,-2.046540,-2.689066
7.302921,-2.464753,-0.279178,0.092832,-1.902563,-1.394436
7.306923,-1.258286,-0.160020,0.419479,-1.758554,0.049022
7.310924,-2.003403,-0.037469,-0.076275,-1.614531,1.822858
7.314926,-1.225634,0.085706,-0.205057,-1.470526,-2.389366
7.318928,-0.744939,0.206716,0.287503,-1.326567,-0.649378
7.322929,-0.008949,0.322829,0.379252,-1.182681,0.701090
7.326931,-0.558244,0.431445,-0.281330,-1.038909,1.972785
7.330932,-0.800025,0.530164,-0.965835,-0.895272,-2.970060
7.334934,0.045034,0.616852,-0.030033,-0.751819,-1.596694
7.338936,1.545144,0.689695,1.144256,-0.608566,-0.253469
7.342937,0.476158,0.747246,0.563841,-0.465571,1.016193
7.346939,-0.329906,0.788458,-0.545098,-0.322844,2.219947
7.350940,-0.991925,0.812700,-0.657302,-0.180446,-2.855226
7.354942,0.072793,0.819770,-0.014190,-0.038385,-1.609842
7.358944,-0.184546,0.809880,-0.062637,0.103277,-2.755272
7.362945,0.141669,0.783644,-0.114136,0.244533,-1.825412
7.366947,0.829637,0.742047,0.592653,0.385318,-0.461550
7.370948,0.598005,0.686401,0.411653,0.525626,0.828733
7.374950,0.043721,0.618303,-0.061041,0.665396,1.712447
7.378952,-0.811168,0.539575,-0.389974,0.804617,2.328488
7.382953,-1.207521,0.452207,-0.766824,0.943235,-2.681168
7.386955,-0.676254,0.358292,0.443621,1.081241,-1.079873
7.390956,-0.510499,0.259968,0.535554,1.218593,0.788763
7.394958,-2.055158,0.159359,-0.562867,1.355280,-3.098131
7.398960,-0.969805,0.058521,0.614164,1.491277,-0.605350
7.402961,-1.366318,-0.040603,0.124911,1.626578,1.439858
7.406963,-2.527784,-0.136222,-0.842207,1.761177,-2.867683
7.410964,-0.642564,-0.226725,0.516322,1.895072,-0.569850
7.414966,-1.335600,-0.310703,-0.323303,2.028281,2.056556
7.418968,-1.261450,-0.386959,-0.512713,2.160809,-2.160007
7.422969,0.580480,-0.454509,0.760118,2.292699,-0.356452
7.426971,-0.758828,-0.512581,0.020047,2.423963,1.507121
7.430972,0.176342,-0.560603,0.320902,2.554667,-0.530816
7.434974,-1.037766,-0.598191,0.280433,2.684829,1.237216
7.438976,-1.646760,-0.625135,-0.907190,2.814533,2.892418
7.442977,-1.704180,-0.641380,-0.068642,2.943806,-1.690203
7.446979,-1.094121,-0.647013,-0.043026,3.072746,1.931596
7.450980,-1.353553,-0.642246,-0.194421,-3.081798,-1.848292
7.454982,0.220096,-0.627398,1.108711,-2.953341,-0.085957
7.458984,-0.436107,-0.602887,-0.143624,-2.825028,1.690513
7.462985,-1.687764,-0.569216,-0.953386,-2.696738,-2.770433
7.466987,0.552313,-0.526967,0.415751,-2.568420,-0.892311
7.470988,-0.757795,-0.476798,0.053178,-2.439954,1.324565
7.474990,-0.023185,-0.419440,0.145350,-2.311286,-1.114932
7.478992,-0.454261,-0.355702,0.477163,-2.182304,0.762177
7.482993,-1.257591,-0.286470,-0.548826,-2.052954,2.394608
7.486995,-1.282183,-0.212710,-0.436879,-1.923141,-2.408908
7.490996,-0.768497,-0.135475,0.102608,-1.792816,-1.236256
7.494998,-0.504223,-0.055899,0.095842,-1.661907,-0.998171
7.499000,-0.496684,0.024803,0.240179,-1.530371,-0.520884
7.503001,-0.135471,0.105347,0.345570,-1.398164,0.452051
7.507003,-0.701759,0.184387,-0.026180,-1.265248,1.630104
7.511004,-0.762554,0.260543,-0.359730,-1.131607,2.962907
7.515006,-0.546505,0.332414,-0.036829,-0.997208,-1.874770
7.519008,-0.170467,0.398612,-0.171779,-0.862063,2.633256
7.523009,-0.206716,0.457794,-0.256460,-0.726145,-2.214384
7.527011,0.801599,0.508696,0.272555,-0.589488,-0.925614
7.531012,1.050682,0.550171,0.369310,-0.452073,-0.070529
7.535014,1.044880,0.581229,0.404733,-0.313953,0.618521
7.539016,0.852389,0.601070,-0.165127,-0.175111,1.817029
7.543017,-0.123783,0.609117,-0.644448,-0.035614,-3.049881
7.547019,1.265981,0.605046,0.024376,0.104553,-1.507508
7.551020,0.780326,0.588801,0.041961,0.245315,1.160103
7.555022,1.135415,0.560611,-0.270465,0.386681,-2.558450
7.559024,1.176714,0.520992,0.163324,0.528577,-1.239291
7.563025,1.651569,0.470748,0.569668,0.671002,-0.074065
7.567027,0.936697,0.410946,0.281214,0.813886,0.968351
7.571028,0.450168,0.342905,0.060775,0.957221,1.420506
7.575030,-0.394399,0.268155,-0.353077,1.100942,2.027949
7.579032,-1.130335,0.188397,-1.283575,1.245037,-2.985695
7.583033,-0.213323,0.105463,0.058856,1.389453,-1.530443
7.587035,1.462549,0.021259,1.100565,1.534168,-0.005049
7.591036,-0.153696,-0.062281,0.002224,1.679145,1.564304
7.595038,0.529006,-0.143250,0.464257,1.824349,-0.018743
7.599040,-0.277924,-0.219821,-0.018254,1.969758,1.590308
7.603041,-1.635523,-0.290294,-0.863671,2.115325,-3.051747
7.607043,-0.322518,-0.353143,0.131490,2.261041,-1.180091
7.611044,-1.598171,-0.407056,-0.413127,2.406849,2.793385
7.615046,-0.578442,-0.450967,-0.134837,2.552756,-1.704636
7.619048,0.312536,-0.484079,1.224268,2.698697,-0.086818
7.623049,-0.316645,-0.505881,0.080840,2.844695,1.493144
7.627051,-0.965473,-0.516151,-0.557229,2.990680,3.035245
7.631052,-0.402273,-0.514953,-0.039760,3.136686,2.618866
7.635054,-0.340764,-0.502630,-0.487655,-3.000540,-3.085177
7.639056,-0.115864,-0.479782,0.037802,-2.854587,-1.514498
7.643057,1.086787,-0.447240,0.511681,-2.708704,0.156378
7.647059,-0.077390,-0.406042,-0.148725,-2.562846,2.597482
7.651060,0.900449,-0.357389,0.398501,-2.417065,-0.507538
7.655062,0.370899,-0.302618,0.282915,-2.271317,1.202679
7.659064,-0.648612,-0.243158,-0.786945,-2.125641,2.748442
7.663065,-0.264772,-0.180495,-0.342614,-1.980001,-2.097670
7.667067,0.405103,-0.116134,0.296182,-1.834421,-0.802508
7.671068,0.343343,-0.051562,0.190919,-1.688875,0.414622
7.675070,0.367485,0.011783,-0.039360,-1.543370,3.078609
7.679072,0.296986,0.072548,0.195480,-1.397895,-0.563610
7.683073,0.796104,0.129486,0.219925,-1.252435,0.943994
7.687075,-0.231842,0.181488,-0.248637,-1.106996,2.414019
7.691076,0.538787,0.227594,-0.096939,-0.961542,-2.703314
7.695078,0.115579,0.267017,-0.191245,-0.816096,2.668578
7.699080,0.583554,0.299146,-0.259168,-0.670601,-2.267846
7.703081,1.041739,0.323557,0.220473,-0.525098,-0.925887
7.707083,1.097215,0.340015,0.164275,-0.379512,-0.230759
7.711084,1.213225,0.348471,0.326885,-0.233895,-0.249914
7.715086,0.910918,0.349058,0.341253,-0.088159,0.964120
7.719088,0.003834,0.342077,-0.461317,0.057638,2.333906
7.723089,-0.251900,0.327990,-0.423422,0.203599,-2.559595
7.727091,0.354266,0.307398,0.063351,0.349665,-1.213600
7.731092,0.130319,0.281023,-0.184075,0.495944,-2.801474
7.735094,0.700970,0.249693,0.051645,0.642382,-1.468132
7.739096,1.452635,0.214318,0.671128,0.789080,-0.118672
7.743097,1.338946,0.175872,0.257195,0.935994,1.198610
7.747099,0.556968,0.135367,-0.511562,1.083206,2.477846
7.751100,0.836659,0.093833,-0.448663,1.230683,-2.516544
7.755102,1.322871,0.052296,0.185729,1.378482,-1.111700
7.759104,1.490940,0.011751,0.198891,1.526588,0.624924
7.763105,0.872696,-0.026858,-0.185155,1.675019,-3.073306
7.767107,1.213555,-0.062663,0.153375,1.823783,-1.032089
7.771108,1.047050,-0.094894,0.295375,1.972856,0.401574
7.775110,0.828587,-0.122897,0.105039,2.122268,1.193700
7.779112,0.234065,-0.146152,-0.172497,2.271947,1.920192
7.783113,-0.136014,-0.164288,-0.834195,2.421949,-3.075488
7.787115,0.312238,-0.177092,-0.045059,2.572154,-1.614449
7.791116,1.985137,-0.184515,0.983680,2.722641,-0.107685
7.795118,0.695216,-0.186670,0.128524,2.873245,1.394611
7.799120,0.813366,-0.183828,-0.361095,3.024061,2.819972
7.803121,0.737750,-0.176406,-0.088688,-3.108311,-2.799453
7.807123,0.835755,-0.164955,-0.174005,-2.957408,-2.909676
7.811124,1.077132,-0.150134,-0.008296,-2.806684,-1.608953
7.815126,0.746757,-0.132693,0.110220,-2.656082,-0.368945
7.819128,1.304266,-0.113440,0.056328,-2.505940,-1.002950
7.823129,0.500198,-0.093216,0.277520,-2.356289,0.218980
7.827131,1.144487,-0.072861,-0.074639,-2.207578,1.784405
7.831132,-0.091664,-0.053181,-0.222295,-2.060034,-2.759256
7.835134,1.268152,-0.034919,0.072471,-1.914327,0.564952
7.839136,0.423947,-0.018727,-0.308671,-1.771110,-3.102362
7.843137,1.596256,-0.005132,0.166168,-1.631591,-1.166051
7.847139,1.945364,0.005480,0.203037,-1.497446,1.043325
7.851140,1.348572,0.012888,-0.508883,-1.371408,-2.832476
7.855142,2.911810,0.017041,0.511877,-1.258150,-0.890187
7.859144,3.050715,0.018066,0.745006,-1.165812,0.728245
7.863145,1.899063,0.016263,-0.565617,-1.110649,2.147961
7.867147,1.754024,0.012088,-0.964063,-1.125508,-2.834864
7.871148,2.304509,0.006134,0.046879,-1.276465,-1.520484
7.875150,3.466692,-0.000903,0.681404,-1.621302,-0.104187
7.879152,1.817404,-0.008255,-0.000945,-1.992099,1.574862
7.883153,2.361209,-0.015126,0.265983,-2.175594,-0.693577
7.887155,1.592208,-0.020738,0.492813,-2.206733,0.885552
7.891156,0.438402,-0.024369,-0.632083,-2.157833,2.297890
7.895158,-0.184443,-0.025402,-0.791808,-2.066397,-2.721556
7.899160,0.569065,-0.023358,-0.102549,-1.951022,-1.716366
7.903161,1.186665,-0.017932,0.453616,-1.820767,-0.895413
7.907163,2.004010,-0.009007,0.911415,-1.680905,0.138091
7.911164,1.359390,0.003328,0.184654,-1.534370,1.401628
7.915166,0.751171,0.018780,-1.064370,-1.383058,2.785734
7.919168,1.107297,0.036864,-0.457356,-1.228235,-2.053275
7.923169,2.912546,0.056915,0.548410,-1.070660,-0.584739
7.927171,1.877467,0.078123,0.144125,-0.911036,0.880367
7.931172,2.527596,0.099563,0.135244,-0.749646,-0.791094
7.935174,2.005179,0.120238,0.399087,-0.586970,0.631138
7.939176,1.685421,0.139125,-0.284624,-0.423062,2.036456
7.943177,0.913969,0.155217,-0.597409,-0.258297,-2.832288
7.947179,1.846365,0.167572,0.124327,-0.092621,-1.332806
7.951180,2.254848,0.175356,0.390572,0.073654,0.394474
7.955182,1.660057,0.177883,-0.300775,0.240622,2.327220
7.959184,2.022562,0.174650,-0.319056,0.408017,-2.182333
7.963185,2.720962,0.165367,0.505430,0.575932,-0.557530
7.967187,2.366197,0.149974,0.183006,0.744150,1.092894
7.971188,2.103920,0.128650,0.026580,0.912738,-1.384821
7.975190,1.969069,0.101816,0.582779,1.081531,0.759869
7.979192,0.751271,0.070119,-1.050070,1.250559,2.406725
7.983193,-0.283460,0.034415,-1.045809,1.419712,-2.245907
7.987195,2.740754,-0.004262,1.192258,1.588979,-0.595492
7.991196,0.986267,-0.044734,0.344576,1.758305,1.139839
7.995198,0.766437,-0.085726,-0.189233,1.927634,-2.531458
7.999200,1.017434,-0.125902,0.443330,2.096960,0.470708
8.003201,-0.206867,-0.163923,-0.347345,2.266185,2.150558
8.007203,-0.062090,-0.198488,-0.444003,2.435343,-2.654866
8.011204,0.047371,-0.228382,0.094489,2.604303,-1.227797
8.015206,0.362493,-0.252520,0.041788,2.773134,1.211032
8.019208,0.311954,-0.269981,-0.306219,2.941685,-2.550926
8.023209,0.810850,-0.280042,0.450117,3.110045,-0.869554
8.027211,1.884875,-0.282199,0.607279,-3.005125,0.808886
8.031212,-0.421982,-0.276186,-0.702344,-2.837362,2.563030
8.035214,1.047154,-0.261981,-0.179929,-2.669996,-1.849412
8.039216,0.632355,-0.239808,0.467872,-2.502944,0.123359
8.043217,0.586181,-0.210132,-0.142017,-2.336334,1.999062
8.047219,0.001722,-0.173647,-0.224840,-2.170106,-2.752460
8.051220,0.425891,-0.131253,0.025715,-2.004357,-1.444243
8.055222,0.614653,-0.084034,0.174585,-1.839058,0.297897
8.059224,0.211159,-0.033225,-0.199320,-1.674273,2.798258
8.063225,0.777385,0.019825,0.122867,-1.510006,-1.270344
8.067227,1.060731,0.073688,0.554598,-1.346282,0.557952
8.071228,0.335523,0.126901,-0.488947,-1.183138,2.229756
8.075230,-0.181214,0.178003,-0.657397,-1.020563,-2.532789
8.079232,1.121879,0.225579,0.242884,-0.858620,-1.235267
8.083233,1.109651,0.268297,0.776963,-0.697266,-0.083104
8.087235,1.024452,0.304946,0.311213,-0.536588,1.219525
8.091236,-0.528031,0.334464,-0.808345,-0.376514,2.713818
8.095238,0.318404,0.355974,-0.209186,-0.217146,-1.920952
8.099240,0.609133,0.368797,0.166495,-0.058396,0.430678
8.103241,0.257637,0.372478,-0.332965,0.099631,-2.478842
8.107243,1.014211,0.366795,0.497622,0.257027,-0.715169
8.111244,1.075555,0.351761,0.346616,0.413692,0.863018
8.115246,0.258783,0.327633,-0.009509,0.569711,1.633663
8.119248,0.761828,0.294895,0.044108,0.724998,1.480681
8.123249,-0.716681,0.254253,-0.818413,0.879625,2.934698
8.127251,0.421020,0.206615,-0.236931,1.033527,-1.859576
8.131253,0.716980,0.153062,0.434389,1.186756,-0.576609
8.135254,0.899026,0.094831,0.331231,1.339273,-0.224201
8.139256,0.847641,0.033276,0.463737,1.491103,0.652327
8.143257,0.112102,-0.030164,-0.292390,1.642233,2.068498
8.147259,-0.050149,-0.093998,-0.280594,1.792660,-2.748647
8.151261,0.241802,-0.156725,-0.123059,1.942397,2.231673
8.155262,-0.358467,-0.216867,-0.553242,2.091415,-2.641561
8.159264,0.701263,-0.273012,0.296693,2.239749,-1.183085
8.163265,0.880885,-0.323842,0.628789,2.387347,0.103679
8.167267,0.460435,-0.368167,0.313620,2.534263,0.831220
8.171269,0.037020,-0.404959,-0.026817,2.680423,1.610115
8.175270,-1.183843,-0.433366,-0.882372,2.825893,2.942255
8.179272,-0.412845,-0.452743,-0.198213,2.970585,-1.802938
8.183273,0.133813,-0.462657,0.579538,3.114568,-0.073041
8.187275,-0.491363,-0.462902,-0.222626,-3.025437,2.382183
8.191277,-0.098651,-0.453493,0.144335,-2.882989,-1.294127
8.195278,0.596950,-0.434668,0.727035,-2.741368,0.496003
8.199280,-0.436092,-0.406872,-0.477564,-2.600507,2.107735
8.203281,-0.573613,-0.370742,-0.679991,-2.460493,-2.645754
8.207283,0.325580,-0.327086,0.073382,-2.321270,-1.364617
8.211285,0.153144,-0.276859,-0.128166,-2.182910,-1.935987
8.215286,0.980137,-0.221134,0.718976,-2.045371,-0.724823
8.219288,1.208751,-0.161072,1.033444,-1.908706,0.720304
8.223289,-0.525988,-0.097892,-0.775511,-1.772890,2.136714
8.227291,-1.156564,-0.032841,-1.191946,-1.637950,-2.869138
8.231293,0.364331,0.032834,-0.250960,-1.503882,-1.811563
8.235294,1.062745,0.097916,0.811430,-1.370690,-0.723263
8.239296,1.927310,0.161240,0.858998,-1.238385,0.627424
8.243297,0.173450,0.221718,-0.465358,-1.106946,2.185848
8.247299,0.689678,0.278355,-0.293955,-0.976397,-2.302804
8.251301,1.132493,0.330264,0.220164,-0.846686,-0.118149
8.255302,0.644223,0.376676,0.031529,-0.717846,1.401469
8.259304,0.882295,0.416942,-0.246819,-0.589796,2.270720
8.263305,-0.010897,0.450537,-0.621734,-0.462571,-2.595967
8.267307,1.677986,0.477053,0.493604,-0.336064,-1.011605
8.271309,1.510035,0.496201,0.673961,-0.210306,0.653168
8.275310,0.357323,0.507794,-0.425892,-0.085168,2.484564
8.279312,0.806497,0.511746,0.078778,0.039331,-1.290068
8.283313,0.237002,0.508059,0.121041,0.163337,1.256592
8.287315,-0.119766,0.496810,-0.455414,0.286847,-3.114890
8.291317,-0.046979,0.478148,0.160365,0.410020,-1.116793
8.295318,0.148934,0.452282,0.062347,0.532870,1.398462
8.299320,-0.615558,0.419479,-0.580307,0.655558,-2.739088
8.303321,0.501039,0.380064,0.512075,0.778113,-0.960827
8.307323,0.849233,0.334420,0.711767,0.900688,0.758338
8.311325,-0.909079,0.282990,-0.715333,1.023324,2.543350
8.315326,-0.118479,0.226289,-0.144853,1.146155,-1.785608
8.319328,0.223159,0.164903,0.589469,1.269230,0.256742
8.323329,-0.292727,0.099500,-0.267972,1.392657,2.010791
8.327331,-0.989082,0.030838,-0.635976,1.516492,-2.899678
8.331333,0.109683,-0.040234,-0.091566,1.640810,-1.692991
8.335334,0.411150,-0.112773,0.799067,1.765669,-0.388375
8.339336,0.734159,-0.185740,0.431732,1.891109,1.025092
8.343337,-1.170153,-0.258009,-0.477413,2.017189,2.461100
8.347339,-0.295420,-0.328377,-0.261941,2.143912,-2.509100
8.351341,-0.945627,-0.395582,-0.006561,2.271335,-1.613198
8.355342,-0.414254,-0.458322,0.120768,2.399431,-0.221389
8.359344,-0.919013,-0.515282,-0.106939,2.528255,2.169697
8.363345,-1.141200,-0.565169,-0.226032,2.657753,-2.258715
8.367347,-0.301940,-0.606739,0.350333,2.787980,-0.699987
8.371349,-0.879975,-0.638839,0.341020,2.918862,0.704586
8.375350,-1.057560,-0.660443,-0.147482,3.050449,1.983728
8.379352,-1.700237,-0.670687,-0.243638,-3.100528,-3.111368
8.383353,-1.516286,-0.668905,-0.092003,-2.967656,-2.752037
8.387355,-1.753769,-0.654664,-0.250328,-2.834211,-2.529358
8.391357,-1.397083,-0.627785,0.280323,-2.700155,-1.076081
8.395358,-0.726682,-0.588366,0.637425,-2.565578,0.542246
8.399360,-1.752652,-0.536796,-0.395948,-2.430453,2.223961
8.403361,-1.197445,-0.473753,-0.185633,-2.294859,-2.251119
8.407363,-0.695010,-0.400208,-0.095077,-2.158781,1.982383
8.411365,-0.925586,-0.317401,-0.510653,-2.022285,-2.454299
8.415366,0.496649,-0.226828,0.536788,-1.885365,-0.817698
8.419368,0.488303,-0.130206,0.413741,-1.748072,0.695295
8.423369,-0.104739,-0.029436,0.064389,-1.610412,1.191151
8.427371,0.133194,0.073439,0.023944,-1.472415,1.517847
8.431373,-1.076730,0.176279,-0.582646,-1.334103,3.062818
8.435374,0.078786,0.276901,0.081342,-1.195485,-1.362803
8.439376,-0.174806,0.373130,0.000834,-1.056601,1.567635
8.443377,-0.216365,0.462852,-0.400302,-0.917442,-2.478965
8.447379,0.998524,0.544072,0.347496,-0.778063,-0.904234
8.451381,0.947815,0.614960,0.397553,-0.638444,0.186989
8.455382,1.595328,0.673905,0.353004,-0.498651,0.703460
8.459384,0.689014,0.719554,-0.162150,-0.358653,1.797038
8.463385,0.664888,0.750851,-0.791033,-0.218525,3.111423
8.467387,0.836356,0.767064,-0.266162,-0.078227,-2.017229
8.471389,1.571551,0.767802,0.093770,0.062162,-1.397374
8.475390,1.955509,0.753029,0.753448,0.202683,-0.486556
8.479392,1.878128,0.723062,0.715362,0.343260,0.855150
8.483393,0.403219,0.678563,-0.682619,0.483933,2.315529
8.487395,0.136194,0.620519,-0.499291,0.624632,-2.515227
8.491397,1.049355,0.550214,-0.015509,0.765395,-1.682130
8.495398,0.276412,0.469199,-0.153254,0.906160,-2.072970
8.499400,1.460079,0.379245,0.311877,1.046960,-0.673034
8.503401,0.673189,0.282305,0.142220,1.187748,0.712551
8.507403,0.981769,0.180459,0.151998,1.328543,-0.394236
8.511405,0.698110,0.075871,0.236630,1.469316,0.955468
8.515406,-0.212939,-0.029270,-0.322345,1.610073,2.390469
8.519408,-0.009445,-0.132792,-0.262802,1.750805,-2.613394
8.523409,-0.354551,-0.232595,-0.025715,1.891501,-1.710085
8.527411,0.449319,-0.326692,0.126796,2.032175,-0.514330
8.531413,-0.294621,-0.413252,-0.046766,2.172804,1.940129
8.535414,0.478957,-0.490631,-0.150980,2.313421,-2.166650
8.539416,0.078885,-0.557402,0.289563,2.453991,-0.568997
8.543417,0.949330,-0.612379,0.205340,2.594567,0.635438
8.547419,-0.392854,-0.654634,0.129699,2.735102,1.023768
8.551421,0.373693,-0.683505,-0.203338,2.875665,2.086061
8.555422,-0.966543,-0.698605,-0.339793,3.016199,-2.743047
8.559424,0.406214,-0.699821,-0.012015,-3.126400,-2.110081
8.563425,-0.540914,-0.687307,-0.453136,-2.985822,-2.610365
8.567427,0.883784,-0.661478,0.547061,-2.845166,-0.983238
8.571429,1.443731,-0.622991,0.884500,-2.704488,0.684709
8.575430,-0.460654,-0.572731,-0.670595,-2.563704,2.388396
8.579432,0.407405,-0.511789,-0.219363,-2.422862,-2.111800
8.583433,0.021134,-0.441437,-0.093427,-2.281885,2.193426
8.587435,-0.078227,-0.363108,-0.304592,-2.140811,-2.097233
8.591437,0.923344,-0.278368,0.767832,-1.999577,-0.412930
8.595438,0.307432,-0.188886,0.331643,-1.858206,1.163860
8.599440,-0.239888,-0.096409,-0.587692,-1.716654,2.605060
8.603441,-0.052584,-0.002728,-0.343200,-1.574926,-2.358390
8.607443,0.850462,0.090350,0.143738,-1.433005,-0.969370
8.611445,0.813282,0.181034,-0.100463,-1.290874,2.657404
8.615446,0.917874,0.267579,-0.060510,-1.148541,-1.689909
8.619448,1.965302,0.348321,0.821795,-1.005971,-0.129390
8.623449,0.958479,0.421702,0.117443,-0.863194,1.437421
8.627451,0.285760,0.486301,-0.622114,-0.720157,3.078350
8.631453,0.738301,0.540861,0.137132,-0.576911,-0.936216
8.635454,0.745477,0.584309,-0.210753,-0.433387,2.081353
8.639456,0.175626,0.615779,-0.607908,-0.289655,-2.579836
8.643457,1.807654,0.634631,0.283608,-0.145637,-1.211213
8.647459,1.938407,0.640467,0.765987,-0.001419,0.027874
8.651461,2.120864,0.633140,0.223852,0.143081,1.235783
8.655462,0.802059,0.612764,-0.431469,0.287769,2.515339
8.659464,1.451448,0.579712,-0.213903,0.432722,-2.390996
8.663465,1.045935,0.534617,0.011121,0.577849,-0.018054
8.667467,1.014490,0.478357,-0.224376,0.723217,-2.733719
8.671469,1.055755,0.412043,0.131093,0.868745,-1.245712
8.675470,1.470445,0.336999,0.480273,1.014483,0.279486
8.679472,0.727798,0.254740,-0.178381,1.160368,1.900444
8.683473,0.315430,0.166935,-0.536298,1.306428,-2.635623
8.687475,1.348161,0.075385,0.503665,1.452622,-0.813115
8.691477,1.181554,-0.018021,0.507166,1.598953,0.988009
8.695478,-0.311315,-0.111341,-1.033735,1.745406,2.720696
8.699480,-0.034252,-0.202621,-0.408508,1.891959,-1.893941
8.703481,1.771107,-0.289934,1.261177,2.038622,-0.270534
8.707483,0.218797,-0.371424,0.278533,2.185349,1.328363
8.711485,-0.576862,-0.445340,-0.832405,2.332175,2.926859
8.715486,-0.452621,-0.510081,-0.061122,2.479033,-1.706389
8.719488,0.263430,-0.564224,0.084732,2.625981,0.560289
8.723489,-0.445575,-0.606560,-0.117739,2.772937,-2.292452
8.727491,0.419291,-0.636118,0.125535,2.919977,-0.687956
8.731493,0.077147,-0.652187,0.010099,3.067011,-1.472444
8.735494,0.858019,-0.654331,0.446789,-3.069058,-0.305088
8.739496,0.895037,-0.642402,0.327443,-2.921948,1.159231
8.743497,-0.256949,-0.616541,-0.868060,-2.774754,2.595723
8.747499,0.309269,-0.577184,-0.693153,-2.627557,-2.329181
8.751501,1.314769,-0.525051,0.375682,-2.480272,-1.101344
8.755502,1.567993,-0.461139,0.583002,-2.332964,-0.141079
8.759504,1.545245,-0.386703,0.498742,-2.185561,0.396531
8.763505,0.651479,-0.303238,0.261380,-2.038111,1.234978
8.767507,0.178857,-0.212452,-0.757738,-1.890558,2.467224
8.771509,-0.622334,-0.116234,-0.624012,-1.742930,-2.451504
8.775510,1.132896,-0.016626,0.095660,-1.595199,-1.235940
8.779512,0.110480,0.084226,-0.275480,-1.447367,-2.247872
8.783513,1.755053,0.184107,0.613457,-1.299438,-0.876526
8.787515,1.741695,0.280787,0.857144,-1.151391,0.608327
8.791517,0.502456,0.372069,-0.318802,-1.003257,2.088815
8.795518,1.019485,0.455843,0.027090,-0.854994,1.052792
8.799520,0.372308,0.530134,-0.270246,-0.706659,1.967157
8.803521,0.226653,0.593154,-1.044320,-0.558191,-2.955434
8.807523,1.070607,0.643353,-0.148345,-0.409669,-1.706750
8.811525,2.667041,0.679458,0.783582,-0.261025,-0.635494
8.815526,2.725964,0.700517,0.865841,-0.112354,0.318562
8.819528,2.292078,0.705932,0.216245,0.036417,1.331357
8.823529,1.088648,0.695477,-0.671075,0.185184,2.442489
8.827531,0.986778,0.669318,-0.694584,0.334018,-2.652051
8.831533,1.473279,0.628007,0.146645,0.482815,-1.347236
8.835534,1.871118,0.572477,0.513389,0.631639,0.175278
8.839536,1.016995,0.504022,-0.184930,0.780393,2.008373
8.843537,0.990069,0.424263,-0.335601,0.929125,-2.361269
8.847539,1.670406,0.335112,0.423269,1.077751,-0.645231
8.851541,1.516778,0.238716,0.294441,1.226298,0.924153
8.855542,0.899741,0.137407,-0.223560,1.374700,2.366260
8.859544,0.816234,0.033632,-0.080906,1.522952,2.746904
8.863545,0.525396,-0.070111,-0.304116,1.671013,2.824421
8.867547,0.197096,-0.171345,-0.290148,1.818846,-2.094319
8.871549,0.955325,-0.267682,0.579180,1.966432,-0.673599
8.875550,0.633050,-0.356891,0.594716,2.113701,0.747741
8.879552,-0.778718,-0.436958,-0.497079,2.260655,2.215172
8.883553,-1.039439,-0.506146,-0.629195,2.407193,-2.468462
8.887555,-0.274044,-0.563034,0.598272,2.553335,-0.672066
8.891557,-0.510207,-0.606560,0.226829,2.698950,1.271673
8.895558,-1.838722,-0.636040,-0.803313,2.844073,-3.105322
8.899560,-0.818014,-0.651177,0.167827,2.988552,-1.337622
8.903561,-0.414442,-0.652060,0.439639,3.132428,0.233108
8.907563,-1.073832,-0.639148,0.134405,-3.007651,0.615764
8.911565,-0.423727,-0.613238,0.200974,-2.865272,1.107155
8.915566,-1.621444,-0.575429,-0.511910,-2.723795,2.514488
8.919568,-0.803123,-0.527076,-0.413281,-2.583184,-2.423388
8.923569,-0.524396,-0.469728,0.008141,-2.443609,-1.548575
8.927571,0.105057,-0.405075,0.257162,-2.305050,-0.944327
8.931573,0.537263,-0.334886,0.521792,-2.167659,0.161254
8.935574,0.172646,-0.260943,0.150899,-2.031435,1.203423
8.939576,0.090996,-0.184991,-0.022602,-1.896505,1.626606
8.943577,-0.258703,-0.108681,-0.573740,-1.762884,2.505687
8.947579,-0.769526,-0.033533,-0.770007,-1.630662,-2.518467
8.951581,1.052138,0.039104,0.321763,-1.499875,-1.227217
8.955582,0.594139,0.108073,0.776817,-1.370561,-0.025438
8.959584,1.028212,0.172425,0.299182,-1.242768,0.979807
8.963585,-0.520790,0.231422,-0.019687,-1.116473,1.622941
8.967587,-0.020874,0.284527,-0.221678,-0.991724,2.149503
8.971589,-1.001577,0.331397,-0.475138,-0.868426,2.956304
8.975590,-0.645223,0.371849,-0.416543,-0.746616,-2.480664
8.979592,-0.037662,0.405842,-0.024962,-0.626121,-1.610583
8.983593,0.228874,0.433440,0.640397,-0.506958,-0.506521
8.987595,0.740706,0.454781,0.447279,-0.388877,0.787853
8.991597,-0.882879,0.470047,-0.117692,-0.271866,2.052368
8.995598,0.069038,0.479435,0.177020,-0.155606,0.922893
8.999600,-1.564686,0.483128,-0.454475,-0.040052,2.318125
9.003601,-0.959585,0.481278,-0.483396,0.075163,-2.421343
9.007603,-0.840512,0.473991,0.132075,0.190105,-0.712559
9.011605,-0.657950,0.461323,-0.440552,0.305158,-2.564232
9.015606,-0.072521,0.443280,0.605138,0.420392,-0.977872
9.019608,1.116877,0.419833,1.044749,0.536169,0.538997
9.023609,-0.985346,0.390933,-0.298270,0.652544,1.906289
9.027611,-0.603647,0.356533,-0.488364,0.769828,2.702358
9.031613,-1.286036,0.316613,-0.686486,0.888053,-2.897198
9.035614,-0.295729,0.271213,0.063973,1.007456,-1.493393
9.039616,0.458259,0.220458,0.570323,1.128047,0.316099
9.043617,-0.836955,0.164590,-0.441407,1.249978,2.988206
9.047619,0.557132,0.103989,0.411516,1.373242,-1.035753
9.051621,0.301209,0.039199,0.845740,1.497904,0.647118
9.055622,-0.768964,-0.029064,-0.543222,1.623950,2.137703
9.059624,-1.577851,-0.099902,-0.712512,1.751370,-2.842531
9.063625,-0.861418,-0.172242,-0.151538,1.880153,-1.906714
9.067627,-1.108493,-0.244844,0.044227,2.010227,-1.464548
9.071629,-0.401415,-0.316329,0.505718,2.141596,-0.664789
9.075630,-0.663724,-0.385200,0.787065,2.274139,0.516157
9.079632,-1.238248,-0.449884,-0.293140,2.407878,1.851825
9.083633,-2.731007,-0.508772,-1.013034,2.542657,-3.048155
9.087635,-1.030988,-0.560270,-0.102307,2.678516,-1.697853
9.091637,-1.297591,-0.602848,0.491894,2.815276,-0.459249
9.095638,-0.740279,-0.635093,0.276378,2.952992,0.716832
9.099640,-2.051827,-0.655762,-0.167681,3.091475,2.299515
9.103641,-1.451373,-0.663827,-0.018862,-3.052396,-1.634609
9.107643,-1.627261,-0.658523,0.535394,-2.912441,0.277279
9.111645,-2.132663,-0.639385,-0.253433,-2.771781,1.903356
9.115646,-2.918270,-0.606276,-0.749321,-2.630595,-2.804965
9.119648,-1.584140,-0.559408,0.224627,-2.488829,-1.168830
9.123649,-1.460350,-0.499349,0.132519,-2.346640,1.033540
9.127651,-1.662378,-0.427022,-0.305889,-2.203991,-2.378848
9.131653,-0.314285,-0.343689,0.585356,-2.061008,-0.649085
9.135654,-0.545456,-0.250927,0.537248,-1.917675,0.873525
9.139656,-0.928575,-0.150589,-0.449570,-1.774083,2.325203
9.143657,-1.148309,-0.044762,-0.223222,-1.630240,-2.763119
9.147659,-0.359904,0.064281,-0.309530,-1.486198,2.642220
9.151661,-1.021134,0.174143,-0.545581,-1.341993,-2.300740
9.155662,1.216205,0.282361,0.714838,-1.197639,-0.797552
9.159664,0.644576,0.386471,0.635027,-1.053199,0.753077
9.163665,0.489825,0.484066,-0.299423,-0.908650,2.347945
9.167667,0.147968,0.572862,0.088318,-0.764077,0.577628
9.171669,0.407291,0.650754,-0.331498,-0.619424,2.326222
9.175670,-0.452198,0.715863,-0.383494,-0.474796,-2.326758
9.179672,0.880239,0.766585,0.253351,-0.330108,-0.717553
9.183673,0.103778,0.801628,0.014212,-0.185478,-1.286418
9.187675,0.779421,0.820042,0.340989,-0.040803,-0.221798
9.191677,0.398667,0.821240,-0.012106,0.103794,1.596586
9.195678,-0.287551,0.805013,-0.369373,0.248424,-2.611445
9.199680,0.941915,0.771534,0.407568,0.392970,-0.242712
9.203681,-0.400603,0.721352,-0.196168,0.537539,1.949482
9.207683,-0.049961,0.655385,-0.468235,0.682028,-2.444701
9.211685,0.223109,0.574895,0.437958,0.826534,-0.732123
9.215686,0.596549,0.481466,0.334911,0.970975,0.841566
9.219688,-0.357908,0.376969,-0.281141,1.115426,2.300311
9.223689,-0.072979,0.263524,-0.303009,1.259833,-2.530476
9.227691,0.179742,0.143460,0.173511,1.404245,-0.976013
9.231693,0.475489,0.019260,0.166904,1.548639,0.689414
9.235694,-0.126872,-0.106478,-0.080989,1.693031,2.380611
9.239696,0.278262,-0.231106,-0.041995,1.837432,-2.998145
9.243697,-0.287801,-0.351973,-0.063355,1.981824,-2.273159
9.247699,0.300331,-0.466482,0.127916,2.126250,-0.673504
9.251701,-0.324869,-0.572150,0.101787,2.270660,0.849638
9.255702,0.061268,-0.666653,0.035124,2.415124,1.144722
9.259704,-0.545390,-0.747887,-0.058943,2.559564,1.748005
9.263705,-0.689818,-0.814011,-0.665750,2.704074,-3.034350
9.267707,-0.280932,-0.863490,0.114081,2.848553,-1.440496
9.271709,0.506999,-0.895134,0.799511,2.993109,0.189659
9.275710,-0.470577,-0.908126,-0.152375,3.137627,1.898408
9.279712,-0.932220,-0.902050,0.024200,-3.000963,-1.358888
9.283713,-0.136806,-0.876899,0.095715,-2.856412,1.328178
9.287715,-1.893343,-0.833087,-0.479405,-2.711794,2.769263
9.291717,-0.432552,-0.771439,-0.413398,-2.567226,-2.491692
9.295718,-0.972612,-0.693181,0.058752,-2.422611,-1.484674
9.299720,0.882197,-0.599914,0.803596,-2.278052,-0.112025
9.303721,-0.030315,-0.493582,0.045620,-2.133471,1.498276
9.307723,-0.243708,-0.376426,-0.158672,-1.988948,-2.412645
9.311725,1.193274,-0.250936,0.373760,-1.844433,0.833736
9.315726,-0.838383,-0.119794,-0.812980,-1.699976,2.498974
9.319728,0.433447,0.014186,-0.859387,-1.555561,-2.352814
9.323729,1.090153,0.148121,0.578374,-1.411201,-1.089452
9.327731,2.390928,0.279130,1.244655,-1.266916,0.092720
9.331733,1.398902,0.404395,0.329001,-1.122684,1.286821
9.335734,0.043253,0.521230,-0.703094,-0.978559,2.409518
9.339736,0.682578,0.627138,-0.749321,-0.834484,-3.001372
9.343737,0.584339,0.719868,-0.386247,-0.690544,-2.093602
9.347739,2.074476,0.797466,0.390333,-0.546653,-0.931288
9.351741,2.030362,0.858317,0.277465,-0.402922,-0.176319
9.355742,2.079840,0.901180,0.509618,-0.259244,-0.265330
9.359744,2.436882,0.925215,0.415811,-0.115747,1.076083
9.363745,0.517567,0.929997,-0.652383,0.027690,2.615029
9.367747,1.437859,0.915523,-0.090460,0.170931,-2.099151
9.371749,0.674646,0.882209,-0.497445,0.314103,2.714459
9.375750,0.704411,0.830871,-0.357768,0.457073,-1.922665
9.379752,2.595545,0.762706,1.047597,0.599962,-0.225750
9.383754,0.916556,0.679258,-0.017256,0.742651,1.594066
9.387755,1.101150,0.582384,-0.313343,0.885243,-2.494501
9.391757,1.077006,0.474207,0.300737,1.027643,-0.243826
9.395758,0.809155,0.357065,0.183810,1.169927,0.853581
9.399760,0.463089,0.233459,-0.037982,1.312031,1.639142
9.403762,-0.921085,0.105994,-0.938830,1.454000,2.975273
9.407763,-0.078861,-0.022674,-0.354252,1.595809,-1.882512
9.411765,0.885309,-0.149903,0.955699,1.737466,-0.513089
9.415766,0.650516,-0.273111,0.672542,1.878987,0.731639
9.419768,-0.358530,-0.389836,-0.226404,2.020341,1.885483
9.423770,-0.993276,-0.497780,-0.555344,2.161588,3.084774
9.427771,-0.497857,-0.594855,-0.136743,2.302656,-2.064832
9.431773,-0.793813,-0.679223,-0.125615,2.443644,-2.239769
9.435774,-0.277291,-0.749328,0.204469,2.584448,-1.140998
9.439776,-0.072988,-0.803922,0.592744,2.725201,0.525856
9.443778,-1.064538,-0.842085,-0.573987,2.865770,2.388575
9.447779,-1.076565,-0.863237,-0.343407,3.006315,-1.966340
9.451781,0.406365,-0.867147,0.983845,-3.136500,-0.115594
9.455782,-0.936488,-0.853927,-0.049983,-2.996134,1.622626
9.459784,-1.356210,-0.824029,-0.715972,-2.855925,-3.018004
9.463786,-0.856806,-0.778231,-0.001759,-2.715704,-1.577351
9.467787,-0.823282,-0.717617,-0.278027,-2.575620,-2.565578
9.471789,-0.257745,-0.643553,0.392338,-2.435514,-1.100840
9.475790,0.583776,-0.557657,1.064273,-2.295517,0.505886
9.479792,-1.247879,-0.461766,-0.726422,-2.155495,2.168793
9.483794,-1.318500,-0.357893,-0.803456,-2.015549,-2.386850
9.487795,0.161318,-0.248194,0.654423,-1.875584,-0.560672
9.491797,-0.292820,-0.134919,0.071205,-1.735659,1.414213
9.495798,-0.660617,-0.020369,-0.212973,-1.595728,-2.764271
9.499800,0.056517,0.093151,0.049579,-1.455803,-0.113495
9.503802,-0.551358,0.203376,-0.141534,-1.315892,-2.744902
9.507803,0.282106,0.308132,0.084521,-1.175958,-1.237975
9.511805,-0.042987,0.405374,0.349286,-1.036063,-0.181810
9.515806,0.414752,0.493233,0.348455,-0.896122,0.953561
9.519808,-0.871240,0.570052,-0.648651,-0.756254,2.371203
9.523810,-0.751260,0.634424,-0.763989,-0.616326,-2.368920
9.527811,0.886945,0.685214,0.701445,-0.476509,-0.781576
9.531813,0.798728,0.721593,0.482098,-0.336635,0.802813
9.535814,0.428823,0.743049,-0.184894,-0.196918,2.226674
9.539816,0.674681,0.749401,-0.071259,-0.057166,1.993444
9.543818,0.371645,0.740800,-0.440151,0.082378,-3.127748
9.547819,0.965535,0.717725,0.009593,0.221915,-1.554401
9.551821,1.268246,0.680969,0.562508,0.361187,0.045894
9.555822,0.831340,0.631617,-0.029096,0.500387,1.642818
9.559824,0.221603,0.571011,-0.182270,0.639263,-2.891047
9.563826,0.781828,0.500721,0.140529,0.777980,0.126946
9.567827,0.040716,0.422495,-0.138407,0.916309,1.938751
9.571829,-0.271750,0.338212,-0.684926,1.054374,-2.899051
9.575830,0.256355,0.249831,0.163618,1.191984,-1.410866
9.579832,1.158835,0.159341,1.191449,1.329205,0.170692
9.583834,-0.504663,0.068701,-0.340375,1.465901,1.872039
9.587835,-1.434561,-0.020202,-0.731577,1.602065,-2.514193
9.591837,0.014177,-0.105607,0.685674,1.737630,-0.357102
9.595838,-1.141796,-0.185916,-0.101260,1.872507,1.707630
9.599840,-1.742587,-0.259732,-0.667265,2.006707,-2.885435
9.603842,-0.810783,-0.325889,-0.028157,2.140058,-1.625415
9.607843,-0.885287,-0.383462,0.327149,2.272654,-0.798686
9.611845,0.005383,-0.431784,0.532775,2.404241,0.257030
9.615846,-1.197132,-0.470444,0.030635,2.534997,1.510018
9.619848,-1.050430,-0.499275,-0.296581,2.664592,2.625894
9.623850,-1.287234,-0.518344,-0.226623,2.793283,-2.863855
9.627851,-1.123666,-0.527926,-0.063374,2.920681,-1.962676
9.631853,-0.655734,-0.528477,-0.038168,3.047111,-2.074434
9.635854,-0.929991,-0.520605,0.030982,-3.111035,-1.438044
9.639856,-0.002912,-0.505030,0.278932,-2.987008,0.121056
9.643858,-0.737556,-0.482555,-0.096083,-2.864421,2.261967
9.647859,-0.248017,-0.454026,0.175454,-2.742855,-0.766128
9.651861,-0.285555,-0.420306,0.198907,-2.622712,1.129195
9.655862,-1.153524,-0.382244,-0.463344,-2.503554,2.766768
9.659864,-0.696932,-0.340652,-0.155229,-2.385725,-2.091873
9.663866,-0.583139,-0.296289,-0.039278,-2.268790,-1.852790
9.667867,-0.660773,-0.249848,0.082362,-2.153003,-1.287407
9.671869,0.213428,-0.201949,0.357709,-2.037956,-0.195190
9.675870,-0.659131,-0.153141,0.327016,-1.923790,0.756156
9.679872,-0.274086,-0.103904,-0.247170,-1.810151,1.980581
9.683874,-1.594984,-0.054659,-0.603730,-1.697048,-2.788070
9.687875,-0.183850,-0.005779,0.178495,-1.584215,-1.028703
9.691877,-1.064471,0.042393,-0.306069,-1.471524,3.061193
9.695878,-0.697700,0.089529,0.257400,-1.358829,-1.309888
9.699880,0.621123,0.135303,1.368976,-1.245869,0.392145
9.703882,-2.098719,0.179374,-0.723198,-1.132643,2.071460
9.707883,-1.846220,0.221376,-0.846594,-1.018772,-2.526166
9.711885,-0.976786,0.260911,0.235280,-0.904416,-0.619701
9.715886,-1.473620,0.297542,-0.425212,-0.789095,-2.805539
9.719888,-0.445809,0.330797,0.306524,-0.673137,-1.172558
9.723890,-0.207571,0.360178,0.700339,-0.555980,0.190073
9.727891,-0.377238,0.385169,0.274266,-0.438108,1.015854
9.731893,-0.987032,0.405257,-0.125464,-0.318893,1.747457
9.735894,-1.717613,0.419947,-0.925073,-0.198944,3.043722
9.739896,-0.841267,0.428784,-0.112972,-0.077594,-1.708626
9.743898,-0.290196,0.431375,0.408535,0.044464,0.146948
9.747899,-0.821449,0.427417,-0.340157,0.167907,-2.819694
9.751901,-0.101448,0.416709,0.541463,0.292001,-0.816612
9.755902,-0.001366,0.399181,0.620441,0.417401,0.877064
9.759904,-1.757333,0.374903,-0.710691,0.543382,2.625743
9.763906,-1.152545,0.344099,0.010900,0.670542,-1.549307
9.767907,-1.272492,0.307151,0.266214,0.798220,1.022501
9.771909,-2.069101,0.264595,-0.659967,0.926918,2.942496
9.775910,-1.853854,0.217123,-0.191613,1.056086,-1.895171
9.779912,-0.975728,0.165561,0.225819,1.186091,-1.066869
9.783914,-1.007259,0.110864,0.662423,1.316535,-0.249095
9.787915,-0.830770,0.054083,0.388072,1.447614,1.120433
9.791917,-2.576581,-0.003653,-0.721239,1.579118,2.721427
9.795918,-1.780418,-0.061168,-0.032985,1.711035,-1.651887
9.799920,-2.057671,-0.117276,-0.013524,1.843376,1.615189
9.803922,-2.854996,-0.170810,-0.532312,1.975903,-2.620024
9.807923,-1.980619,-0.220659,0.291872,2.108861,-1.125010
9.811925,-2.021904,-0.265801,0.614332,2.241777,-0.024838
9.815926,-2.433089,-0.305327,0.419533,2.375139,0.990419
9.819928,-3.486047,-0.338475,-0.712672,2.508241,2.377448
9.823930,-4.162410,-0.364645,-0.670839,2.641805,-2.287064
9.827931,-2.063707,-0.383418,0.732134,2.774908,-0.521609
9.831933,-3.365051,-0.394560,0.115931,2.908486,1.374742
9.835934,-3.151824,-0.398031,-0.405881,3.041441,-3.035611
9.839936,-2.766640,-0.393973,-0.003275,-3.108308,-1.581398
9.843938,-2.343140,-0.382701,0.332751,-2.975609,-0.397854
9.847939,-1.779482,-0.364691,0.215186,-2.842425,1.078950
9.851941,-2.881023,-0.340552,-0.378062,-2.710029,2.663467
9.855942,-1.912406,-0.311007,-0.164796,-2.577158,-2.339346
9.859944,-2.408496,-0.276867,-0.196427,-2.445047,-2.336425
9.863946,-1.742297,-0.239006,0.319147,-2.312488,-1.081868
9.867947,-1.105162,-0.198331,0.899943,-2.180578,0.455604
9.871949,-2.971646,-0.155766,-0.469193,-2.048268,2.004600
9.875950,-2.943372,-0.112221,-0.929990,-1.916404,-2.795434
9.879952,-2.569840,-0.068583,0.075774,-1.784222,-1.461259
9.883954,-1.948794,-0.025691,0.343092,-1.652190,-0.481703
9.887955,-2.312271,0.015674,0.326718,-1.519965,-0.119208
9.891957,-2.567887,0.054799,0.361010,-1.387504,0.814991
9.895958,-3.288603,0.091048,-0.431462,-1.255022,2.264500
9.899960,-4.075905,0.123872,-0.466377,-1.121840,-2.304314
9.903962,-2.499566,0.152806,0.638193,-0.988867,-0.395628
9.907963,-3.607681,0.177478,0.065048,-0.854669,1.487982
9.911965,-4.014157,0.197609,-0.922206,-0.720980,-3.131021
9.915966,-3.157746,0.213015,-0.058331,-0.585516,-1.630413
9.919968,-1.992062,0.223608,0.885228,-0.450940,-0.182285
9.923970,-2.565149,0.229394,0.161241,-0.314052,1.330351
9.927971,-3.272084,0.230478,-0.344580,-0.178508,-3.106882
9.931973,-2.809889,0.227056,0.282202,-0.040183,0.059166
9.935974,-3.585447,0.219412,-0.358929,0.096285,2.210544
9.939976,-4.273334,0.207910,-0.470657,0.235867,-2.275887
9.943978,-3.041759,0.192988,0.515250,0.373039,-0.417831
9.947979,-4.519272,0.175144,-0.131326,0.513413,1.968522
9.951981,-4.168841,0.154927,-0.079708,0.650805,-1.750919
9.955982,-4.389066,0.132919,0.544502,0.791088,0.233164
9.959984,-5.334169,0.109727,-0.322929,0.927807,2.257298
9.963986,-5.510179,0.085961,-0.051101,1.066474,-1.678679
9.967987,-5.389811,0.062224,0.548659,1.200983,0.513949
9.971989,-6.053263,0.039095,-0.487967,1.335499,2.241512
9.975990,-7.106959,0.017110,-0.725536,1.465177,-2.657702
9.979992,-5.278695,-0.003242,0.053586,1.591237,-1.502909
9.983994,-5.943066,-0.021540,0.685088,1.711451,-0.433407
9.987995,-5.228930,-0.037435,0.560392,1.821168,0.723913
9.991997,-7.843121,-0.050664,-0.387738,1.922952,2.142832
9.995998,-8.154311,-0.061052,-0.467740,1.999267,-2.568489
10.000000,-9.011528,-0.068524,-0.000271,2.061561,-1.571945
