time_s,eeg_uv,theta_filtered,gamma_filtered,theta_phase_rad,gamma_phase_rad
0.000000,4.322081,0.145412,0.000850,1.411882,-1.555653
0.004002,2.798024,-0.118543,0.392526,1.669937,0.926075
0.008003,-0.399775,-0.384781,-1.252395,1.868059,2.399788
0.012005,-1.707798,-0.647902,-1.957294,2.031679,-2.666177
0.016006,-0.124031,-0.902545,-0.226403,2.191610,-1.671433
0.020008,2.222377,-1.143522,1.748925,2.332247,-0.680111
0.024010,2.583382,-1.365944,1.832528,2.475355,0.374188
0.028011,1.097443,-1.565326,0.384560,2.605333,1.335201
0.032013,-0.549304,-1.737691,-1.043022,2.739017,2.295435
0.036014,-1.441179,-1.879647,-1.438462,2.863041,-2.968723
0.040016,-1.023211,-1.988459,-0.588058,2.990798,-2.051597
0.044018,-0.251681,-2.062095,0.428427,3.111205,-1.191856
0.048019,-0.034382,-2.099256,1.030039,-3.048196,-0.307753
0.052021,-0.177682,-2.099389,0.859693,-2.930049,0.661171
0.056022,-1.652924,-2.062682,-0.226417,-2.809006,1.781150
0.060024,-2.338484,-1.990041,-0.947435,-2.692241,2.849741
0.064026,-2.402349,-1.883053,-0.810720,-2.573087,-2.514564
0.068027,-1.527811,-1.743937,0.090938,-2.457079,-1.488137
0.072029,-0.572897,-1.575484,0.972696,-2.339179,-0.386607
0.076030,-0.908615,-1.380982,0.752877,-2.223447,0.629188
0.080032,-1.469765,-1.164136,-0.013627,-2.106288,1.585693
0.084034,-2.343640,-0.928989,-0.832967,-1.990437,2.560518
0.088035,-2.232092,-0.679829,-1.021403,-1.873584,-2.714034
0.092037,-1.273102,-0.421104,-0.155903,-1.757268,-1.701909
0.096038,0.077317,-0.157338,0.899633,-1.640332,-0.772234
0.100040,0.723947,0.106960,1.465180,-1.523242,0.195403
0.104042,-0.029218,0.367368,0.445027,-1.405863,1.315018
0.108043,-1.718409,0.619634,-1.435950,-1.287715,2.459299
0.112045,-1.581647,0.859731,-1.701728,-1.169554,-2.776438
0.116046,0.056462,1.083926,-0.474499,-1.050086,-1.829597
0.120048,2.113792,1.288821,1.297368,-0.930828,-0.884030
0.124050,3.330686,1.471401,2.279221,-0.809809,0.152394
0.128051,1.743613,1.629067,0.760547,-0.689167,1.251436
0.132053,-0.576222,1.759658,-1.596769,-0.566408,2.311526
0.136054,-1.245405,1.861467,-2.311253,-0.444132,-2.989964
0.140056,0.163440,1.933249,-1.052233,-0.319491,-2.020279
0.144058,2.767159,1.974222,1.303564,-0.195386,-1.026429
0.148059,3.979984,1.984062,2.566761,-0.068796,-0.015797
0.152061,2.808720,1.962896,1.405343,0.057254,0.988750
0.156062,0.122547,1.911293,-0.971527,0.185769,1.955502
0.160064,-1.686701,1.830240,-2.739993,0.313783,2.931718
0.164066,-1.002481,1.721129,-2.050132,0.444096,-2.303382
0.168067,2.306873,1.585728,1.126649,0.573985,-1.206892
0.172069,4.324376,1.426163,3.027310,0.705867,-0.106385
0.176070,2.739789,1.244892,1.594242,0.837428,0.959814
0.180072,-0.045707,1.044678,-0.992017,0.970554,1.971848
0.184074,-1.700683,0.828560,-2.379602,1.103476,2.975772
0.188075,-0.995556,0.599822,-1.473742,1.237452,-2.285872
0.192077,1.060254,0.361949,0.505367,1.371355,-1.316922
0.196078,2.172601,0.118595,1.751891,1.505764,-0.413159
0.200080,2.164187,-0.126460,1.691846,1.640239,0.549107
0.204082,0.065910,-0.369360,-0.072633,1.774684,1.606495
0.208083,-1.839436,-0.606218,-1.772379,1.909335,2.696995
0.212085,-1.827067,-0.833176,-1.477887,2.043482,-2.531046
0.216086,-0.409511,-1.046463,0.083769,2.177968,-1.521104
0.220088,0.839613,-1.242458,1.447136,2.311574,-0.468538
0.224090,0.454632,-1.417751,1.160936,2.445643,0.646489
0.228091,-1.099456,-1.569210,-0.157435,2.578575,1.705886
0.232093,-1.925270,-1.694043,-0.823316,2.712074,2.586588
0.236094,-2.367741,-1.789864,-0.957495,2.844303,-2.849821
0.240096,-1.754942,-1.854746,-0.292385,2.977177,-1.836957
0.244098,-0.861088,-1.887282,0.837650,3.108769,-0.721503
0.248099,-0.681612,-1.886622,0.929802,-3.042133,0.351161
0.252101,-1.590391,-1.852513,0.257997,-2.911038,1.282477
0.256102,-2.251753,-1.785323,-0.597675,-2.779236,2.227177
0.260104,-2.853595,-1.686050,-1.051495,-2.648444,-3.015387
0.264106,-2.008411,-1.556324,-0.461810,-2.516959,-2.009037
0.268107,-0.912615,-1.398386,0.581451,-2.386235,-1.054959
0.272109,-0.036956,-1.215061,1.356776,-2.254862,-0.034305
0.276110,-0.408702,-1.009708,0.717499,-2.123952,1.071249
0.280112,-1.939470,-0.786162,-0.844426,-1.992458,2.168754
0.284114,-1.980151,-0.548659,-1.447627,-1.861097,3.141308
0.288115,-1.304740,-0.301750,-0.993838,-1.729230,-2.249343
0.292117,0.870929,-0.050215,0.586663,-1.597156,-1.249569
0.296118,2.423019,0.201048,1.972071,-1.464660,-0.183713
0.300120,2.149021,0.447122,1.382574,-1.331617,0.827093
0.304122,0.259637,0.683185,-0.479078,-1.198237,1.789958
0.308123,-1.214009,0.904608,-2.376110,-1.063988,2.814043
0.312125,-0.762086,1.107062,-1.961439,-0.929478,-2.375068
0.316126,2.594229,1.286606,0.749781,-0.793812,-1.288783
0.320128,4.211999,1.439777,2.457035,-0.657949,-0.286243
0.324130,4.045185,1.563665,2.053613,-0.520700,0.663895
0.328131,1.407572,1.655972,-0.286833,-0.383303,1.673396
0.332133,-1.093565,1.715061,-2.657741,-0.244361,2.733894
0.336134,-0.727228,1.739981,-2.298690,-0.105301,-2.504556
0.340136,1.743201,1.730486,0.234942,0.035377,-1.487114
0.344138,4.112841,1.687029,2.473495,0.176156,-0.468098
0.348139,3.680353,1.610749,2.281771,0.318524,0.557078
0.352141,1.153411,1.503439,0.016802,0.460986,1.564244
0.356142,-1.292269,1.367506,-2.055532,0.604895,2.542346
0.360144,-1.807486,1.205907,-2.322875,0.748899,-2.753337
0.364146,0.008897,1.022084,-0.393638,0.894103,-1.727343
0.368147,2.333359,0.819887,1.902118,1.039407,-0.688284
0.372149,2.477178,0.603492,2.227613,1.185574,0.350900
0.376150,0.524702,0.377319,0.363196,1.331847,1.409086
0.380152,-1.895117,0.145937,-1.615588,1.478580,2.471922
0.384154,-2.132327,-0.086024,-1.709970,1.625424,-2.788318
0.388155,-1.041591,-0.313963,-0.392292,1.772301,-1.813407
0.392157,0.327166,-0.533402,1.005214,1.919297,-0.843265
0.396158,0.705014,-0.740064,1.383431,2.065921,0.152819
0.400160,-0.322732,-0.929956,0.521794,2.212676,1.144271
0.404162,-1.517238,-1.099436,-0.574488,2.358714,2.088430
0.408163,-2.302965,-1.245285,-1.152771,2.504902,3.044315
0.412165,-1.992082,-1.364759,-0.696879,2.650119,-2.208171
0.416166,-0.750232,-1.455645,0.464906,2.795509,-1.146108
0.420168,-0.332260,-1.516295,1.045802,2.939784,-0.090195
0.424170,-0.532467,-1.545655,0.557081,3.084258,0.946934
0.428171,-1.616816,-1.543285,-0.294486,-3.055596,1.915571
0.432173,-1.858335,-1.509367,-0.841602,-2.912040,2.827267
0.436174,-1.964337,-1.444698,-0.781841,-2.769547,-2.485288
0.440176,-0.864736,-1.350685,0.126734,-2.626813,-1.453210
0.444178,-0.023998,-1.229309,1.028349,-2.484968,-0.437846
0.448179,0.037972,-1.083100,1.063455,-2.342873,0.527507
0.452181,-0.887801,-0.915081,0.074092,-2.201422,1.519599
0.456182,-2.271940,-0.728722,-1.460736,-2.059724,2.599801
0.460184,-2.118041,-0.527867,-1.565463,-1.918375,-2.574211
0.464186,-0.090641,-0.316668,0.106911,-1.776791,-1.514739
0.468187,1.739263,-0.099498,1.747872,-1.635239,-0.501238
0.472189,2.020059,0.119130,1.835447,-1.493474,0.532180
0.476190,0.197219,0.334661,-0.047602,-1.351417,1.592301
0.480192,-1.580626,0.542587,-1.926654,-1.209176,2.632048
0.484194,-1.243400,0.738542,-1.947930,-1.066338,-2.663322
0.488195,0.639033,0.918396,-0.282964,-0.923346,-1.695530
0.492197,3.256823,1.078341,1.847657,-0.779497,-0.693722
0.496198,3.759266,1.214979,2.334828,-0.635528,0.330369
0.500200,2.173482,1.325400,0.576489,-0.490502,1.336873
0.504202,-0.235300,1.407248,-1.751746,-0.345391,2.330333
0.508203,-0.888349,1.458779,-2.578607,-0.199104,-2.946241
0.512205,0.985027,1.478898,-0.938026,-0.052766,-1.927827
0.516206,3.802913,1.467190,1.654382,0.094775,-0.910680
0.520208,4.970125,1.423931,2.688178,0.242331,0.100084
0.524210,3.273682,1.350090,1.195286,0.391011,1.118298
0.528211,0.294548,1.247305,-1.547334,0.539665,2.165893
0.532213,-1.207612,1.117849,-2.682733,0.689263,-3.049101
0.536214,0.266893,0.964579,-1.035862,0.838794,-1.993955
0.540216,2.442045,0.790862,1.302117,0.989002,-0.973007
0.544218,3.076295,0.600508,2.135897,1.139101,0.017122
0.548219,1.752559,0.397675,1.098291,1.289546,0.996973
0.552221,-0.623133,0.186777,-0.800485,1.439841,1.991104
0.556222,-2.116078,-0.027616,-1.902075,1.590116,3.010131
0.560224,-1.679819,-0.240889,-1.125555,1.740207,-2.221258
0.564226,-0.028311,-0.448478,0.716519,1.889916,-1.140059
0.568227,0.654683,-0.645980,1.460107,2.039419,-0.084195
0.572229,-0.166440,-0.829241,0.796887,2.188218,0.866600
0.576230,-1.279124,-0.994444,-0.225133,2.336803,1.765071
0.580232,-2.331984,-1.138193,-1.110799,2.484431,2.763535
0.584234,-2.211238,-1.257574,-0.880590,2.631848,-2.439776
0.588235,-1.105759,-1.350215,0.179417,2.778141,-1.392392
0.592237,-0.535710,-1.414327,0.791083,2.924237,-0.466692
0.596238,-0.371956,-1.448732,0.809394,3.069138,0.427698
0.600240,-1.059668,-1.452877,0.142040,-3.069322,1.420017
0.604242,-1.855295,-1.426839,-0.746988,-2.925770,2.439306
0.608243,-2.034516,-1.371307,-0.997636,-2.782369,-2.844636
0.612245,-1.204163,-1.287569,-0.264947,-2.640039,-1.802045
0.616246,0.110719,-1.177467,0.932721,-2.497836,-0.713897
0.620248,0.482474,-1.043362,1.177986,-2.356532,0.345762
0.624250,-0.303057,-0.888072,0.299566,-2.215336,1.338599
0.628251,-1.374597,-0.714816,-1.018637,-2.074815,2.336254
0.632253,-1.758936,-0.527149,-1.620330,-1.934384,-2.873227
0.636255,-0.203750,-0.328887,-0.346429,-1.794374,-1.766430
0.640256,1.714145,-0.124034,1.331045,-1.654442,-0.713011
0.644258,2.039893,0.083295,1.703475,-1.514662,0.261286
0.648259,1.071724,0.288954,0.621631,-1.374949,1.232682
0.652261,-0.968231,0.488840,-1.236671,-1.235121,2.238549
0.656263,-1.540358,0.678974,-2.068835,-1.095351,-3.045169
0.660264,-0.396681,0.855566,-1.048890,-0.955219,-2.071671
0.664266,2.053957,1.015090,1.102840,-0.815135,-1.086750
0.668267,3.663897,1.154348,2.562304,-0.674481,-0.056724
0.672269,2.488146,1.270535,1.448052,-0.533870,0.996503
0.676271,-0.068544,1.361290,-1.181865,-0.392529,2.028683
0.680272,-1.631145,1.424745,-2.679040,-0.251224,3.031609
0.684274,-0.282179,1.459562,-1.728082,-0.109093,-2.245237
0.688275,2.560203,1.464964,0.976787,0.033012,-1.217296
0.692277,4.732029,1.440755,2.752108,0.175968,-0.180432
0.696279,3.596382,1.387329,1.801550,0.318903,0.842255
0.700280,1.085616,1.305675,-0.704151,0.462640,1.842744
0.704282,-1.071419,1.197358,-2.468330,0.606357,2.844993
0.708283,-0.446971,1.064493,-1.892745,0.750760,-2.420570
0.712285,1.642907,0.909710,0.374291,0.895142,-1.414826
0.716287,3.565326,0.736097,2.125559,1.040036,-0.433547
0.720288,3.127154,0.547151,1.997922,1.184908,0.572417
0.724290,0.812755,0.346700,-0.188923,1.330072,1.649333
0.728291,-1.659533,0.138834,-2.131308,1.475209,2.776215
0.732293,-1.254197,-0.072191,-1.454355,1.620396,-2.402145
0.736295,0.187003,-0.282037,0.276963,1.765549,-1.399783
0.740296,0.947949,-0.486379,1.293651,1.910509,-0.474082
0.744298,0.754104,-0.681000,1.216703,2.055433,0.505172
0.748299,-0.804180,-0.861881,0.051289,2.199943,1.530681
0.752301,-1.953440,-1.025285,-0.917187,2.344413,2.509689
0.756303,-2.371785,-1.167846,-1.024293,2.488287,-2.846463
0.760304,-1.788074,-1.286638,-0.324334,2.632120,-1.876927
0.764306,-0.793184,-1.379238,0.697364,2.775227,-0.852763
0.768307,-0.508545,-1.443779,1.000471,2.918292,0.156931
0.772309,-1.060852,-1.478986,0.412978,3.060563,1.148025
0.776311,-1.999139,-1.484200,-0.594401,-3.080392,2.185739
0.780312,-2.431063,-1.459390,-1.004640,-2.938965,-3.045448
0.784314,-1.671050,-1.405148,-0.468871,-2.797579,-2.071653
0.788315,-0.814764,-1.322674,0.432859,-2.656945,-1.140891
0.792317,0.150731,-1.213740,1.158880,-2.516358,-0.138948
0.796319,-0.232395,-1.080651,0.778408,-2.376421,0.910368
0.800320,-1.250857,-0.926191,-0.465062,-2.236535,1.928426
0.804322,-1.935873,-0.753557,-1.393739,-2.097158,2.902472
0.808323,-1.385834,-0.566291,-1.180573,-1.957840,-2.387077
0.812325,0.513217,-0.368206,0.387761,-1.818861,-1.354315
0.816327,2.226516,-0.163300,1.849218,-1.679950,-0.325401
0.820328,2.051722,0.044324,1.639741,-1.541191,0.692836
0.824330,0.159432,0.250543,-0.406027,-1.402507,1.744120
0.828331,-1.828452,0.451293,-2.385659,-1.263781,2.832640
0.832333,-0.881298,0.642648,-1.796758,-1.125134,-2.371759
0.836335,1.607935,0.820891,0.529298,-0.986261,-1.349790
0.840336,3.577682,0.982584,2.218903,-0.847466,-0.384512
0.844338,3.405515,1.124631,2.091335,-0.708283,0.584660
0.848339,1.195917,1.244331,-0.071613,-0.569174,1.597680
0.852341,-1.285966,1.339424,-2.417562,-0.429543,2.634353
0.856343,-1.203213,1.408129,-2.428682,-0.289974,-2.613605
0.860344,1.259707,1.449167,-0.035965,-0.149790,-1.583543
0.864346,3.857601,1.461788,2.369088,-0.009650,-0.560728
0.868347,3.846326,1.445773,2.485733,0.131149,0.450923
0.872349,1.572183,1.401447,0.308628,0.271925,1.457949
0.876351,-1.187176,1.329666,-2.136515,0.413352,2.469501
0.880352,-1.583754,1.231804,-2.549974,0.554777,-2.794237
0.884354,0.396888,1.109726,-0.520222,0.696797,-1.766966
0.888355,3.138817,0.965755,1.930929,0.838842,-0.730938
0.892357,3.393884,0.802636,2.344228,0.981378,0.318208
0.896359,1.572208,0.623491,0.448764,1.123963,1.371078
0.900360,-0.926241,0.431763,-1.467870,1.266897,2.395379
0.904362,-1.210517,0.231157,-1.718621,1.409899,-2.907071
0.908363,-0.564644,0.025572,-0.576785,1.553086,-1.942194
0.912365,0.914724,-0.180972,0.774053,1.696359,-0.996261
0.916367,1.235306,-0.384406,1.323287,1.839645,-0.105872
0.920368,0.839027,-0.580689,0.972428,1.983034,0.810740
0.924370,-0.816836,-0.765891,-0.475105,2.126272,1.877733
0.928371,-2.256881,-0.936262,-1.609982,2.269626,3.068293
0.932373,-1.424505,-1.088321,-0.598961,2.412687,-1.998721
0.936375,-0.344173,-1.218923,0.727500,2.555874,-0.876897
0.940376,-0.325982,-1.325330,0.911338,2.698660,0.049481
0.944378,-0.794223,-1.405270,0.542683,2.841577,0.926357
0.948379,-1.909105,-1.456996,-0.356901,2.984028,1.946548
0.952381,-2.505694,-1.479324,-0.975315,3.126612,3.039571
0.956383,-2.196313,-1.471668,-0.533425,-3.014477,-2.194296
0.960384,-1.334261,-1.434061,0.253652,-2.872254,-1.270447
0.964386,-0.734172,-1.367158,0.856574,-2.730496,-0.403624
0.968387,-0.633656,-1.272231,0.944566,-2.588620,0.569065
0.972389,-1.513196,-1.151147,-0.094570,-2.447147,1.643126
0.976391,-2.625021,-1.006331,-1.305293,-2.305573,2.735200
0.980392,-2.145470,-0.840719,-1.185574,-2.164307,-2.500310
0.984394,-0.573823,-0.657695,0.119677,-2.022961,-1.494383
0.988395,1.056746,-0.461024,1.512351,-1.881805,-0.473722
0.992397,1.329350,-0.254765,1.513813,-1.740595,0.566640
0.996399,-0.197913,-0.043186,-0.013442,-1.599442,1.578108
1.000400,-1.350642,0.169331,-1.594713,-1.458261,2.550097
1.004402,-1.533188,0.378382,-1.927567,-1.317001,-2.755362
1.008403,0.559319,0.579640,-0.402588,-1.175739,-1.750106
1.012405,2.960248,0.768945,1.782822,-1.034269,-0.733596
1.016407,3.720724,0.942398,2.420194,-0.892823,0.278905
1.020408,2.075573,1.096440,0.729873,-0.751058,1.290427
1.024410,-0.761988,1.227933,-1.861105,-0.609339,2.312769
1.028411,-1.356923,1.334218,-2.765668,-0.467212,-2.937773
1.032413,0.406658,1.413167,-0.937326,-0.325147,-1.909289
1.036415,3.563989,1.463226,1.723975,-0.182618,-0.900360
1.040416,4.436722,1.483440,2.737762,-0.040164,0.088753
1.044418,2.954778,1.473473,1.293730,0.102772,1.087356
1.048419,-0.138957,1.433605,-1.460738,0.245625,2.119669
1.052421,-1.768881,1.364726,-2.705670,0.388935,-3.123985
1.056423,-0.411186,1.268302,-1.339728,0.532162,-2.121044
1.060424,1.711697,1.146346,1.038257,0.675787,-1.143120
1.064426,3.295723,1.001369,2.494488,0.819335,-0.135102
1.068427,2.021694,0.836328,1.527143,0.963188,0.909232
1.072429,-0.591753,0.654568,-0.887556,1.106973,1.952911
1.076431,-2.188869,0.459747,-2.243368,1.250942,2.979428
1.080432,-1.574525,0.255772,-1.410902,1.394858,-2.268499
1.084434,0.641816,0.046712,0.739468,1.538824,-1.207792
1.088435,1.678634,-0.163272,1.872168,1.682757,-0.149048
1.092437,0.853322,-0.370006,1.073747,1.826605,0.879703
1.096439,-0.882338,-0.569382,-0.471045,1.970442,1.889420
1.100440,-1.978182,-0.757436,-1.287306,2.114070,2.884382
1.104442,-1.726347,-0.930417,-0.912663,2.257709,-2.451550
1.108443,-0.977517,-1.084865,0.037746,2.401035,-1.537192
1.112445,-0.037888,-1.217673,0.951400,2.544398,-0.577219
1.116447,-0.052344,-1.326145,1.032960,2.687375,0.438332
1.120448,-0.980699,-1.408054,0.132396,2.830413,1.453002
1.124450,-2.088304,-1.461684,-0.895055,2.973030,2.452937
1.128451,-2.417702,-1.485866,-1.173786,3.115730,-2.774157
1.132453,-1.346608,-1.480010,-0.083209,-3.025174,-1.633872
1.136455,-0.183525,-1.444120,1.111877,-2.882792,-0.475229
1.140456,-0.411161,-1.378801,0.890215,-2.740790,0.594608
1.144458,-1.288263,-1.285255,0.079869,-2.598674,1.486529
1.148459,-1.985819,-1.165264,-0.696411,-2.456867,2.317906
1.152461,-2.493897,-1.021161,-1.218131,-2.314939,-3.003196
1.156463,-1.572666,-0.855792,-0.523723,-2.173224,-1.950373
1.160464,-0.013930,-0.672466,0.961454,-2.031390,-0.892994
1.164466,0.818603,-0.474887,1.615041,-1.889657,0.137355
1.168467,0.026166,-0.267087,0.715613,-1.747811,1.148366
1.172469,-1.511605,-0.053338,-1.042735,-1.605944,2.153038
1.176471,-2.163078,0.161931,-2.083793,-1.463978,-3.116040
1.180472,-0.783146,0.374229,-1.114486,-1.321871,-2.083071
1.184474,1.991641,0.579101,1.220123,-1.179684,-1.041962
1.188475,3.482659,0.772227,2.511195,-1.037246,-0.007267
1.192477,2.349173,0.949517,1.352502,-0.894751,1.016334
1.196479,-0.151209,1.107207,-1.153065,-0.751914,2.029221
1.200480,-1.618038,1.241944,-2.615793,-0.609043,3.032497
1.204482,-0.330835,1.350859,-1.681080,-0.465762,-2.255502
1.208483,2.410943,1.431637,0.823533,-0.322470,-1.261134
1.212485,4.645968,1.482567,2.668422,-0.178736,-0.253166
1.216487,3.944681,1.502587,1.992713,-0.035016,0.770132
1.220488,1.297440,1.491307,-0.604375,0.109143,1.792458
1.224490,-0.863703,1.449021,-2.564220,0.253261,2.804962
1.228491,-0.557618,1.376696,-2.108899,0.397776,-2.463808
1.232493,1.956630,1.275943,0.366414,0.542228,-1.434238
1.236495,3.744774,1.148986,2.417418,0.687003,-0.396436
1.240496,3.351908,0.998599,2.031399,0.831692,0.625145
1.244498,0.497205,0.828050,-0.137074,0.976595,1.627185
1.248499,-1.600405,0.641018,-2.140654,1.121391,2.653883
1.252501,-2.065036,0.441504,-1.957215,1.266272,-2.554641
1.256503,0.192006,0.233743,0.195969,1.411027,-1.478142
1.260504,1.324766,0.022101,1.615649,1.555726,-0.472313
1.264506,1.113282,-0.189014,1.458923,1.700287,0.455219
1.268507,-0.304898,-0.395255,0.260558,1.844650,1.404166
1.272509,-2.100401,-0.592422,-1.125035,1.988868,2.410217
1.276511,-2.481808,-0.776550,-1.359285,2.132754,-2.873781
1.280512,-1.823606,-0.943993,-0.431084,2.276491,-1.895118
1.284514,-0.531022,-1.091489,0.868098,2.419787,-0.866870
1.288515,-0.090855,-1.216223,1.249403,2.562937,0.215362
1.292517,-1.131698,-1.315873,0.326744,2.705567,1.285478
1.296519,-2.009584,-1.388645,-0.726137,2.848060,2.324420
1.300520,-2.446758,-1.433303,-0.953068,2.989990,-2.909650
1.304522,-1.574602,-1.449175,-0.266488,3.131797,-1.886228
1.308523,-0.999088,-1.436161,0.400450,-3.010145,-1.018049
1.312525,-0.429617,-1.394722,0.844093,-2.869010,-0.210149
1.316527,-0.477325,-1.325858,0.761224,-2.728401,0.806467
1.320528,-1.557629,-1.231082,-0.471180,-2.587879,1.952039
1.324530,-2.259335,-1.112385,-1.290629,-2.447809,3.070202
1.328531,-1.421050,-0.972189,-0.765784,-2.307804,-2.204842
1.332533,-0.191742,-0.813303,0.453719,-2.168148,-1.241233
1.336535,1.171637,-0.638863,1.539795,-2.028533,-0.219828
1.340536,0.534649,-0.452276,1.136355,-1.889141,0.839757
1.344538,-0.912220,-0.257158,-0.535755,-1.749765,1.881473
1.348539,-2.214277,-0.057268,-1.722591,-1.610471,2.884069
1.352541,-1.437602,0.143552,-1.376551,-1.471170,-2.424189
1.356543,0.240813,0.341449,0.190289,-1.331807,-1.470464
1.360544,2.189474,0.532621,1.770238,-1.192414,-0.529695
1.364546,2.453838,0.713385,2.092000,-1.052823,0.448908
1.368547,0.623525,0.880247,0.185061,-0.913182,1.499804
1.372549,-1.915400,1.029958,-2.343696,-0.773222,2.588356
1.376551,-1.801446,1.159578,-2.378717,-0.633192,-2.629474
1.380552,0.831635,1.266527,-0.136470,-0.492741,-1.622030
1.384554,3.237811,1.348638,2.172229,-0.352206,-0.641010
1.388555,4.040916,1.404202,2.640961,-0.211184,0.373293
1.392557,1.532306,1.432010,0.423508,-0.070066,1.424469
1.396559,-1.002699,1.431380,-2.257868,0.071571,2.476331
1.400560,-1.557197,1.402179,-2.603442,0.213311,-2.770890
1.404562,0.896723,1.344834,-0.447733,0.355566,-1.737529
1.408563,3.298510,1.260330,1.925038,0.497930,-0.708998
1.412565,3.718396,1.150201,2.235832,0.640768,0.277562
1.416567,2.073102,1.016515,0.794093,0.783715,1.202975
1.420568,-0.249823,0.861831,-1.237653,0.927058,2.140351
1.424570,-1.706883,0.689166,-2.452474,1.070505,-3.111443
1.428571,-0.533749,0.501926,-1.044321,1.214246,-2.008688
1.432573,1.867280,0.303849,1.387904,1.358082,-0.909552
1.436575,2.257059,0.098926,1.964713,1.502094,0.124685
1.440576,0.834914,-0.108678,0.799797,1.646192,1.107058
1.444578,-1.151015,-0.314707,-0.858934,1.790337,2.110787
1.448579,-2.319446,-0.514909,-1.514440,1.934555,-3.141302
1.452581,-1.669052,-0.705129,-0.718115,2.078695,-2.146072
1.456583,-0.861219,-0.881396,0.429754,2.222892,-1.200451
1.460584,-0.146443,-1.040014,1.088957,2.366901,-0.224278
1.464586,-0.665296,-1.177641,0.718557,2.510953,0.780079
1.468587,-1.591040,-1.291367,-0.116221,2.654727,1.700086
1.472589,-2.327613,-1.378771,-0.788534,2.798532,2.569800
1.476591,-2.715863,-1.437986,-0.985313,2.941997,-2.701914
1.480592,-1.711227,-1.467732,-0.001776,3.085479,-1.572275
1.484594,-0.654975,-1.467349,1.113016,-3.054595,-0.429312
1.488595,-0.804721,-1.436810,0.944561,-2.911480,0.672997
1.492597,-1.761654,-1.376720,-0.199014,-2.768735,1.737004
1.496599,-2.635329,-1.288304,-1.132935,-2.625998,2.774495
1.500600,-2.102095,-1.173377,-1.006679,-2.483600,-2.505138
1.504602,-0.869169,-1.034307,0.088382,-2.341221,-1.505401
1.508603,0.674709,-0.873956,1.318751,-2.199126,-0.457366
1.512605,0.677888,-0.695626,1.225686,-2.057059,0.606259
1.516607,-0.433350,-0.502979,-0.015341,-1.915197,1.581535
1.520608,-1.354148,-0.299961,-1.143811,-1.773371,2.442507
1.524610,-1.691938,-0.090723,-1.757454,-1.631656,-2.918941
1.528611,-0.203283,0.120469,-0.628965,-1.489983,-1.867413
1.532613,2.390759,0.329318,1.688583,-1.348322,-0.769747
1.536615,3.124073,0.531588,2.294659,-1.206705,0.297786
1.540616,1.404405,0.723185,0.610055,-1.065004,1.317241
1.544618,-0.888089,0.900241,-1.733028,-0.923344,2.328926
1.548619,-1.713338,1.059184,-2.539471,-0.781507,-2.925054
1.552621,0.359816,1.196810,-0.842893,-0.639705,-1.898847
1.556623,2.845530,1.310341,1.632992,-0.497648,-0.894207
1.560624,4.119254,1.397476,2.614542,-0.355619,0.100167
1.564626,2.354071,1.456440,1.200726,-0.213279,1.102878
1.568627,-0.193920,1.486015,-1.373220,-0.070955,2.110989
1.572629,-1.808682,1.485560,-2.657854,0.071711,3.108096
1.576631,-0.485054,1.455028,-1.548095,0.214376,-2.185676
1.580632,2.114094,1.394961,1.048700,0.357390,-1.178275
1.584634,3.943083,1.306486,2.733474,0.500420,-0.147403
1.588635,2.837969,1.191297,1.722472,0.643779,0.886827
1.592637,-0.090549,1.051625,-0.911482,0.787168,1.918319
1.596639,-1.861157,0.890202,-2.581010,0.930838,2.968221
1.600640,-1.058357,0.710205,-1.532419,1.074552,-2.239280
1.604642,1.471879,0.515205,0.831133,1.218481,-1.179207
1.608643,2.428974,0.309094,1.810459,1.362467,-0.205616
1.612645,1.851171,0.096017,1.309029,1.506587,0.689837
1.616647,0.316511,-0.119708,-0.115044,1.650775,1.638223
1.620648,-1.600849,-0.333675,-1.499220,1.795007,2.660585
1.624650,-1.568338,-0.541480,-1.388347,1.939312,-2.599357
1.628651,-0.716439,-0.738812,-0.009603,2.083570,-1.576846
1.632653,0.691263,-0.921545,1.374918,2.227903,-0.494971
1.636655,0.080136,-1.085827,1.150791,2.372108,0.630844
1.640656,-1.281152,-1.228165,-0.139255,2.516386,1.689544
1.644658,-2.349920,-1.345500,-0.852930,2.660468,2.575192
1.648659,-2.524573,-1.435285,-1.018870,2.804619,-2.816199
1.652661,-2.035284,-1.495538,-0.208733,2.948525,-1.750014
1.656663,-0.695565,-1.524901,0.906552,3.092490,-0.637439
1.660664,-1.015528,-1.522664,0.940090,-3.047001,0.375637
1.664666,-1.345819,-1.488793,0.277515,-2.903260,1.284501
1.668667,-2.537738,-1.423932,-0.650586,-2.759791,2.231254
1.672669,-2.646414,-1.329393,-1.140561,-2.616290,-3.051502
1.676671,-2.049243,-1.207130,-0.573765,-2.473042,-2.056345
1.680672,-0.484452,-1.059699,0.674003,-2.329782,-1.052064
1.684674,0.510253,-0.890200,1.502054,-2.186735,-0.001067
1.688675,-0.056107,-0.702209,0.763818,-2.043696,1.066519
1.692677,-1.394086,-0.499698,-0.798608,-1.900816,2.089623
1.696679,-1.999397,-0.286945,-1.697706,-1.757964,3.064984
1.700680,-1.110832,-0.068439,-1.147784,-1.615207,-2.218501
1.704682,1.299598,0.151218,0.843855,-1.472499,-1.159501
1.708683,2.805929,0.367416,2.206511,-1.329821,-0.076458
1.712685,2.120093,0.575638,1.234720,-1.187211,0.973389
1.716687,-0.000622,0.771563,-0.815591,-1.044565,1.955490
1.720688,-1.022853,0.951151,-2.216879,-0.902006,2.908985
1.724690,-0.501033,1.110735,-1.798891,-0.759351,-2.385319
1.728691,2.265453,1.247090,0.534402,-0.616796,-1.366895
1.732693,4.385033,1.357499,2.597983,-0.474100,-0.353114
1.736695,4.032170,1.439810,2.318700,-0.331516,0.660634
1.740696,1.125339,1.492469,-0.426360,-0.188762,1.707570
1.744698,-1.785097,1.514551,-3.011005,-0.046128,2.789625
1.748699,-0.970091,1.505763,-2.320083,0.096690,-2.417424
1.752701,1.759793,1.466444,0.514261,0.239388,-1.392119
1.756703,4.065882,1.397549,2.544130,0.382263,-0.408652
1.760704,3.488678,1.300620,2.272368,0.525022,0.592925
1.764706,1.010670,1.177751,-0.142722,0.667930,1.624691
1.768707,-1.538235,1.031537,-2.157001,0.810727,2.637188
1.772709,-1.526699,0.865018,-2.079825,0.953629,-2.679884
1.776711,0.081759,0.681609,-0.296246,1.096433,-1.699440
1.780712,2.217034,0.485033,1.804291,1.239286,-0.653673
1.784714,2.373016,0.279244,1.912518,1.382056,0.403480
1.788715,0.457025,0.068353,0.338441,1.524812,1.386635
1.792717,-1.193378,-0.143450,-1.239284,1.667503,2.333334
1.796719,-2.239752,-0.351979,-1.786759,1.810112,-2.903715
1.800720,-0.868472,-0.553130,-0.346146,1.952677,-1.770773
1.804722,0.480172,-0.742955,1.155090,2.095097,-0.667850
1.808723,0.365607,-0.917739,1.166749,2.237494,0.301241
1.812725,-0.318215,-1.074063,0.399373,2.379696,1.222976
1.816727,-1.749730,-1.208868,-0.761807,2.521898,2.262090
1.820728,-1.995692,-1.319513,-1.100671,2.663869,-2.927885
1.824730,-1.416197,-1.403824,-0.329690,2.805860,-1.907012
1.828731,-0.565141,-1.460133,0.523629,2.947604,-0.977846
1.832733,-0.198767,-1.487315,0.960021,3.089387,-0.046195
1.836735,-0.680758,-1.484808,0.625960,-3.052259,0.915975
1.840736,-1.702248,-1.452626,-0.380018,-2.910665,1.910088
1.844738,-2.674125,-1.391366,-1.261039,-2.769290,2.965961
1.848739,-2.151185,-1.302199,-0.822687,-2.627850,-2.217933
1.852741,-0.733114,-1.186852,0.560341,-2.486590,-1.144787
1.856743,0.128893,-1.047582,1.320403,-2.345259,-0.153649
1.860744,-0.216318,-0.887132,0.983485,-2.204053,0.804693
1.864746,-1.380002,-0.708679,-0.382110,-2.062775,1.818124
1.868747,-2.506807,-0.515782,-1.579406,-1.921558,2.860523
1.872749,-1.678715,-0.312304,-1.258424,-1.780271,-2.422118
1.876751,-0.069357,-0.102345,0.187961,-1.638978,-1.463899
1.880752,1.957547,0.109847,1.716255,-1.497625,-0.478767
1.884754,1.963077,0.319963,1.775687,-1.356197,0.547875
1.888756,0.501987,0.523720,0.018235,-1.214722,1.562302
1.892757,-1.424993,0.716955,-1.837536,-1.073107,2.531911
1.896759,-1.430523,0.895709,-2.308673,-0.931459,-2.769276
1.900760,0.647424,1.056312,-0.394499,-0.789618,-1.714814
1.904762,3.811577,1.195463,2.317504,-0.647758,-0.619598
1.908764,3.986112,1.310303,2.475476,-0.505670,0.440778
1.912765,1.945434,1.398474,0.398459,-0.363582,1.418316
1.916767,-0.495878,1.458177,-1.952015,-0.221246,2.372150
1.920768,-1.308166,1.488205,-2.820307,-0.078927,-2.887771
1.924770,0.940388,1.487969,-0.710465,0.063640,-1.813193
1.928772,3.891314,1.457510,2.035200,0.206174,-0.762835
1.932773,4.384016,1.397494,2.606019,0.348934,0.226911
1.936775,2.563528,1.309202,0.939669,0.491645,1.211715
1.940776,-0.511096,1.194500,-1.686579,0.634539,2.247757
1.944778,-1.701458,1.055791,-2.550217,0.777368,-2.976103
1.948780,-0.251729,0.895961,-0.875404,0.920321,-1.945652
1.952781,1.754506,0.718318,1.306082,1.063200,-0.947214
1.956783,2.502126,0.526511,2.129285,1.206134,0.066685
1.960784,0.961936,0.324461,0.889386,1.348988,1.105463
1.964786,-1.144163,0.116273,-0.919596,1.491819,2.119508
1.968788,-2.134834,-0.093849,-1.575235,1.634567,3.076360
1.972789,-1.746625,-0.301688,-0.950723,1.777215,-2.264990
1.976791,-0.487183,-0.503102,0.384465,1.919782,-1.298119
1.980792,0.369379,-0.694102,1.294218,2.062180,-0.327592
1.984794,0.082533,-0.870929,1.081339,2.204504,0.635223
1.988796,-1.172555,-1.030126,-0.082331,2.346603,1.630553
1.992797,-2.573315,-1.168599,-1.279534,2.488640,2.688623
1.996799,-2.474337,-1.283672,-1.130811,2.630412,-2.492090
2.000800,-1.188017,-1.373137,0.260934,2.772137,-1.377437
2.004802,-0.199131,-1.435289,1.207991,2.913579,-0.271206
2.008804,-0.617381,-1.468955,0.777560,3.054992,0.809628
2.012805,-1.665891,-1.473511,-0.273331,-3.087060,1.846015
2.016807,-2.172933,-1.448889,-0.871245,-2.945934,2.834653
2.020808,-1.983469,-1.395579,-0.689151,-2.805061,-2.508587
2.024810,-1.199503,-1.314614,-0.051213,-2.664174,-1.630779
2.028812,-0.391702,-1.207557,0.709581,-2.523492,-0.748626
2.032813,0.089939,-1.076466,1.139103,-2.382776,0.235975
2.036815,-0.554869,-0.923862,0.363887,-2.242200,1.301734
2.040816,-1.979135,-0.752679,-1.091563,-2.101567,2.378253
2.044818,-2.111470,-0.566218,-1.562146,-1.960998,-2.856721
2.048820,-0.894441,-0.368089,-0.439334,-1.820353,-1.821837
2.052821,1.200244,-0.162144,1.367816,-1.679687,-0.773776
2.056823,1.734847,0.047592,1.933704,-1.538930,0.273859
2.060824,0.404351,0.256991,0.564350,-1.398067,1.295771
2.064826,-1.580298,0.461906,-1.457137,-1.257099,2.304663
2.068828,-2.168985,0.658239,-2.234446,-1.115942,-2.955754
2.072829,-0.389720,0.842027,-0.817464,-0.974669,-1.934104
2.076831,2.063188,1.009518,1.318694,-0.833138,-0.954654
2.080832,3.341057,1.157246,2.352436,-0.691487,-0.015369
2.084834,2.479224,1.282113,1.486396,-0.549524,0.952012
2.088836,-0.076016,1.381449,-1.103110,-0.407440,1.979479
2.092837,-1.821037,1.453079,-2.850542,-0.265010,3.026836
2.096839,-0.448237,1.495373,-1.771331,-0.122460,-2.231373
2.100840,2.556417,1.507285,1.013385,0.020448,-1.218694
2.104842,4.722014,1.488387,2.953724,0.163472,-0.180412
2.108844,3.585979,1.438893,1.886698,0.306842,0.879392
2.112845,0.544353,1.359656,-0.944205,0.450316,1.915277
2.116847,-1.383606,1.252166,-2.591683,0.594101,2.904326
2.120848,-0.825513,1.118522,-1.933445,0.737977,-2.380825
2.124850,1.626939,0.961391,0.658699,0.882111,-1.320066
2.128852,3.445167,0.783957,2.376745,1.026322,-0.236815
2.132853,2.230209,0.589858,1.500603,1.170722,0.776446
2.136855,0.366960,0.383111,-0.214314,1.315181,1.683762
2.140856,-1.657540,0.168023,-1.678137,1.459749,2.617026
2.144858,-1.906165,-0.050900,-1.723242,1.604356,-2.625535
2.148860,-0.533405,-0.269055,0.024856,1.748984,-1.557466
2.152861,0.839219,-0.481848,1.435831,1.893633,-0.554373
2.156863,0.548004,-0.684788,1.504599,2.038220,0.409000
2.160864,-0.824881,-0.873595,0.199618,2.182809,1.451755
2.164866,-2.910912,-1.044289,-1.372914,2.327258,2.578789
2.168868,-2.750438,-1.193283,-1.189281,2.471691,-2.583819
2.172869,-1.946089,-1.317461,-0.013886,2.615920,-1.583156
2.176871,-1.089312,-1.414244,0.726323,2.760114,-0.745085
2.180872,-0.909842,-1.481647,1.051907,2.904056,0.124498
2.184874,-1.368131,-1.518319,0.494109,3.047950,1.139354
2.188876,-2.581252,-1.523563,-0.744379,-3.091621,2.214443
2.192877,-2.965835,-1.497351,-1.238599,-2.948067,-3.011844
2.196879,-2.020612,-1.440319,-0.512096,-2.804799,-1.984942
2.200880,-0.575174,-1.353743,0.779413,-2.661601,-0.945380
2.204882,0.219303,-1.239508,1.356753,-2.518675,0.125687
2.208884,-0.486975,-1.100061,0.507873,-2.375824,1.179719
2.212885,-1.560866,-0.938353,-0.707677,-2.233209,2.151732
2.216887,-1.941230,-0.757770,-1.361357,-2.090670,3.081046
2.220888,-1.290181,-0.562063,-0.904006,-1.948318,-2.205530
2.224890,0.566752,-0.355265,0.651855,-1.806041,-1.157502
2.228892,1.632970,-0.141609,1.609489,-1.663889,-0.149340
2.232893,1.272504,0.074562,1.193275,-1.521806,0.779401
2.236895,-0.123857,0.288880,-0.266495,-1.379779,1.711936
2.240896,-1.757693,0.497038,-2.009652,-1.237812,2.721395
2.244898,-1.460850,0.694871,-1.978755,-1.095828,-2.500671
2.248900,1.253784,0.878437,0.385469,-0.953892,-1.425158
2.252901,3.562513,1.044086,2.597703,-0.811873,-0.348034
2.256903,3.272444,1.188535,2.091062,-0.669889,0.720541
2.260904,0.337970,1.308924,-0.527120,-0.527763,1.763955
2.264906,-1.517387,1.402871,-2.555894,-0.385657,2.785701
2.268908,-1.286954,1.468513,-2.138719,-0.243361,-2.470454
2.272909,1.515749,1.504537,0.363374,-0.101066,-1.434962
2.276911,3.515217,1.510209,2.341006,0.041453,-0.424298
2.280912,3.275495,1.485386,2.138317,0.183988,0.542209
2.284914,1.245375,1.430524,0.163237,0.326760,1.506872
2.288916,-1.389919,1.346669,-2.165134,0.469565,2.517775
2.292917,-1.527299,1.235443,-2.472216,0.612602,-2.721430
2.296919,0.564020,1.099011,-0.288955,0.755689,-1.679594
2.300920,3.235357,0.940051,2.060983,0.898988,-0.648326
2.304922,3.308822,0.761700,2.311135,1.042351,0.386920
2.308924,1.260381,0.567505,0.335556,1.185889,1.427935
2.312925,-1.180111,0.361353,-1.675006,1.329499,2.454620
2.316927,-1.659121,0.147402,-1.888406,1.473233,-2.833186
2.320928,-0.491291,-0.070008,-0.514309,1.617044,-1.850894
2.324930,1.050278,-0.286435,1.183488,1.760921,-0.841474
2.328932,1.473056,-0.497430,1.620964,1.904877,0.198464
2.332933,0.004975,-0.698626,0.496107,2.048840,1.227973
2.336935,-1.403270,-0.885831,-0.779802,2.192877,2.207488
2.340936,-2.397765,-1.055119,-1.239184,2.336865,-3.123664
2.344938,-1.903429,-1.202916,-0.649681,2.480919,-2.119322
2.348940,-1.040071,-1.326085,0.630224,2.624871,-1.035286
2.352941,-0.499083,-1.421992,1.135016,2.768877,0.074685
2.356943,-1.455821,-1.488574,0.429373,2.912740,1.119071
2.360944,-2.217641,-1.524381,-0.402715,3.056644,2.040416
2.364946,-2.809800,-1.528618,-0.921386,-3.082808,2.952738
2.368948,-2.462971,-1.501162,-0.693960,-2.939053,-2.304694
2.372949,-1.348766,-1.442568,0.355093,-2.795482,-1.229229
2.376951,-0.605446,-1.354061,0.984168,-2.651908,-0.226518
2.380952,-0.719210,-1.237506,0.809972,-2.508517,0.657398
2.384954,-1.370083,-1.095368,0.006347,-2.365143,1.565480
2.388956,-2.401855,-0.930654,-1.208017,-2.221938,2.585029
2.392957,-2.225929,-0.746853,-1.392357,-2.078771,-2.630034
2.396959,-0.516922,-0.547848,-0.009534,-1.935749,-1.576385
2.400960,1.394626,-0.337837,1.540703,-1.792786,-0.551341
2.404962,1.752540,-0.121230,1.732244,-1.649936,0.470543
2.408964,0.385795,0.097443,0.131101,-1.507164,1.507866
2.412965,-1.465116,0.313635,-1.825415,-1.364467,2.550661
2.416967,-1.299114,0.522880,-2.066945,-1.221865,-2.697236
2.420968,0.733497,0.720886,-0.230264,-1.079298,-1.667921
2.424970,3.351554,0.903626,1.965375,-0.936841,-0.639471
2.428972,3.641680,1.067419,2.318185,-0.794385,0.385306
2.432973,1.894339,1.209008,0.435380,-0.652049,1.398385
2.436975,-0.656284,1.325621,-1.908084,-0.509682,2.398309
2.440976,-1.152308,1.415017,-2.598656,-0.367442,-2.881511
2.444978,0.696894,1.475528,-0.782684,-0.225146,-1.855055
2.448980,3.624528,1.506080,1.936218,-0.082975,-0.812115
2.452981,4.253415,1.506208,2.670821,0.059264,0.214140
2.456983,2.338098,1.476059,0.970879,0.201382,1.194096
2.460984,-0.444630,1.416378,-1.461712,0.343570,2.150411
2.464986,-2.017478,1.328486,-2.810233,0.485647,-3.134738
2.468988,-0.676578,1.214243,-1.408019,0.627788,-2.078172
2.472989,2.314699,1.076006,1.517774,0.769835,-1.003234
2.476991,3.479377,0.916581,2.632280,0.911932,0.047790
2.480992,1.830350,0.739163,1.178976,1.053954,1.068204
2.484994,-0.649499,0.547279,-1.132055,1.196005,2.085478
2.488996,-2.133062,0.344718,-2.142761,1.338001,3.117128
2.492997,-1.023873,0.135458,-1.040043,1.479999,-2.136526
2.496999,0.413111,-0.076404,0.716327,1.621967,-1.141295
2.501000,1.449913,-0.286732,1.532405,1.763910,-0.194086
2.505002,0.769498,-0.491417,1.116896,1.905850,0.748317
2.509004,-0.638048,-0.686459,-0.297584,2.047738,1.761997
2.513005,-2.072654,-0.868031,-1.500387,2.189651,2.862918
2.517007,-1.713615,-1.032556,-0.937604,2.331490,-2.292799
2.521008,-0.368562,-1.176768,0.385263,2.473377,-1.240166
2.525010,-0.052627,-1.297781,0.984577,2.615177,-0.321891
2.529012,-0.036603,-1.393139,0.872584,2.757047,0.603307
2.533013,-1.333741,-1.460870,-0.088576,2.898825,1.650485
2.537015,-2.189329,-1.499526,-0.995975,3.040690,2.738641
2.541016,-2.218537,-1.508219,-0.810755,-3.100717,-2.515938
2.545018,-1.400181,-1.486646,0.005092,-2.958839,-1.565491
2.549020,-0.684276,-1.435102,0.806845,-2.817035,-0.622579
2.553021,-0.526780,-1.354488,1.000055,-2.675124,0.349229
2.557023,-1.321849,-1.246292,0.264218,-2.533266,1.340414
2.561024,-2.362302,-1.112576,-0.891210,-2.391299,2.351322
2.565026,-2.743364,-0.955939,-1.338408,-2.249357,-2.908853
2.569028,-1.481878,-0.779473,-0.462421,-2.107310,-1.887047
2.573029,0.140774,-0.586703,1.054253,-1.965256,-0.857680
2.577031,1.163801,-0.381519,1.689235,-1.823109,0.188209
2.581032,0.118744,-0.168095,0.597652,-1.680920,1.226362
2.585034,-1.178426,0.049196,-1.075697,-1.538651,2.215717
2.589036,-1.730719,0.265874,-1.886716,-1.396304,-3.128984
2.593037,-0.574622,0.477449,-1.210431,-1.253896,-2.173723
2.597039,1.983946,0.679516,1.003465,-1.111379,-1.150190
2.601040,3.890285,0.867855,2.712810,-0.968820,-0.075678
2.605042,2.742227,1.038527,1.516604,-0.826131,1.009667
2.609044,-0.230830,1.187957,-1.381281,-0.683418,2.074824
2.613045,-1.564507,1.313019,-2.820707,-0.540559,3.107267
2.617047,-0.138801,1.411098,-1.569625,-0.397695,-2.164367
2.621048,2.901503,1.480153,1.153494,-0.254678,-1.148510
2.625050,4.681266,1.518756,2.767899,-0.111675,-0.118739
2.629052,3.525195,1.526132,1.648439,0.031473,0.907905
2.633053,0.884672,1.502168,-0.812499,0.174588,1.899423
2.637055,-0.894205,1.447416,-2.316262,0.317827,2.841186
2.641056,-0.671590,1.363078,-2.003859,0.461017,-2.498537
2.645058,1.488590,1.250974,0.231062,0.604302,-1.483990
2.649060,3.685593,1.113496,2.487705,0.747524,-0.407668
2.653061,3.045152,0.953559,2.014647,0.890802,0.666300
2.657063,0.335251,0.774529,-0.258369,1.034006,1.680870
2.661064,-1.710871,0.580153,-2.002423,1.177218,2.656363
2.665066,-2.076325,0.374471,-1.955052,1.320347,-2.603735
2.669068,-0.116991,0.161728,0.116604,1.463434,-1.517869
2.673069,1.478524,-0.053717,1.793743,1.606436,-0.431527
2.677071,0.891815,-0.267482,1.403472,1.749347,0.594271
2.681072,-0.551074,-0.475248,0.011724,1.892175,1.562928
2.685074,-2.132609,-0.672850,-1.116893,2.034868,2.528636
2.689076,-2.231274,-0.856356,-1.184315,2.177483,-2.778218
2.693077,-1.621881,-1.022145,-0.274635,2.319928,-1.803060
2.697079,-0.482452,-1.166974,0.792639,2.462302,-0.811941
2.701080,-0.192521,-1.288037,1.091253,2.604484,0.210041
2.705082,-0.979092,-1.383013,0.345054,2.746608,1.240112
2.709084,-1.815487,-1.450107,-0.633464,2.888531,2.246069
2.713085,-2.365201,-1.488076,-1.001952,3.030413,-3.051665
2.717087,-1.606407,-1.496254,-0.480684,-3.111086,-2.047638
2.721088,-0.734920,-1.474553,0.592069,-2.969423,-1.002849
2.725090,-0.035024,-1.423465,1.116911,-2.827936,0.059441
2.729092,-0.766943,-1.344051,0.514302,-2.686453,1.081961
2.733093,-1.695238,-1.237913,-0.487256,-2.545110,2.029339
2.737095,-2.243214,-1.107170,-1.187834,-2.403752,2.969474
2.741096,-1.883772,-0.954415,-0.912637,-2.262491,-2.310421
2.745098,-0.216739,-0.782669,0.416099,-2.121197,-1.281969
2.749100,0.821379,-0.595324,1.484867,-1.979948,-0.281303
2.753101,0.793097,-0.396079,1.279881,-1.838651,0.706721
2.757103,-0.856387,-0.188873,-0.295690,-1.697342,1.729921
2.761104,-2.291881,0.022188,-1.889348,-1.555971,2.787521
2.765106,-1.782448,0.232907,-1.593983,-1.414530,-2.439754
2.769108,0.440490,0.439079,0.339665,-1.273019,-1.409793
2.773109,2.360416,0.636568,1.984978,-1.131386,-0.402777
2.777111,2.385917,0.821391,1.843286,-0.989679,0.593745
2.781112,0.582193,0.989802,-0.045083,-0.847807,1.590184
2.785114,-1.254916,1.138366,-2.100621,-0.705859,2.598725
2.789116,-1.230906,1.264030,-2.279990,-0.563713,-2.662151
2.793117,1.294060,1.364191,-0.181543,-0.421492,-1.639275
2.797119,3.867338,1.436750,2.213815,-0.279055,-0.622923
2.801120,4.349177,1.480164,2.587531,-0.136549,0.396099
2.805122,2.019541,1.493485,0.414491,0.006175,1.425620
2.809124,-0.822864,1.476381,-2.232524,0.148957,2.458701
2.813125,-1.306921,1.429152,-2.688627,0.291946,-2.799097
2.817127,0.799072,1.352719,-0.586899,0.434982,-1.779507
2.821128,3.617406,1.248616,2.064572,0.578201,-0.749546
2.825130,4.129307,1.118956,2.649388,0.721455,0.303265
2.829132,1.777055,0.966391,0.514865,0.864852,1.374546
2.833133,-0.879386,0.794060,-1.818720,1.008267,2.439174
2.837135,-1.468118,0.605519,-1.956694,1.151775,-2.833890
2.841136,-0.210259,0.404666,-0.610932,1.295286,-1.915334
2.845138,1.002071,0.195654,0.931813,1.438833,-1.018958
2.849140,2.005601,-0.017197,1.858654,1.582367,-0.032963
2.853141,0.669594,-0.229490,0.958891,1.725879,1.035388
2.857143,-1.346733,-0.436849,-0.938065,1.869362,2.123671
2.861144,-2.546995,-0.635012,-1.636964,2.012765,-3.092091
2.865146,-1.729895,-0.819920,-0.682716,2.156123,-2.042639
2.869148,-0.584921,-0.987807,0.755585,2.299346,-0.988559
2.873149,-0.156944,-1.135280,1.223286,2.442512,0.060772
2.877151,-1.036181,-1.259380,0.522411,2.585500,1.064133
2.881152,-2.013184,-1.357647,-0.424247,2.728420,2.013961
2.885154,-2.669245,-1.428167,-0.962934,2.871130,2.975275
2.889156,-2.267578,-1.469604,-0.649932,3.013763,-2.302094
2.893157,-1.390983,-1.481222,0.241594,-3.127017,-1.311557
2.897159,-0.520264,-1.462896,0.881111,-2.984692,-0.390762
2.901160,-0.490877,-1.415106,0.928208,-2.842597,0.553245
2.905162,-1.178315,-1.338917,-0.064633,-2.700583,1.620991
2.909164,-2.384689,-1.235954,-1.307859,-2.558783,2.761120
2.913165,-1.754646,-1.108361,-1.040136,-2.417062,-2.403371
2.917167,-0.300925,-0.958755,0.273357,-2.275526,-1.368087
2.921168,0.894597,-0.790170,1.268816,-2.134060,-0.393513
2.925170,0.918731,-0.605993,1.205820,-1.992739,0.594046
2.929172,-0.322616,-0.409894,-0.042785,-1.851477,1.598726
2.933173,-1.504154,-0.205758,-1.367652,-1.710307,2.587110
2.937175,-1.566576,0.002389,-1.570210,-1.569182,-2.708494
2.941176,0.042662,0.210457,-0.226537,-1.428093,-1.693156
2.945178,1.911607,0.414363,1.489608,-1.287032,-0.681759
2.949180,2.422510,0.610111,1.904703,-1.145952,0.276129
2.953181,1.229243,0.793864,0.760898,-1.004883,1.216802
2.957183,-0.997082,0.962012,-1.566134,-0.863740,2.232782
2.961184,-2.094537,1.111243,-2.775003,-0.722590,-2.955882
2.965186,0.281167,1.238594,-0.789524,-0.581318,-1.850384
2.969188,3.153589,1.341514,1.879390,-0.440022,-0.808520
2.973189,4.117813,1.417915,2.633351,-0.298567,0.151377
2.977191,2.540325,1.466207,1.224056,-0.157073,1.123552
2.981192,-0.474548,1.485343,-1.726844,-0.015397,2.179609
2.985194,-1.886879,1.474834,-2.955756,0.126331,-3.006352
2.989196,0.216463,1.434765,-1.012831,0.268255,-1.953317
2.993197,2.637647,1.365802,1.325269,0.410243,-1.002764
2.997199,3.875692,1.269179,2.459616,0.552427,-0.087046
3.001200,2.921102,1.146692,1.606451,0.694683,0.906590
3.005202,0.039553,1.000664,-0.997157,0.837120,1.959006
3.009204,-1.682339,0.833910,-2.507734,0.979633,2.999511
3.013205,-0.936861,0.649685,-1.584132,1.122300,-2.275239
3.017207,1.402991,0.451623,0.765436,1.265047,-1.250581
3.021208,2.922956,0.243668,2.343401,1.407913,-0.178495
3.025210,1.811812,0.030002,1.356679,1.550858,0.908748
3.029212,-0.636330,-0.185042,-0.753866,1.693882,1.964778
3.033213,-1.903243,-0.397066,-1.734264,1.836979,2.989331
3.037215,-1.561538,-0.601699,-1.001961,1.980110,-2.261094
3.041216,-0.254490,-0.794692,0.452130,2.123305,-1.229454
3.045218,0.157024,-0.972013,1.072883,2.266489,-0.276390
3.049220,-0.243069,-1.129929,0.839777,2.409726,0.573081
3.053221,-1.144553,-1.265097,0.110735,2.552912,1.463105
3.057223,-2.402561,-1.374632,-0.839997,2.696136,2.457723
3.061224,-2.702244,-1.456182,-1.039097,2.839274,-2.796830
3.065226,-2.081541,-1.507977,-0.219417,2.982433,-1.766248
3.069228,-0.959098,-1.528876,0.895185,3.125478,-0.703685
3.073229,-0.752342,-1.518392,1.098721,-3.014659,0.396948
3.077231,-1.730349,-1.476704,0.085553,-2.871744,1.496417
3.081232,-2.508196,-1.404656,-0.886757,-2.728843,2.549251
3.085234,-2.383802,-1.303737,-0.917594,-2.586083,-2.767367
3.089236,-1.474704,-1.176048,-0.315665,-2.443356,-1.898471
3.093237,-0.306164,-1.024256,0.593556,-2.300768,-1.018188
3.097239,0.625011,-0.851531,1.372910,-2.158232,-0.011258
3.101240,0.250814,-0.661477,0.730157,-2.015824,1.082528
3.105242,-1.315778,-0.458046,-0.899261,-1.873481,2.164735
3.109244,-1.620443,-0.245457,-1.612635,-1.731247,-3.122619
3.113245,-0.770367,-0.028100,-0.994490,-1.589092,-2.175544
3.117247,1.412291,0.189556,0.798668,-1.447021,-1.163008
3.121248,3.042270,0.403059,2.226313,-1.305039,-0.079018
3.125250,2.117783,0.608072,1.228591,-1.163115,1.010083
3.129252,-0.055317,0.800457,-1.071801,-1.021284,2.054852
3.133253,-1.244816,0.976359,-2.321066,-0.879483,3.059739
3.137255,-0.082410,1.132284,-1.448658,-0.737776,-2.214686
3.141257,2.450823,1.265160,0.929278,-0.596070,-1.185365
3.145258,4.038279,1.372397,2.410241,-0.454454,-0.165795
3.149260,3.157395,1.451934,1.653773,-0.312815,0.806453
3.153261,0.832226,1.502273,-0.417236,-0.171260,1.742336
3.157263,-1.256531,1.522504,-2.400482,-0.029663,2.707769
3.161265,-1.313857,1.512313,-2.371357,0.111865,-2.544693
3.165266,1.592181,1.471979,0.285758,0.253451,-1.474126
3.169268,3.932533,1.402368,2.652196,0.394985,-0.409848
3.173269,3.607952,1.304913,2.246231,0.536586,0.618143
3.177271,0.815094,1.181581,-0.142201,0.678154,1.624088
3.181273,-1.508935,1.034839,-2.311719,0.819790,2.649657
3.185274,-1.685606,0.867600,-2.125238,0.961412,-2.581157
3.189276,0.569472,0.683167,0.063735,1.103099,-1.542974
3.193277,2.190492,0.485176,1.763887,1.244796,-0.559335
3.197279,2.310253,0.277523,1.841487,1.386551,0.409050
3.201281,0.518451,0.064295,0.248871,1.528338,1.445577
3.205282,-1.466861,-0.150300,-1.532248,1.670171,2.539935
3.209284,-1.654374,-0.362019,-1.416616,1.812057,-2.685255
3.213285,-0.587431,-0.566662,-0.248219,1.953976,-1.757703
3.217287,0.287155,-0.760150,0.848566,2.095964,-0.872202
3.221289,0.818707,-0.938607,1.388477,2.237973,0.150702
3.225290,-0.431877,-1.098433,0.406580,2.380069,1.272163
3.229292,-1.878581,-1.236377,-0.887877,2.522173,2.377253
3.233293,-2.259168,-1.349607,-1.031826,2.664374,-2.888477
3.237295,-1.760914,-1.435769,-0.338611,2.806576,-1.923233
3.241297,-0.934789,-1.493040,0.553851,2.948881,-0.941777
3.245298,-0.729404,-1.520172,0.904418,3.091182,0.029820
3.249300,-1.111576,-1.516521,0.521592,-3.049596,0.961746
3.253301,-2.022727,-1.482071,-0.334920,-2.907193,1.913545
3.257303,-2.710954,-1.417437,-1.089700,-2.764684,2.925695
3.261305,-2.363832,-1.323864,-0.835993,-2.622176,-2.320554
3.265306,-1.036613,-1.203202,0.378632,-2.479568,-1.285425
3.269308,0.120232,-1.057878,1.442614,-2.336953,-0.235114
3.273309,-0.181921,-0.890844,1.069450,-2.194246,0.837570
3.277311,-1.655116,-0.705521,-0.527068,-2.051520,1.896406
3.281313,-2.525100,-0.505725,-1.633945,-1.908715,2.902414
3.285314,-1.878804,-0.295594,-1.326544,-1.765875,-2.400249
3.289316,0.259909,-0.079492,0.383177,-1.622973,-1.375790
3.293317,2.088846,0.138078,1.976026,-1.480023,-0.310927
3.297319,1.988970,0.352580,1.532312,-1.337029,0.717795
3.301321,0.255137,0.559541,-0.159554,-1.193974,1.649992
3.305322,-1.009394,0.754653,-1.872123,-1.050893,2.566343
3.309324,-1.375313,0.933862,-2.331559,-0.907741,-2.703292
3.313325,1.397380,1.093459,-0.145606,-0.764580,-1.622816
3.317327,4.101543,1.230161,2.415858,-0.621341,-0.551155
3.321329,4.273805,1.341179,2.495196,-0.478112,0.473541
3.325330,1.971899,1.424285,0.270627,-0.334806,1.475228
3.329332,-0.964514,1.477847,-2.328437,-0.191526,2.497339
3.333333,-1.195903,1.500866,-2.696583,-0.048173,-2.739388
3.337335,0.966056,1.492990,-0.346866,0.095142,-1.693017
3.341337,3.751436,1.454509,2.102390,0.238523,-0.672520
3.345338,3.798241,1.386353,2.424910,0.381856,0.307405
3.349340,2.101381,1.290060,0.749151,0.525239,1.267944
3.353341,-0.801645,1.167740,-1.650313,0.668568,2.265106
3.357343,-1.843813,1.022024,-2.562194,0.811925,-2.965232
3.361345,-0.366348,0.856003,-0.800528,0.955226,-1.899771
3.365346,1.942592,0.673153,1.447876,1.098534,-0.880717
3.369348,2.477172,0.477270,2.158704,1.241788,0.091316
3.373349,1.177023,0.272383,0.993366,1.385026,1.099184
3.377351,-1.327381,0.062675,-1.230271,1.528215,2.177395
3.381353,-2.389996,-0.147605,-1.959567,1.671364,-3.017123
3.385354,-1.210892,-0.354220,-0.707812,1.814472,-1.992344
3.389356,0.086803,-0.553039,0.822583,1.957519,-1.023756
3.393357,0.826520,-0.740107,1.508925,2.100537,-0.024339
3.397359,-0.130381,-0.911720,0.744878,2.243480,1.002584
3.401361,-1.501638,-1.064498,-0.466986,2.386408,1.963103
3.405362,-2.227931,-1.195442,-1.120256,2.529254,2.844030
3.409364,-2.330740,-1.301990,-1.003765,2.672101,-2.498380
3.413365,-1.012770,-1.382065,0.141103,2.814863,-1.464865
3.417367,-0.036271,-1.434111,1.255163,2.957645,-0.405036
3.421369,-0.035450,-1.457121,1.086629,3.100351,0.666968
3.425370,-1.518016,-1.450653,-0.271618,-3.040091,1.771935
3.429372,-2.323439,-1.414839,-1.182891,-2.897405,2.865493
3.433373,-2.037460,-1.350384,-0.819973,-2.754665,-2.459874
3.437375,-1.072739,-1.258557,-0.073854,-2.611957,-1.639923
3.441377,-0.136343,-1.141165,0.998626,-2.469180,-0.682140
3.445378,0.453316,-1.000526,1.317640,-2.326405,0.427687
3.449380,-1.030905,-0.839423,0.054950,-2.183546,1.532452
3.453381,-1.899768,-0.661060,-1.106180,-2.040656,2.517262
3.457383,-2.163849,-0.468999,-1.381908,-1.897671,-2.853163
3.461385,-1.004592,-0.267100,-0.484908,-1.754620,-1.870798
3.465386,0.927408,-0.059442,1.212864,-1.611469,-0.836020
3.469388,1.624933,0.149751,1.908002,-1.468219,0.183473
3.473389,0.753085,0.356198,0.785550,-1.324868,1.191590
3.477391,-1.476609,0.555645,-1.437287,-1.181391,2.229086
3.481393,-2.116902,0.743954,-2.503949,-1.037814,-2.988079
3.485394,-0.205903,0.917188,-0.907394,-0.894089,-1.922752
3.489396,2.811804,1.071699,1.713792,-0.750272,-0.874383
3.493397,3.968286,1.204204,2.644527,-0.606296,0.159602
3.497399,2.303321,1.311868,1.012828,-0.462241,1.178693
3.501401,-0.152928,1.392364,-1.474769,-0.318026,2.171730
3.505402,-1.345102,1.443931,-2.617263,-0.173746,3.140235
3.509404,-0.004576,1.465416,-1.531950,-0.029314,-2.169325
3.513405,2.819094,1.456299,1.149508,0.115167,-1.158839
3.517407,4.781071,1.416718,2.956852,0.259782,-0.107244
3.521409,3.322984,1.347463,1.684026,0.404424,0.962776
3.525410,0.180148,1.249969,-1.208373,0.549170,2.017099
3.529412,-1.592357,1.126281,-2.612928,0.693922,3.036435
3.533413,-0.676533,0.979015,-1.558490,0.838740,-2.238998
3.537415,1.618552,0.811291,0.864350,0.983541,-1.204548
3.541417,2.915493,0.626671,2.189545,1.128368,-0.154707
3.545418,1.824259,0.429077,1.281091,1.273158,0.849292
3.549420,-0.191029,0.222705,-0.354679,1.417926,1.774575
3.553421,-1.699959,0.011932,-1.582115,1.562634,2.712048
3.557423,-2.072365,-0.198788,-1.444734,1.707272,-2.547248
3.561425,-0.555124,-0.405018,0.112965,1.851830,-1.501514
3.565426,0.250346,-0.602439,1.291563,1.996272,-0.523766
3.569428,0.361632,-0.786943,1.360894,2.140617,0.421086
3.573429,-1.184801,-0.954721,0.172180,2.284806,1.461937
3.577431,-2.722754,-1.102342,-1.351511,2.428882,2.594222
3.581433,-2.828034,-1.226824,-1.192977,2.572768,-2.565391
3.585434,-1.476813,-1.325694,0.031411,2.716530,-1.545215
3.589436,-0.655683,-1.397031,0.964492,2.860078,-0.593260
3.593437,-0.353784,-1.439507,1.068796,3.003493,0.437885
3.597439,-1.462580,-1.452397,0.039667,-3.136504,1.535150
3.601441,-2.139260,-1.435592,-0.785832,-2.993452,2.551768
3.605442,-2.183900,-1.389587,-0.838871,-2.850626,-2.908717
3.609444,-1.623900,-1.315470,-0.472218,-2.707938,-2.060924
3.613445,-0.475932,-1.214885,0.622118,-2.565467,-1.029892
3.617447,0.478155,-1.089992,1.331754,-2.423130,0.065018
3.621449,-0.304709,-0.943420,0.592073,-2.280989,1.133252
3.625450,-1.356358,-0.778203,-0.824921,-2.138974,2.168608
3.629452,-2.081894,-0.597721,-1.550593,-1.997127,-3.084304
3.633453,-0.815601,-0.405628,-0.766790,-1.855393,-2.057849
3.637455,0.866106,-0.205779,0.870118,-1.713791,-1.042906
3.641457,2.044425,-0.002156,1.827199,-1.572290,-0.030953
3.645458,1.276678,0.201210,1.070928,-1.430882,0.979874
3.649460,-0.626674,0.400316,-0.796129,-1.289557,1.977395
3.653461,-1.681766,0.591259,-2.104050,-1.148281,2.967401
3.657463,-1.021671,0.770306,-1.539237,-1.007069,-2.310386
3.661465,1.646821,0.933962,0.654456,-0.865865,-1.294394
3.665466,3.380458,1.079035,2.381777,-0.724706,-0.295198
3.669468,3.201946,1.202690,2.032861,-0.583519,0.695570
3.673469,0.482237,1.302508,-0.440336,-0.442360,1.724676
3.677471,-1.816573,1.376526,-2.846344,-0.301140,2.800407
3.681473,-1.250089,1.423275,-2.213847,-0.159929,-2.403721
3.685474,1.946840,1.441804,0.581593,-0.018631,-1.366185
3.689476,3.940050,1.431703,2.599249,0.122675,-0.365269
3.693477,3.759974,1.393115,2.208913,0.264083,0.646278
3.697479,0.970178,1.326738,-0.283917,0.405513,1.676128
3.701481,-1.119796,1.233817,-2.303198,0.547048,2.683646
3.705482,-1.089487,1.116119,-2.167394,0.688617,-2.625323
3.709484,0.940507,0.975910,-0.149277,0.830287,-1.630283
3.713485,3.283585,0.815908,2.064397,0.972000,-0.589108
3.717487,3.123159,0.639241,2.091039,1.113803,0.447536
3.721489,1.206679,0.449389,0.318565,1.255652,1.421235
3.725490,-1.117775,0.250114,-1.512448,1.397572,2.367958
3.729492,-1.922063,0.045394,-2.126256,1.539536,-2.895100
3.733493,-0.648845,-0.160666,-0.485962,1.681545,-1.796895
3.737495,1.410068,-0.363909,1.515757,1.823595,-0.688870
3.741497,1.151299,-0.560219,1.566854,1.965662,0.364145
3.745498,-0.152999,-0.745601,0.315033,2.107764,1.351492
3.749500,-1.803106,-0.916264,-0.900258,2.249855,2.329763
3.753501,-2.345211,-1.068708,-1.166027,2.391971,-2.950109
3.757503,-1.797365,-1.199795,-0.397052,2.534047,-1.959099
3.761505,-1.242351,-1.306821,0.476395,2.676136,-1.038097
3.765506,-0.620548,-1.387573,0.932875,2.818161,-0.156251
3.769508,-1.205467,-1.440381,0.719900,2.960186,0.826858
3.773509,-1.959692,-1.464147,-0.423115,3.102127,1.942314
3.777511,-2.992211,-1.458377,-1.138381,-3.039130,3.096127
3.781513,-1.960401,-1.423187,-0.538295,-2.897299,-2.136870
3.785514,-1.231332,-1.359299,0.279224,-2.755494,-1.276366
3.789516,-0.215764,-1.268027,1.079430,-2.613792,-0.362170
3.793517,-0.136204,-1.151245,1.014682,-2.472128,0.737369
3.797519,-1.579777,-1.011345,-0.432455,-2.330565,1.881054
3.801521,-2.004087,-0.851183,-1.288918,-2.189048,2.923769
3.805522,-1.658907,-0.674021,-1.016497,-2.047625,-2.467053
3.809524,-0.062322,-0.483453,0.013582,-1.906255,-1.561727
3.813525,1.486612,-0.283332,1.516633,-1.764965,-0.540684
3.817527,2.029781,-0.077687,1.695127,-1.623732,0.535099
3.821529,0.173789,0.129361,-0.075891,-1.482560,1.607308
3.825530,-1.284049,0.333682,-1.879959,-1.341444,2.652396
3.829532,-1.262073,0.531215,-1.881255,-1.200366,-2.618778
3.833533,0.979339,0.718053,-0.129979,-1.059338,-1.628374
3.837535,3.006162,0.890511,1.948726,-0.918323,-0.628327
3.841537,3.659390,1.045203,2.363519,-0.777352,0.398910
3.845538,1.351199,1.179101,0.351069,-0.636369,1.438703
3.849540,-1.051877,1.289592,-2.125687,-0.495419,2.471460
3.853541,-1.513046,1.374525,-2.561815,-0.354430,-2.786646
3.857543,0.772023,1.432243,-0.522716,-0.213459,-1.764875
3.861545,3.404911,1.461617,1.899386,-0.072426,-0.763969
3.865546,4.025591,1.462065,2.526054,0.068607,0.193306
3.869548,2.500320,1.433561,1.115048,0.209719,1.139983
3.873549,-0.531232,1.376637,-1.570789,0.350846,2.147678
3.877551,-2.088621,1.292374,-2.994715,0.492066,-3.058735
3.881553,-0.323222,1.182378,-1.121400,0.633322,-1.964529
3.885554,2.607633,1.048754,1.666001,0.774681,-0.907860
3.889556,3.471946,0.894069,2.521999,0.916095,0.104991
3.893557,1.921050,0.721309,1.039791,1.057618,1.134132
3.897559,-0.678531,0.533825,-1.394510,1.199214,2.213416
3.901561,-1.614886,0.335276,-2.010766,1.340916,-2.991360
3.905562,-0.327860,0.129558,-0.710651,1.482706,-2.006426
3.909564,0.786445,-0.079265,0.643416,1.624596,-1.130305
3.913565,1.718717,-0.287041,1.499871,1.766588,-0.209926
3.917567,1.022364,-0.489607,1.068093,1.908673,0.811402
3.921569,-0.667569,-0.682869,-0.404515,2.050867,1.848973
3.925570,-1.824527,-0.862887,-1.320153,2.193143,2.841664
3.929572,-1.938312,-1.025956,-1.056327,2.335531,-2.456932
3.933573,-0.648607,-1.168686,0.210891,2.477986,-1.416758
3.937575,-0.002052,-1.288076,1.254765,2.620553,-0.335607
3.941577,-0.194249,-1.381581,0.910692,2.763173,0.728480
3.945578,-1.770031,-1.447169,-0.189521,2.905901,1.741772
3.949580,-2.382000,-1.483374,-0.966186,3.048668,2.732372
3.953581,-2.615593,-1.489332,-0.836970,-3.091652,-2.552863
3.957583,-1.589484,-1.464808,-0.020678,-2.948760,-1.592499
3.961585,-0.930100,-1.410207,0.744424,-2.805784,-0.698587
3.965586,-0.450542,-1.326570,1.086683,-2.662791,0.250519
3.969588,-1.106259,-1.215558,0.319548,-2.519730,1.320574
3.973589,-2.320290,-1.079418,-1.021603,-2.376660,2.423185
3.977591,-2.278083,-0.920940,-1.285187,-2.233539,-2.830604
3.981593,-1.162607,-0.743396,-0.434440,-2.090417,-1.879845
3.985594,0.556525,-0.550471,1.041206,-1.947263,-0.886525
3.989596,1.630140,-0.346183,1.834971,-1.804112,0.185889
3.993597,0.419611,-0.134791,0.585978,-1.660951,1.270480
3.997599,-1.162367,0.079296,-1.371315,-1.517793,2.312108
4.001601,-1.713907,0.291616,-2.086161,-1.374643,-2.961926
4.005602,0.108855,0.497750,-0.809254,-1.231499,-1.938559
4.009604,2.590104,0.693423,1.453796,-1.088381,-0.897030
4.013605,3.698579,0.874591,2.304103,-0.945271,0.123195
4.017607,2.406601,1.037532,1.063814,-0.802205,1.092700
4.021609,0.198144,1.178925,-1.093802,-0.659148,2.040370
4.025610,-1.248788,1.295916,-2.606561,-0.516149,3.024644
4.029612,-0.237571,1.386172,-1.720002,-0.373160,-2.227606
4.033613,2.904133,1.447927,1.120291,-0.230238,-1.177783
4.037615,4.785981,1.480015,2.939505,-0.087329,-0.127315
4.041617,3.544822,1.481886,1.774095,0.055504,0.924797
4.045618,0.439602,1.453615,-1.121692,0.198319,1.974433
4.049620,-1.499353,1.395889,-2.678867,0.341054,3.000970
4.053621,-0.486808,1.309989,-1.695244,0.483766,-2.287386
4.057623,1.608283,1.197751,0.688973,0.626400,-1.295099
4.061625,3.494839,1.061526,2.394679,0.769007,-0.280575
4.065626,2.472681,0.904126,1.784384,0.911544,0.736594
4.069628,0.173571,0.728769,-0.381396,1.054049,1.734801
4.073629,-2.007436,0.539004,-2.149776,1.196493,2.741909
4.077631,-1.912438,0.338648,-1.851229,1.338904,-2.487488
4.081633,0.282292,0.131700,0.372358,1.481267,-1.402161
4.085634,1.620682,-0.077727,1.865851,1.623599,-0.338651
4.089636,1.180517,-0.285488,1.367376,1.765904,0.652401
4.093637,-0.551604,-0.487482,-0.018028,1.908182,1.582189
4.097639,-1.891002,-0.679724,-1.298274,2.050455,2.542288
4.101641,-2.297740,-0.858418,-1.413492,2.192708,-2.699759
4.105642,-0.879732,-1.020031,-0.063183,2.334979,-1.614395
4.109644,0.188869,-1.161353,1.041850,2.477241,-0.560368
4.113645,0.159533,-1.279556,0.938754,2.619546,0.379491
4.117647,-0.517301,-1.372249,0.319597,2.761857,1.219005
4.121649,-1.476782,-1.437520,-0.506995,2.904234,2.116810
4.125650,-2.149640,-1.473978,-1.049913,3.046635,3.112137
4.129652,-1.899240,-1.480784,-0.599210,-3.094062,-2.135441
4.133653,-0.753626,-1.457672,0.580382,-2.951533,-1.069060
4.137655,-0.215990,-1.404961,1.287190,-2.808900,0.042225
4.141657,-0.885690,-1.323559,0.513267,-2.666208,1.167657
4.145658,-2.233408,-1.214952,-0.786647,-2.523400,2.239486
4.149660,-2.476678,-1.081184,-1.261322,-2.380514,-3.055969
4.153661,-1.700455,-0.924826,-0.660751,-2.237506,-2.076446
4.157663,-0.202958,-0.748934,0.733281,-2.094406,-1.052166
4.161665,0.852819,-0.556994,1.539025,-1.951182,-0.041335
4.165666,0.127735,-0.352854,0.997547,-1.807853,0.913979
4.169668,-1.083962,-0.140654,-0.569128,-1.664402,1.883975
4.173669,-2.541038,0.075259,-2.027220,-1.520837,2.918407
4.177671,-1.462467,0.290416,-1.506045,-1.377157,-2.317807
4.181673,1.030530,0.500324,0.614283,-1.233360,-1.303647
4.185674,3.118659,0.700558,2.409473,-1.089460,-0.284846
4.189676,2.894407,0.886865,1.893435,-0.945445,0.783058
4.193677,0.156724,1.055257,-0.762221,-0.801346,1.861999
4.197679,-1.293906,1.202102,-2.431711,-0.657136,2.878730
4.201681,-0.628020,1.324207,-1.924844,-0.512860,-2.451152
4.205682,1.827880,1.418895,0.277783,-0.368485,-1.464956
4.209684,4.311751,1.484065,2.461094,-0.224064,-0.423427
4.213685,3.922463,1.518250,2.158095,-0.079563,0.603768
4.217687,1.718049,1.520650,-0.014140,0.064960,1.576334
4.221689,-0.624536,1.491158,-2.166435,0.209539,2.547196
4.225690,-0.974285,1.430359,-2.454395,0.354117,-2.720369
4.229692,1.307405,1.339520,-0.327887,0.498724,-1.694076
4.233693,3.616065,1.220562,2.015218,0.643306,-0.692613
4.237695,4.091595,1.076017,2.510986,0.787888,0.312531
4.241697,1.746473,0.908972,0.550278,0.932421,1.361935
4.245698,-1.229272,0.722997,-1.942226,1.076919,2.439217
4.249700,-1.855537,0.522062,-2.169798,1.221344,-2.784190
4.253701,-0.501731,0.310445,-0.402396,1.365701,-1.766214
4.257703,1.145779,0.092633,1.346764,1.509965,-0.773520
4.261705,1.219213,-0.126778,1.690012,1.654131,0.218544
4.265706,-0.066198,-0.343187,0.564848,1.798188,1.207929
4.269708,-1.786391,-0.552085,-0.847491,1.942120,2.183343
4.273709,-2.583449,-0.749152,-1.402800,2.085930,-3.130278
4.277711,-2.033452,-0.930351,-0.742252,2.229594,-2.140277
4.281713,-0.762179,-1.092010,0.607373,2.373130,-1.109208
4.285714,0.044111,-1.230889,1.321316,2.516504,-0.039885
4.289716,-0.688169,-1.344248,0.622615,2.659749,1.039905
4.293717,-1.798613,-1.429890,-0.547879,2.802828,2.089356
4.297719,-2.299238,-1.486199,-1.002224,2.945781,3.083213
4.301721,-1.840623,-1.512167,-0.596797,3.088571,-2.234592
4.305722,-0.904223,-1.507400,0.319104,-3.051942,-1.241235
4.309724,-0.165127,-1.472126,0.981129,-2.909424,-0.209284
4.313725,-0.439142,-1.407173,0.676957,-2.767010,0.813564
4.317727,-1.170228,-1.313952,-0.185050,-2.624732,1.763360
4.321729,-1.841339,-1.194418,-0.921610,-2.482542,2.654641
4.325730,-1.745204,-1.051034,-1.113696,-2.340463,-2.678132
4.329732,-0.675973,-0.886716,-0.092717,-2.198455,-1.633338
4.333733,1.105665,-0.704774,1.423014,-2.056531,-0.550615
4.337735,1.124360,-0.508851,1.557768,-1.914656,0.520252
4.341737,-0.272725,-0.302850,0.003086,-1.772833,1.569172
4.345738,-1.987591,-0.090860,-1.722773,-1.631038,2.609760
4.349740,-1.802261,0.122914,-1.818156,-1.489262,-2.639156
4.353741,0.217067,0.334236,-0.105072,-1.347492,-1.620121
4.357743,2.318273,0.538911,1.791542,-1.205711,-0.612854
4.361745,2.763370,0.732869,2.077126,-1.063917,0.390277
4.365746,1.055148,0.912242,0.431638,-0.922085,1.381514
4.369748,-1.051310,1.073438,-1.685421,-0.780222,2.358912
4.373749,-1.669415,1.213210,-2.468715,-0.638296,-2.934638
4.377751,0.073383,1.328718,-0.901453,-0.496324,-1.914639
4.381753,3.150935,1.417593,1.761535,-0.354269,-0.881517
4.385754,4.213930,1.477980,2.802711,-0.212159,0.143585
4.389756,2.694952,1.508592,1.139940,-0.069956,1.168576
4.393758,-0.374606,1.508733,-1.787636,0.072307,2.212889
4.397759,-1.496147,1.478322,-2.952429,0.214667,-3.012516
4.401761,0.515072,1.417900,-1.110882,0.357089,-1.967614
4.405762,3.246381,1.328623,1.586543,0.499606,-0.953556
4.409764,4.472631,1.212249,2.647829,0.642181,0.037442
4.413766,2.756399,1.071105,1.345395,0.784841,1.030579
4.417767,0.045996,0.908045,-1.189470,0.927551,2.046173
4.421769,-1.857572,0.726396,-2.533131,1.070326,3.086188
4.425770,-0.709716,0.529882,-1.307394,1.213140,-2.149365
4.429772,1.336189,0.322555,0.946795,1.355998,-1.121152
4.433774,2.332638,0.108698,1.955068,1.498881,-0.131848
4.437775,1.428042,-0.107255,1.242915,1.641785,0.833259
4.441777,-0.617925,-0.320824,-0.455106,1.784697,1.824821
4.445778,-2.232331,-0.527573,-1.719447,1.927603,2.878791
4.449780,-2.049846,-0.723216,-1.110537,2.070499,-2.301309
4.453782,-0.667658,-0.903708,0.513219,2.213359,-1.204889
4.457783,-0.241983,-1.065335,1.149636,2.356189,-0.199958
4.461785,-0.782139,-1.204797,0.804132,2.498956,0.689625
4.465786,-1.728026,-1.319275,-0.063070,2.641674,1.629558
4.469788,-2.879244,-1.406496,-0.990998,2.784304,2.697854
4.473790,-2.611080,-1.464774,-0.808971,2.926864,-2.503307
4.477791,-1.925573,-1.493047,0.015080,3.069316,-1.553836
4.481793,-0.950528,-1.490892,0.715412,-3.071506,-0.695221
4.485794,-0.735521,-1.458527,1.055518,-2.929269,0.312690
4.489796,-1.240012,-1.396799,0.148301,-2.787134,1.449523
4.493798,-2.534632,-1.307156,-1.015299,-2.645136,2.575478
4.497799,-2.003060,-1.191607,-1.022671,-2.503252,-2.695405
4.501801,-1.264453,-1.052672,-0.222029,-2.361510,-1.761517
4.505802,0.353090,-0.893324,0.931453,-2.219890,-0.774008
4.509804,0.732957,-0.716912,1.354503,-2.078411,0.259608
4.513806,0.070741,-0.527091,0.444455,-1.937056,1.259801
4.517807,-1.170820,-0.327742,-0.932247,-1.795834,2.215462
4.521809,-1.663424,-0.122885,-1.732715,-1.654734,-3.092481
4.525810,-0.489174,0.083393,-0.931704,-1.513753,-2.075632
4.529812,1.776366,0.287028,1.028173,-1.372886,-1.051308
4.533814,3.069721,0.484050,2.197114,-1.232121,-0.043749
4.537815,2.256117,0.670664,1.358414,-1.091457,0.958540
4.541817,-0.305422,0.843311,-1.024177,-0.950871,1.981469
4.545818,-1.903993,0.998736,-2.731194,-0.810367,3.035598
4.549820,-0.806072,1.134035,-1.607719,-0.669912,-2.174601
4.553822,2.362214,1.246703,1.231662,-0.529514,-1.112683
4.557823,3.706180,1.334675,2.652274,-0.389135,-0.095929
4.561825,2.839367,1.396356,1.677573,-0.248787,0.871255
4.565826,0.148589,1.430648,-0.707816,-0.108430,1.838245
4.569828,-1.697146,1.436961,-2.668638,0.031925,2.846681
4.573830,-1.187944,1.415224,-2.087350,0.172321,-2.406076
4.577831,1.786131,1.365883,0.483598,0.312744,-1.395200
4.581833,3.842017,1.289889,2.541036,0.453236,-0.407427
4.585834,3.773539,1.188690,2.346026,0.593784,0.604763
4.589836,0.799087,1.064210,-0.291053,0.734422,1.671481
4.593838,-1.688096,0.918811,-2.569599,0.875141,2.767023
4.597839,-1.214367,0.755260,-1.883312,1.015967,-2.448435
4.601841,0.848498,0.576681,0.230990,1.156894,-1.461415
4.605842,2.406166,0.386500,1.678554,1.297944,-0.534002
4.609844,2.348630,0.188387,1.749007,1.439114,0.437732
4.613846,0.738732,-0.013807,0.165049,1.580415,1.482818
4.617847,-1.276882,-0.216116,-1.412903,1.721849,2.536981
4.621849,-1.451786,-0.414541,-1.420064,1.863416,-2.740648
4.625850,-0.640330,-0.605123,-0.258904,2.005122,-1.749490
4.629852,0.530939,-0.784022,1.068842,2.146958,-0.700743
4.633854,0.519888,-0.947600,1.172365,2.288936,0.372060
4.637855,-0.723589,-1.092488,0.229214,2.431039,1.357039
4.641857,-1.620094,-1.215670,-0.646698,2.573280,2.242015
4.645858,-2.480952,-1.314542,-1.149625,2.715636,-3.061321
4.649860,-1.744399,-1.386977,-0.456350,2.858121,-1.948207
4.653862,-0.688992,-1.431376,0.823341,3.000708,-0.815850
4.657863,-0.425165,-1.446710,1.073764,-3.139773,0.238964
4.661865,-1.228003,-1.432549,0.371456,-2.996982,1.215667
4.665866,-2.251077,-1.389074,-0.657448,-2.854091,2.207378
4.669868,-2.649896,-1.317085,-1.130655,-2.711129,-3.049804
4.673870,-1.924318,-1.217988,-0.526827,-2.568087,-2.055002
4.677871,-0.700864,-1.093768,0.505768,-2.424992,-1.123705
4.681873,0.199203,-0.946952,1.298547,-2.281838,-0.186567
4.685874,0.135668,-0.780553,1.044486,-2.138651,0.827810
4.689876,-1.365359,-0.598007,-0.562761,-1.995428,1.902147
4.693878,-2.185971,-0.403100,-1.786741,-1.852188,2.977509
4.697879,-1.336959,-0.199883,-1.193691,-1.708937,-2.285202
4.701881,0.886045,0.007415,0.461111,-1.565687,-1.324373
4.705882,2.498770,0.214482,1.958984,-1.422450,-0.350790
4.709884,2.654572,0.417018,1.792252,-1.279233,0.682176
4.713886,0.398227,0.610831,-0.412857,-1.136049,1.741402
4.717887,-1.266836,0.791926,-2.287779,-0.992900,2.775769
4.721889,-0.688380,0.956588,-1.993770,-0.849802,-2.514446
4.725890,1.590094,1.101463,0.088668,-0.706752,-1.535884
4.729892,4.196532,1.223624,2.282288,-0.563767,-0.543021
4.733894,4.114221,1.320630,2.490638,-0.420842,0.470349
4.737895,1.917316,1.390573,0.201899,-0.277996,1.500874
4.741897,-1.234992,1.432116,-2.413447,-0.135216,2.539864
4.745898,-1.350208,1.444508,-2.641272,0.007479,-2.705666
4.749900,0.891911,1.427591,-0.274776,0.150105,-1.666775
4.753902,3.540573,1.381800,2.243832,0.292648,-0.621099
4.757903,3.634010,1.308142,2.342643,0.435123,0.407816
4.761905,1.455040,1.208176,0.455600,0.577517,1.374401
4.765906,-0.709204,1.083975,-1.527898,0.719846,2.299782
4.769908,-1.879440,0.938078,-2.380883,0.862102,-2.991870
4.773910,-0.386058,0.773436,-0.818509,1.004301,-1.914467
4.777911,1.962551,0.593354,1.501190,1.146441,-0.833402
4.781913,2.266505,0.401421,1.939740,1.288535,0.160608
4.785914,1.170176,0.201449,0.872281,1.430586,1.088131
4.789916,-1.082823,-0.002607,-0.977914,1.572604,2.095106
4.793918,-2.175959,-0.206715,-1.929367,1.714598,-3.076154
4.797919,-1.154743,-0.406846,-0.634134,1.856574,-1.951633
4.801921,0.289265,-0.599051,0.836932,1.998544,-0.927088
4.805922,0.669884,-0.779527,1.236462,2.140513,-0.020218
4.809924,0.006631,-0.944693,0.718587,2.282498,0.957285
4.813926,-1.224561,-1.091251,-0.562781,2.424501,2.060520
4.817927,-2.037369,-1.216250,-0.992097,2.566539,3.135899
4.821929,-1.431199,-1.317146,-0.542035,2.708613,-2.291616
4.825930,-1.169950,-1.391847,0.097263,2.850740,-1.464023
4.829932,-0.114616,-1.438764,0.989420,2.992920,-0.381686
4.833934,-0.561431,-1.456837,0.747239,3.135169,0.778908
4.837935,-1.520130,-1.445570,-0.197882,-3.005701,1.787792
4.841937,-2.114322,-1.405039,-0.834925,-2.863303,2.618271
4.845938,-2.446244,-1.335906,-1.088614,-2.720826,-2.662400
4.849940,-1.089208,-1.239409,0.117743,-2.578259,-1.487828
4.853942,0.095433,-1.117349,1.335513,-2.435605,-0.313527
4.857943,-0.294467,-0.972060,0.944191,-2.292857,0.729460
4.861945,-1.182801,-0.806369,-0.067142,-2.150018,1.625415
4.865946,-2.218972,-0.623547,-1.120749,-2.007083,2.537435
4.869948,-2.073129,-0.427245,-1.419325,-1.864058,-2.759620
4.873950,-0.784466,-0.221429,-0.307434,-1.720943,-1.755529
4.877951,1.349875,-0.010297,1.330557,-1.577742,-0.750792
4.881953,1.940045,0.201809,1.895993,-1.434460,0.262640
4.885954,0.992125,0.410493,0.614141,-1.291102,1.272411
4.889956,-1.124670,0.611401,-1.443762,-1.147675,2.272433
4.893958,-1.556378,0.800313,-2.402797,-1.004182,-2.992632
4.897959,0.038969,0.973237,-0.937997,-0.860633,-1.941433
4.901961,3.226846,1.126496,1.660119,-0.717034,-0.889611
4.905962,4.178780,1.256814,2.609126,-0.573396,0.121626
4.909964,2.909675,1.361393,1.211540,-0.429726,1.107259
4.913966,0.061269,1.437976,-1.523127,-0.286037,2.128683
4.917967,-1.410295,1.484896,-2.961439,-0.142332,-3.086254
4.921969,0.511142,1.501120,-1.244493,0.001375,-2.017471
4.925970,3.288594,1.486264,1.472334,0.145079,-0.994656
4.929972,4.526363,1.440608,2.579584,0.288769,-0.018507
4.933974,3.197371,1.365091,1.479980,0.432438,0.954193
4.937975,0.433580,1.261288,-0.957061,0.576073,1.950992
4.941977,-1.476598,1.131375,-2.550004,0.719671,2.969659
4.945978,-0.904640,0.978078,-1.665621,0.863219,-2.276979
4.949980,1.558577,0.804607,0.837766,1.006716,-1.227222
4.953982,2.788791,0.614590,2.294160,1.150154,-0.183194
4.957983,1.820895,0.411988,1.454794,1.293529,0.827677
4.961985,-0.501579,0.201014,-0.470939,1.436837,1.804571
4.965986,-2.227767,-0.013962,-1.899518,1.580074,2.799706
4.969988,-2.064317,-0.228506,-1.508632,1.723237,-2.424951
4.973990,-0.271929,-0.438214,0.451856,1.866326,-1.325860
4.977991,0.890238,-0.638801,1.545301,2.009341,-0.258170
4.981993,0.160096,-0.826190,1.024396,2.152282,0.706917
4.985994,-0.923796,-0.996590,-0.057295,2.295153,1.616347
4.989996,-2.275806,-1.146573,-1.091045,2.437956,2.606866
4.993998,-2.342081,-1.273136,-1.059648,2.580694,-2.608766
4.997999,-1.363982,-1.373761,0.029004,2.723371,-1.545072
5.002001,-0.552064,-1.446461,0.893250,2.865993,-0.518110
5.006002,-0.501745,-1.489814,0.838451,3.008564,0.497665
5.010004,-1.283700,-1.502987,0.072001,-3.132092,1.489069
5.014006,-1.859948,-1.485748,-0.632838,-2.989599,2.405974
5.018007,-2.064923,-1.438469,-0.927995,-2.847133,-2.958095
5.022009,-1.461316,-1.362115,-0.381123,-2.704688,-1.926328
5.026010,-0.130093,-1.258223,0.796041,-2.562254,-0.834626
5.030012,0.159579,-1.128873,1.168936,-2.419823,0.208252
5.034014,-0.355437,-0.976646,0.500243,-2.277386,1.154593
5.038015,-1.601974,-0.804576,-0.718650,-2.134933,2.100687
5.042017,-2.247346,-0.616090,-1.674456,-1.992457,3.136251
5.046018,-1.261927,-0.414948,-0.871358,-1.849947,-2.060149
5.050020,0.956375,-0.205170,1.046216,-1.707398,-0.993790
5.054022,1.960634,0.009038,1.954090,-1.564801,0.015264
5.058023,1.123995,0.223370,1.114707,-1.422149,1.002100
5.062025,-0.925966,0.433499,-0.980418,-1.279435,2.025440
5.066026,-2.205875,0.635161,-2.312128,-1.136653,3.079935
5.070028,-0.847219,0.824241,-1.287403,-0.993798,-2.171352
5.074030,1.501528,0.996852,0.798991,-0.850864,-1.203359
5.078031,3.192361,1.149417,2.217825,-0.707851,-0.269392
5.082033,2.982517,1.278747,1.910031,-0.564754,0.703237
5.086034,0.601166,1.382110,-0.428680,-0.421577,1.730205
5.090036,-1.445532,1.457292,-2.612229,-0.278314,2.775860
5.094038,-0.967779,1.502649,-2.221056,-0.134970,-2.479306
5.098039,1.914454,1.517144,0.279429,0.008457,-1.472863
5.102041,4.411543,1.500380,2.670245,0.151959,-0.451745
5.106042,4.285029,1.452612,2.494855,0.295538,0.613044
5.110044,1.199988,1.374755,-0.386163,0.439181,1.701249
5.114046,-1.253511,1.268368,-2.521877,0.582889,2.758704
5.118047,-0.846257,1.135622,-2.034963,0.726648,-2.537861
5.122049,1.000891,0.979259,-0.021333,0.870457,-1.579715
5.126050,3.129927,0.802535,2.025970,1.014303,-0.568426
5.130052,2.973672,0.609150,2.049692,1.158184,0.494859
5.134054,0.659188,0.403172,0.037489,1.302084,1.553142
5.138055,-1.276229,0.188947,-1.574447,1.445998,2.560554
5.142057,-1.836644,-0.029000,-1.598959,1.589913,-2.762975
5.146058,-0.740538,-0.246065,-0.379709,1.733818,-1.801059
5.150060,0.396163,-0.457670,1.166651,1.877705,-0.791749
5.154062,0.775864,-0.659366,1.576854,2.021561,0.272160
5.158063,-0.858999,-0.846928,0.313994,2.165379,1.366031
5.162065,-2.438298,-1.016455,-1.068569,2.309144,2.451188
5.166066,-2.756320,-1.164449,-1.135243,2.452852,-2.786554
5.170068,-2.057766,-1.287895,-0.229122,2.596486,-1.787693
5.174070,-1.159848,-1.384324,0.654498,2.740043,-0.826850
5.178071,-1.013963,-1.451859,0.920013,2.883507,0.113240
5.182073,-1.347228,-1.489254,0.450197,3.026879,1.069569
5.186074,-2.260236,-1.495910,-0.446169,-3.113044,2.052896
5.190076,-2.600959,-1.471879,-0.983946,-2.969887,3.022272
5.194078,-2.212442,-1.417855,-0.728241,-2.826852,-2.313627
5.198079,-0.952952,-1.335152,0.311950,-2.683934,-1.317669
5.202081,0.208258,-1.225658,1.379170,-2.541147,-0.245691
5.206082,0.011526,-1.091794,1.005118,-2.398483,0.850565
5.210084,-1.506638,-0.936447,-0.527399,-2.255952,1.916093
5.214086,-2.201315,-0.762908,-1.557230,-2.113547,2.943644
5.218087,-1.606649,-0.574795,-1.112925,-1.971274,-2.321190
5.222089,0.373500,-0.375977,0.426742,-1.829125,-1.310338
5.226090,1.692529,-0.170490,1.586428,-1.687103,-0.330411
5.230092,1.666179,0.037541,1.413543,-1.545199,0.628663
5.234094,0.299153,0.243988,-0.054366,-1.403410,1.599922
5.238095,-1.336055,0.444797,-1.693940,-1.261729,2.580843
5.242097,-1.328314,0.636061,-1.985678,-1.120145,-2.721067
5.246098,0.454915,0.814089,-0.341116,-0.978652,-1.712262
5.250100,3.100110,0.975472,2.104657,-0.837235,-0.657140
5.254102,3.581194,1.117139,2.551559,-0.695892,0.419081
5.258103,1.048052,1.236412,0.253082,-0.554599,1.481011
5.262105,-1.409751,1.331047,-2.287809,-0.413358,2.519969
5.266106,-1.866383,1.399270,-2.566316,-0.272139,-2.734597
5.270108,0.701689,1.439802,-0.400045,-0.130943,-1.716900
5.274110,3.152975,1.451884,2.036956,0.010260,-0.719437
5.278111,3.918307,1.435284,2.623922,0.151467,0.275854
5.282113,1.878559,1.390308,0.744681,0.292710,1.297491
5.286114,-0.949576,1.317796,-1.874957,0.433984,2.335037
5.290116,-1.651772,1.219107,-2.527497,0.575320,-2.933262
5.294118,-0.116637,1.096099,-0.933748,0.716714,-1.954770
5.298119,2.409114,0.951099,1.409355,0.858196,-0.973380
5.302121,3.510524,0.786868,2.551672,0.999763,0.051323
5.306122,1.975104,0.606555,1.114295,1.141437,1.116149
5.310124,-0.825221,0.413650,-1.407394,1.283219,2.195796
5.314126,-1.846868,0.211917,-2.155125,1.425122,-3.020950
5.318127,-0.618247,0.005328,-0.781602,1.567151,-1.996933
5.322129,0.921525,-0.202010,0.848061,1.709311,-1.032602
5.326130,1.552585,-0.405935,1.518508,1.851609,-0.097578
5.330132,0.811017,-0.602310,0.948534,1.994044,0.869470
5.334134,-0.846224,-0.787105,-0.423672,2.136626,1.878035
5.338135,-2.000164,-0.956484,-1.253474,2.279344,2.882308
5.342137,-2.038804,-1.106889,-0.925552,2.422208,-2.427919
5.346138,-1.094224,-1.235119,0.172042,2.565201,-1.430546
5.350140,-0.363804,-1.338403,1.172571,2.708335,-0.349899
5.354142,-0.666345,-1.414470,0.842790,2.851586,0.779027
5.358143,-2.049452,-1.461603,-0.302816,2.994967,1.865284
5.362145,-2.567013,-1.478684,-0.895131,3.138449,2.847471
5.366146,-2.519713,-1.465226,-0.731677,-3.001141,-2.470212
5.370148,-1.587478,-1.421396,0.128526,-2.857465,-1.435041
5.374150,-0.859825,-1.348013,0.821937,-2.713698,-0.427667
5.378151,-0.817401,-1.246535,0.814533,-2.569871,0.447898
5.382153,-1.279888,-1.119036,0.234014,-2.425978,1.352207
5.386154,-2.226893,-0.968158,-0.962035,-2.282050,2.409191
5.390156,-2.345142,-0.797055,-1.295686,-2.138084,-2.786031
5.394158,-0.856271,-0.609326,-0.317543,-1.994107,-1.799353
5.398159,0.599740,-0.408933,1.008202,-1.850123,-0.878072
5.402161,1.903353,-0.200110,1.897089,-1.706154,0.146723
5.406162,0.649189,0.012731,0.647571,-1.562208,1.267673
5.410164,-1.242047,0.225104,-1.589853,-1.418300,2.377779
5.414166,-1.531101,0.432545,-2.070081,-1.274443,-2.885909
5.418167,0.275207,0.630712,-0.767508,-1.130644,-1.925480
5.422169,2.697809,0.815480,1.450265,-0.986924,-0.920991
5.426170,4.048601,0.983031,2.490726,-0.843281,0.126239
5.430172,2.414836,1.129939,1.028442,-0.699740,1.150999
5.434174,0.012379,1.253235,-1.395478,-0.556292,2.142949
5.438175,-1.404953,1.350469,-2.700494,-0.412963,-3.124389
5.442177,0.038469,1.419753,-1.327100,-0.269735,-2.076440
5.446178,2.803398,1.459792,1.295218,-0.126637,-1.060173
5.450180,4.015172,1.469908,2.620732,0.016357,-0.107773
5.454182,3.099793,1.450039,1.835161,0.159216,0.868286
5.458183,-0.169124,1.400738,-1.091694,0.301968,1.936371
5.462185,-2.348350,1.323153,-3.011245,0.444588,3.047627
5.466186,-0.880862,1.218989,-1.543037,0.587107,-2.163415
5.470188,1.608640,1.090470,0.968884,0.729505,-1.172799
5.474190,3.123401,0.940287,2.343958,0.871811,-0.210853
5.478191,2.300620,0.771541,1.659458,1.014013,0.789102
5.482193,-0.127236,0.587682,-0.530401,1.156135,1.808203
5.486194,-1.893466,0.392435,-2.014742,1.298173,2.810134
5.490196,-1.746953,0.189730,-1.609586,1.440144,-2.476349
5.494198,-0.021874,-0.016381,0.218157,1.582053,-1.460028
5.498199,1.430650,-0.221796,1.700995,1.723913,-0.434841
5.502201,1.044208,-0.422444,1.480491,1.865738,0.584854
5.506202,-0.583367,-0.614358,-0.073033,2.007532,1.614001
5.510204,-2.257893,-0.793747,-1.406043,2.149316,2.661589
5.514206,-2.145014,-0.957073,-1.222310,2.291085,-2.581719
5.518207,-1.110542,-1.101114,0.001006,2.432869,-1.570027
5.522209,-0.090087,-1.223024,1.022459,2.574656,-0.560654
5.526210,-0.201488,-1.320389,0.981464,2.716479,0.461732
5.530212,-1.161258,-1.391273,0.121326,2.858320,1.444207
5.534214,-2.040941,-1.434253,-0.612197,3.000216,2.343591
5.538215,-2.385342,-1.448455,-0.887144,-3.141042,-3.039164
5.542217,-2.130813,-1.433570,-0.453595,-2.999047,-2.073821
5.546218,-1.089598,-1.389862,0.452535,-2.857013,-1.097399
5.550220,-0.653599,-1.318174,1.093079,-2.714904,-0.118061
5.554222,-0.727650,-1.219906,0.761691,-2.572749,0.927239
5.558223,-2.252477,-1.096998,-0.633873,-2.430519,2.036419
5.562225,-2.749212,-0.951893,-1.472109,-2.288241,-3.138295
5.566226,-1.924982,-0.787491,-0.726176,-2.145894,-2.079350
5.570228,-0.148098,-0.607094,0.756286,-2.003501,-1.057516
5.574230,0.799233,-0.414343,1.611427,-1.861051,-0.036060
5.578231,0.272065,-0.213140,0.935692,-1.718560,0.974336
5.582233,-1.204365,-0.007572,-0.634406,-1.576027,1.944929
5.586234,-2.103460,0.198173,-1.855466,-1.433462,2.905047
5.590236,-1.519817,0.399894,-1.550293,-1.290874,-2.366964
5.594238,1.167581,0.593466,0.637331,-1.148266,-1.301429
5.598239,3.099784,0.774925,2.429789,-1.005658,-0.226613
5.602241,2.657077,0.940556,1.717962,-0.863044,0.810482
5.606242,0.258420,1.086975,-0.571777,-0.720456,1.799510
5.610244,-1.435035,1.211198,-2.504289,-0.577877,2.788341
5.614246,-1.039285,1.310704,-2.216453,-0.435345,-2.458979
5.618247,2.072847,1.383491,0.533000,-0.292838,-1.388278
5.622249,4.399092,1.428113,2.709389,-0.150399,-0.328419
5.626251,3.769582,1.443714,2.109013,-0.008002,0.686998
5.630252,1.220386,1.430043,-0.261084,0.134307,1.669387
5.634254,-1.145084,1.387457,-2.338653,0.276557,2.657150
5.638255,-1.204984,1.316909,-2.282311,0.418705,-2.622084
5.642257,0.939209,1.219917,-0.118865,0.560783,-1.616752
5.646259,3.085795,1.098534,2.075659,0.702751,-0.616479
5.650260,3.267148,0.955295,2.329376,0.844638,0.386459
5.654262,0.946511,0.793166,0.424806,0.986412,1.399600
5.658263,-1.650635,0.615473,-1.869431,1.128098,2.428775
5.662265,-2.510018,0.425835,-2.287052,1.269673,-2.801867
5.666267,-0.710329,0.228082,-0.361253,1.411156,-1.727279
5.670268,1.223431,0.026177,1.696450,1.552539,-0.647775
5.674270,1.176066,-0.175867,1.722316,1.693832,0.411994
5.678271,-0.431163,-0.374057,0.223130,1.835043,1.433414
5.682273,-1.993897,-0.564506,-1.062524,1.976171,2.413028
5.686275,-2.290243,-0.743499,-1.254221,2.117236,-2.919162
5.690276,-1.748814,-0.907564,-0.475477,2.258230,-1.973322
5.694278,-0.564067,-1.053537,0.635216,2.399185,-1.009369
5.698279,-0.117677,-1.178612,1.202185,2.540085,-0.013439
5.702281,-0.578651,-1.280395,0.646573,2.680975,1.011929
5.706283,-1.900850,-1.356935,-0.575178,2.821830,2.053640
5.710284,-2.541846,-1.406765,-1.270031,2.962703,3.110362
5.714286,-1.926515,-1.428919,-0.643190,3.103565,-2.086106
5.718287,-0.491577,-1.422953,0.726831,-3.038713,-0.974324
5.722289,-0.020304,-1.388947,1.197897,-2.897792,0.107678
5.726291,-0.607157,-1.327509,0.522589,-2.756800,1.080415
5.730292,-1.667790,-1.239760,-0.464717,-2.615767,1.984875
5.734294,-2.208631,-1.127320,-1.294528,-2.474640,2.985713
5.738295,-1.837005,-0.992280,-0.833189,-2.333446,-2.217513
5.742297,-0.124284,-0.837173,0.475281,-2.192142,-1.203052
5.746299,0.484490,-0.664931,1.264250,-2.050746,-0.329782
5.750300,0.691961,-0.478833,1.319010,-1.909227,0.584317
5.754302,-0.828562,-0.282454,-0.118285,-1.767596,1.635033
5.758303,-2.409569,-0.079602,-1.746808,-1.625834,2.703805
5.762305,-1.949771,0.125750,-1.661172,-1.483942,-2.594783
5.766307,-0.278898,0.329535,-0.158471,-1.341918,-1.645697
5.770308,2.269761,0.527668,1.944946,-1.199753,-0.618754
5.774310,2.645672,0.716129,2.259617,-1.057461,0.459070
5.778311,0.675371,0.891045,0.177084,-0.915024,1.499615
5.782313,-1.356244,1.048770,-1.961141,-0.772469,2.476995
5.786315,-1.656367,1.185964,-2.486743,-0.629767,-2.820646
5.790316,0.582506,1.299664,-0.594521,-0.486959,-1.790776
5.794318,3.501079,1.387360,1.940868,-0.344008,-0.768825
5.798319,4.221917,1.447051,2.620985,-0.200967,0.200286
5.802321,2.821904,1.477300,1.121115,-0.057794,1.159962
5.806323,-0.330460,1.477279,-1.726447,0.085452,2.178288
5.810324,-1.611695,1.446791,-3.119781,0.228813,-3.036025
5.814326,0.278221,1.386284,-1.177646,0.372234,-1.963457
5.818327,3.469440,1.296849,1.770711,0.515753,-0.919605
5.822329,4.412377,1.180208,2.758844,0.659317,0.097910
5.826331,2.633012,1.038678,1.166827,0.802958,1.114897
5.830332,-0.256051,0.875132,-1.350531,0.946629,2.141620
5.834334,-1.652603,0.692936,-2.293708,1.090352,-3.127276
5.838335,-0.760886,0.495875,-1.151206,1.234092,-2.150832
5.842337,0.908425,0.288070,0.742237,1.377861,-1.191163
5.846339,1.974341,0.073888,1.933662,1.521636,-0.194562
5.850340,1.092213,-0.142160,1.259225,1.665417,0.845790
5.854342,-1.091034,-0.355511,-0.544486,1.809197,1.886964
5.858343,-2.354652,-0.561659,-1.545208,1.952958,2.892411
5.862345,-2.333913,-0.756257,-1.110020,2.096709,-2.402347
5.866347,-0.998317,-0.935208,0.272901,2.240420,-1.382039
5.870348,-0.196465,-1.094763,1.311951,2.384113,-0.327255
5.874350,-0.489532,-1.231597,0.961636,2.527748,0.723965
5.878351,-1.851827,-1.342878,-0.212758,2.671360,1.749771
5.882353,-2.698483,-1.426331,-1.076863,2.814897,2.777828
5.886355,-2.552682,-1.480278,-0.857371,2.958405,-2.439490
5.890356,-1.424787,-1.503671,0.228659,3.101826,-1.352451
5.894358,-0.633338,-1.496108,0.903332,-3.037975,-0.304249
5.898359,-0.829566,-1.457837,0.678457,-2.894685,0.651290
5.902361,-1.225360,-1.389740,0.032587,-2.751439,1.531911
5.906363,-1.887553,-1.293307,-0.686864,-2.608289,2.413395
5.910364,-1.915586,-1.170601,-1.069357,-2.465190,-2.930332
5.914366,-1.158567,-1.024210,-0.434287,-2.322188,-1.903643
5.918367,0.602478,-0.857183,1.070182,-2.179242,-0.806057
5.922369,1.148075,-0.672969,1.583315,-2.036388,0.305048
5.926371,0.018521,-0.475339,0.346514,-1.893596,1.362647
5.930372,-1.470010,-0.268310,-1.201293,-1.750886,2.343820
5.934374,-1.836368,-0.056065,-1.858773,-1.608241,-2.960870
5.938375,-0.497214,0.157130,-0.715453,-1.465666,-1.919287
5.942377,2.037134,0.367006,1.449576,-1.323159,-0.847386
5.946379,2.688458,0.569379,2.120571,-1.180707,0.186652
5.950380,1.565048,0.760223,0.872983,-1.038326,1.149545
5.954382,-0.586258,0.935751,-1.117010,-0.895983,2.090368
5.958383,-1.706931,1.092483,-2.452939,-0.753707,3.076447
5.962385,-0.641348,1.227307,-1.502977,-0.611452,-2.178162
5.966387,2.370508,1.337540,1.133185,-0.469256,-1.142837
5.970388,4.064840,1.420975,2.771250,-0.327065,-0.117153
5.974390,3.091152,1.475930,1.747370,-0.184928,0.909380
5.978391,0.081517,1.501277,-1.049871,-0.042780,1.946326
5.982393,-1.662068,1.496465,-2.771065,0.099326,2.982098
5.986395,-0.646281,1.461535,-1.772415,0.241455,-2.285608
5.990396,2.113450,1.397120,0.726991,0.383557,-1.289640
5.994398,3.934404,1.304433,2.460201,0.525695,-0.291645
5.998399,3.437041,1.185257,1.892374,0.667820,0.714968
6.002401,0.910138,1.041911,-0.349466,0.809988,1.715165
6.006403,-1.109985,0.877210,-2.171848,0.952158,2.712156
6.010404,-1.173812,0.694412,-1.968762,1.094372,-2.546169
6.014406,0.894718,0.497157,0.193745,1.236603,-1.486658
6.018407,2.552970,0.289393,1.929624,1.378879,-0.431952
6.022409,2.045967,0.075306,1.614883,1.521188,0.571942
6.026411,0.212415,-0.140769,0.051618,1.663538,1.542403
6.030412,-1.692979,-0.354433,-1.500470,1.805931,2.556232
6.034414,-2.103059,-0.561316,-1.530340,1.948359,-2.651307
6.038415,-0.684990,-0.757167,0.009665,2.090838,-1.564604
6.042417,0.139472,-0.937949,1.153508,2.233340,-0.525467
6.046419,0.090753,-1.099921,1.033585,2.375900,0.442916
6.050420,-1.170887,-1.239720,0.205020,2.518473,1.371159
6.054422,-1.965757,-1.354433,-0.656123,2.661103,2.298247
6.058423,-2.768458,-1.441663,-0.986087,2.803733,-3.042647
6.062425,-2.101734,-1.499581,-0.489354,2.946416,-2.057932
6.066427,-1.319789,-1.526968,0.596480,3.089085,-1.008418
6.070428,-0.489775,-1.523238,1.159996,-3.051388,0.084249
6.074430,-1.309144,-1.488456,0.451232,-2.908704,1.174685
6.078431,-2.207821,-1.423331,-0.718904,-2.765990,2.236205
6.082433,-2.526486,-1.329202,-1.162386,-2.623316,-3.004463
6.086435,-1.581155,-1.208009,-0.460911,-2.480632,-1.971971
6.090436,-0.224318,-1.062249,0.656530,-2.337998,-0.978340
6.094438,0.430951,-0.894919,1.214608,-2.195374,-0.041432
6.098439,0.235446,-0.709455,0.838152,-2.052810,0.901681
6.102441,-0.992517,-0.509652,-0.492001,-1.910278,1.900965
6.106443,-1.774769,-0.299587,-1.588278,-1.767811,2.908983
6.110444,-1.165144,-0.083530,-1.308064,-1.625397,-2.414450
6.114446,0.771541,0.134138,0.222618,-1.483051,-1.459947
6.118447,2.940132,0.349023,2.179651,-1.340781,-0.422660
6.122449,2.965025,0.556805,2.065398,-1.198580,0.691791
6.126451,0.216504,0.753325,-0.666514,-1.056471,1.816900
6.130452,-1.516416,0.934665,-2.502351,-0.914426,2.880355
6.134454,-0.693707,1.097225,-1.877612,-0.772485,-2.434637
6.138455,1.635866,1.237790,0.198850,-0.630600,-1.492838
6.142457,4.041412,1.353587,2.413356,-0.488823,-0.492268
6.146459,3.979839,1.442340,2.411863,-0.347093,0.550878
6.150460,1.366397,1.502310,-0.026790,-0.205470,1.580374
6.154462,-1.187015,1.532326,-2.319778,-0.063880,2.571761
6.158463,-1.463576,1.531802,-2.566426,0.077615,-2.729770
6.162465,0.634847,1.500741,-0.434864,0.219093,-1.721204
6.166467,3.614980,1.439741,2.315697,0.360497,-0.681395
6.170468,3.886217,1.349975,2.779126,0.501904,0.379261
6.174470,1.490386,1.233176,0.353186,0.643261,1.448863
6.178471,-1.494797,1.091607,-2.185141,0.784639,2.506295
6.182473,-1.583813,0.928015,-2.306821,0.925997,-2.754483
6.186475,0.111606,0.745580,-0.433000,1.067394,-1.758239
6.190476,2.314365,0.547864,1.612502,1.208807,-0.748479
6.194478,2.563845,0.338741,1.949206,1.350279,0.277238
6.198479,1.008523,0.122330,0.541546,1.491801,1.265014
6.202481,-0.839641,-0.097079,-0.963473,1.633396,2.190628
6.206483,-1.847132,-0.315110,-1.662367,1.775076,-3.133436
6.210484,-1.274964,-0.527384,-0.798958,1.916840,-2.078033
6.214486,0.216548,-0.729606,0.797275,2.058717,-1.001884
6.218487,0.568882,-0.917650,1.265539,2.200688,-0.022366
6.222489,-0.045831,-1.087644,0.778976,2.342798,0.874473
6.226491,-1.352079,-1.236052,-0.397561,2.485007,1.879962
6.230492,-2.552866,-1.359749,-1.321773,2.627373,3.007539
6.234494,-2.025358,-1.456091,-0.670953,2.769839,-2.147849
6.238495,-1.070409,-1.522979,0.494354,2.912472,-1.109682
6.242497,-0.599932,-1.558910,1.091207,3.055202,-0.100103
6.246499,-1.151702,-1.563013,0.602402,-3.085087,0.993643
6.250500,-2.384240,-1.535079,-0.509297,-2.942099,2.111455
6.254502,-2.541607,-1.475573,-0.781921,-2.798953,3.050627
6.258503,-2.372575,-1.385629,-0.658492,-2.655728,-2.577270
6.262505,-1.651919,-1.267035,-0.159257,-2.512362,-1.720050
6.266507,-0.253551,-1.122199,1.109907,-2.368931,-0.624977
6.270508,0.122891,-0.954100,1.329713,-2.225386,0.510774
6.274510,-1.109503,-0.766227,-0.038323,-2.081791,1.595161
6.278511,-2.248941,-0.562503,-1.407559,-1.938116,2.622181
6.282513,-2.031303,-0.347199,-1.506508,-1.794407,-2.646563
6.286515,-0.290772,-0.124846,-0.098268,-1.650658,-1.625102
6.290516,1.721244,0.099872,1.556519,-1.506894,-0.609511
6.294518,2.102370,0.322220,1.838352,-1.363133,0.395221
6.298519,0.898812,0.537522,0.367346,-1.219379,1.394866
6.302521,-1.065940,0.741261,-1.625599,-1.075668,2.391241
6.306523,-1.278375,0.929186,-2.303876,-0.931985,-2.891102
6.310524,0.546809,1.097399,-0.750683,-0.788385,-1.869657
6.314526,3.512741,1.242442,1.803860,-0.644834,-0.830870
6.318527,4.548069,1.361377,2.684135,-0.501405,0.199181
6.322529,2.720523,1.451842,0.986397,-0.358046,1.212274
6.326531,-0.095073,1.512103,-1.819509,-0.214841,2.240536
6.330532,-1.470206,1.541084,-2.957188,-0.071724,-2.979014
6.334534,0.696710,1.538381,-0.969617,0.071216,-1.911165
6.338535,3.327479,1.504259,1.707983,0.214053,-0.889501
6.342537,4.181742,1.439642,2.585005,0.356700,0.080021
6.346539,2.635652,1.346081,1.272578,0.499231,1.059540
6.350540,-0.355703,1.225714,-1.270600,0.641568,2.082986
6.354542,-1.753745,1.081208,-2.464250,0.783779,3.109667
6.358543,-0.936205,0.915693,-1.346176,0.925802,-2.195462
6.362545,1.242874,0.732687,0.710602,1.067695,-1.250858
6.366547,2.631274,0.536020,2.263013,1.209418,-0.260593
6.370548,2.006199,0.329749,1.658058,1.351013,0.804972
6.374550,-0.800557,0.118072,-0.757594,1.492462,1.908256
6.378551,-2.331482,-0.094754,-2.020112,1.633788,2.994138
6.382553,-1.738288,-0.304499,-1.126221,1.774998,-2.260410
6.386555,-0.299491,-0.507047,0.459323,1.916094,-1.275924
6.390556,0.627362,-0.698467,1.409515,2.057111,-0.278800
6.394558,0.090911,-0.875088,0.990477,2.198028,0.747598
6.398559,-1.134290,-1.033559,-0.237065,2.338906,1.767920
6.402561,-2.120388,-1.170908,-1.005420,2.479703,2.757647
6.406563,-1.868173,-1.284591,-0.819662,2.620500,-2.545621
6.410564,-1.221052,-1.372531,-0.004332,2.761239,-1.575632
6.414566,-0.394332,-1.433153,0.633338,2.902014,-0.686678
6.418567,-0.298450,-1.465405,0.861732,3.042756,0.148319
6.422569,-0.565325,-1.468768,0.456931,-3.099616,1.121035
6.426571,-1.854958,-1.443270,-0.738785,-2.958810,2.232460
6.430572,-2.246204,-1.389475,-1.206217,-2.817904,-2.924143
6.434574,-1.411954,-1.308477,-0.370758,-2.676978,-1.881303
6.438575,-0.180278,-1.201877,0.795821,-2.535935,-0.901336
6.442577,0.376671,-1.071760,1.432546,-2.394845,0.134865
6.446579,-0.377288,-0.920655,0.522858,-2.253627,1.229047
6.450580,-2.091371,-0.751493,-1.037450,-2.112338,2.291711
6.454582,-2.155367,-0.567556,-1.579006,-1.970919,-3.009945
6.458583,-1.468757,-0.372424,-0.792169,-1.829410,-2.044941
6.462585,0.900350,-0.169908,0.997600,-1.687779,-1.029142
6.466587,1.782587,0.036019,2.091960,-1.546044,0.011523
6.470588,1.141171,0.241295,1.120884,-1.404202,1.039803
6.474590,-1.254937,0.441848,-1.106707,-1.262245,2.061277
6.478591,-2.237360,0.633675,-2.484937,-1.120201,3.095851
6.482593,-0.939861,0.812917,-1.400378,-0.978038,-2.143590
6.486595,2.208848,0.975943,1.189472,-0.835811,-1.102843
6.490596,3.854864,1.119422,2.653853,-0.693467,-0.063062
6.494598,2.947652,1.240401,1.470124,-0.551087,0.976308
6.498599,0.331012,1.336369,-1.039770,-0.408599,1.995378
6.502601,-0.870318,1.405314,-2.389762,-0.266099,2.975103
6.506603,-0.097219,1.445771,-1.688661,-0.123502,-2.350749
6.510604,2.271797,1.456857,0.461909,0.019085,-1.381124
6.514606,4.279804,1.438291,2.326028,0.161754,-0.391757
6.518607,3.913799,1.390414,2.120545,0.304397,0.610968
6.522609,1.475386,1.314179,-0.169160,0.447101,1.634300
6.526611,-1.186014,1.211139,-2.423994,0.589766,2.685443
6.530612,-1.024762,1.083411,-2.163764,0.732471,-2.532661
6.534614,1.233347,0.933628,0.226822,0.875132,-1.479428
6.538615,3.040401,0.764891,2.074225,1.017814,-0.452991
6.542617,2.681270,0.580693,1.833847,1.160453,0.554212
6.546619,0.443722,0.384852,0.013618,1.303093,1.564136
6.550620,-1.514478,0.181420,-1.654552,1.445695,2.594728
6.554622,-1.983000,-0.025397,-1.567429,1.588277,-2.640908
6.558623,-0.594841,-0.231341,-0.060944,1.730830,-1.609334
6.562625,0.222093,-0.432186,1.109494,1.873346,-0.640689
6.566627,0.376620,-0.623832,1.254198,2.015847,0.268477
6.570628,-0.702318,-0.802389,0.467259,2.158297,1.219515
6.574630,-2.155263,-0.964258,-0.937301,2.300747,2.275934
6.578631,-2.834945,-1.106200,-1.406357,2.443135,-2.883329
6.582633,-1.679537,-1.225404,-0.252789,2.585538,-1.757997
6.586635,-0.529452,-1.319538,0.936283,2.727873,-0.687810
6.590636,-0.390214,-1.386791,1.049193,2.870237,0.309901
6.594638,-1.121320,-1.425904,0.300028,3.012532,1.286019
6.598639,-2.103978,-1.436187,-0.704161,-3.128318,2.292614
6.602641,-2.344633,-1.417527,-1.025971,-2.986046,-2.975877
6.606643,-1.621979,-1.370384,-0.424939,-2.843728,-2.008379
6.610644,-0.638995,-1.295778,0.464711,-2.701466,-1.096308
6.614646,0.129829,-1.195259,1.098500,-2.559154,-0.176187
6.618647,-0.112432,-1.070877,0.887246,-2.416886,0.791974
6.622649,-1.123999,-0.925135,-0.306813,-2.274570,1.787637
6.626651,-2.327030,-0.760943,-1.529985,-2.132280,2.798104
6.630652,-1.835789,-0.581557,-1.418917,-1.989948,-2.431755
6.634654,0.220467,-0.390522,0.515891,-1.847624,-1.319929
6.638655,2.053993,-0.191601,2.080780,-1.705267,-0.189236
6.642657,1.268467,0.011290,1.262696,-1.562899,0.877872
6.646659,-0.441186,0.214161,-0.443509,-1.420509,1.811609
6.650660,-1.658106,0.413015,-1.828678,-1.278084,2.710298
6.654662,-1.659347,0.603922,-1.919906,-1.135646,-2.557235
6.658663,0.849845,0.783093,0.242351,-0.993152,-1.470877
6.662665,2.866619,0.946944,2.137627,-0.850654,-0.428492
6.666667,2.770357,1.092172,2.006028,-0.708081,0.516116
6.670668,1.029381,1.215816,0.282578,-0.565511,1.457187
6.674670,-1.518354,1.315315,-2.168456,-0.422847,2.481309
6.678671,-1.757738,1.388563,-2.628754,-0.280186,-2.739577
6.682673,0.698982,1.433949,-0.371010,-0.137416,-1.701277
6.686675,3.622657,1.450400,2.227904,0.005356,-0.684566
6.690676,4.172634,1.437407,2.740721,0.148247,0.358712
6.694678,1.772031,1.395047,0.398515,0.291148,1.430853
6.698679,-0.965208,1.323993,-2.069402,0.434173,2.477264
6.702681,-1.303524,1.225506,-2.287909,0.577219,-2.827424
6.706683,0.287874,1.101422,-0.690376,0.720391,-1.870732
6.710684,2.460474,0.954117,1.509698,0.863603,-0.866560
6.714686,3.361407,0.786474,2.222194,1.006939,0.167605
6.718687,1.505564,0.601830,0.796587,1.150335,1.185912
6.722689,-0.388456,0.403913,-1.166225,1.293848,2.188796
6.726691,-1.814966,0.196767,-1.915417,1.437440,-3.085141
6.730692,-0.726991,-0.015327,-0.894133,1.581135,-2.084226
6.734694,0.569191,-0.227946,0.818828,1.724929,-1.093054
6.738695,1.422636,-0.436620,1.795427,1.868813,-0.052737
6.742697,0.274951,-0.636923,0.860182,2.012812,1.051949
6.746699,-1.909446,-0.824577,-0.827852,2.156883,2.145489
6.750700,-2.468918,-0.995547,-1.287867,2.301079,3.136741
6.754702,-2.312818,-1.146133,-0.717524,2.445327,-2.219457
6.758703,-1.243740,-1.273062,0.382092,2.589704,-1.232868
6.762705,-0.617246,-1.373556,1.035879,2.734111,-0.236880
6.766707,-1.096235,-1.445405,0.792276,2.878644,0.677049
6.770708,-1.748325,-1.487013,-0.066314,3.023185,1.630782
6.774710,-3.159463,-1.497442,-1.092536,-3.115345,2.727372
6.778711,-2.610812,-1.476428,-0.857709,-2.970704,-2.426431
6.782713,-1.806560,-1.424395,0.146328,-2.825970,-1.424359
6.786715,-0.804948,-1.342441,0.863699,-2.681272,-0.556812
6.790716,-0.508224,-1.232311,1.106116,-2.536511,0.415948
6.794718,-1.309710,-1.096361,0.071972,-2.391804,1.518694
6.798719,-2.343227,-0.937495,-1.253559,-2.247072,2.637735
6.802721,-1.924334,-0.759103,-1.182150,-2.102411,-2.590347
6.806723,-0.445609,-0.564985,-0.081907,-1.957767,-1.631454
6.810724,0.995096,-0.359259,1.063607,-1.813207,-0.729787
6.814726,1.686604,-0.146268,1.605121,-1.668710,0.210052
6.818727,0.785845,0.069512,0.630924,-1.524307,1.232037
6.822729,-1.090680,0.283575,-1.374026,-1.380007,2.297077
6.826731,-1.654786,0.491478,-2.079287,-1.235808,-2.946560
6.830732,-0.015471,0.688932,-0.843690,-1.091749,-1.969213
6.834734,2.246513,0.871894,1.283546,-0.947792,-1.000384
6.838735,3.903604,1.036644,2.665854,-0.804009,0.031457
6.842737,2.329007,1.179864,1.263158,-0.660327,1.115773
6.846739,-0.628562,1.298696,-1.729837,-0.516840,2.204364
6.850740,-1.855698,1.390800,-2.840279,-0.373448,-3.019593
6.854742,0.025668,1.454385,-1.143878,-0.230261,-1.994536
6.858743,2.684565,1.488247,1.494247,-0.087157,-0.991671
6.862745,4.025701,1.491782,2.721642,0.055745,0.001363
6.866747,2.474971,1.464993,1.486309,0.198575,1.000879
6.870748,-0.291925,1.408489,-1.203631,0.341218,2.018404
6.874750,-2.190881,1.323465,-2.736589,0.483803,3.039598
6.878752,-0.954132,1.211676,-1.676392,0.626229,-2.239577
6.882753,1.588986,1.075395,0.891863,0.768616,-1.236103
6.886755,3.538894,0.917375,2.694128,0.910881,-0.194025
6.890756,2.443952,0.740792,1.685583,1.053126,0.886793
6.894758,-0.536566,0.549186,-0.933254,1.195295,1.965215
6.898760,-1.862331,0.346397,-2.087525,1.337458,2.994610
6.902761,-1.450162,0.136485,-1.261896,1.479594,-2.324298
6.906763,0.179693,-0.076341,0.303414,1.621740,-1.391271
6.910764,1.235213,-0.287811,1.500877,1.763910,-0.433468
6.914766,1.055449,-0.493667,1.359929,1.906103,0.585935
6.918768,-0.562444,-0.689751,-0.131227,2.048370,1.656010
6.922769,-2.057571,-0.872084,-1.235485,2.190672,2.713700
6.926771,-1.927809,-1.036945,-1.007895,2.333089,-2.593356
6.930772,-1.416884,-1.180949,-0.093434,2.475550,-1.653613
6.934774,-0.413854,-1.301120,0.924421,2.618159,-0.631788
6.938776,-0.566770,-1.394949,0.995248,2.760816,0.446284
6.942777,-1.555205,-1.460451,0.097388,2.903644,1.474231
6.946779,-2.448536,-1.496211,-0.743182,3.046523,2.429111
6.950780,-2.811928,-1.501418,-1.002160,-3.093602,-2.854432
6.954782,-1.947910,-1.475887,-0.225540,-2.950494,-1.779490
6.958784,-0.950230,-1.420070,0.798858,-2.807208,-0.719824
6.962785,-0.668524,-1.335049,1.001320,-2.663879,0.262750
6.966787,-1.261849,-1.222516,0.375464,-2.520389,1.215468
6.970788,-2.174536,-1.084748,-0.669129,-2.376861,2.186808
6.974790,-2.580985,-0.924556,-1.260366,-2.233203,-3.131478
6.978792,-1.824956,-0.745229,-0.796073,-2.089516,-2.156217
6.982793,-0.042698,-0.550471,0.740105,-1.945738,-1.113520
6.986795,1.235366,-0.344317,1.843168,-1.801943,-0.020682
6.990796,0.554182,-0.131048,0.943420,-1.658106,1.047228
6.994798,-1.250862,0.084902,-0.875815,-1.514264,2.044274
6.998800,-1.923454,0.299039,-2.060128,-1.370431,3.029427
7.002801,-1.097887,0.506910,-1.351281,-1.226606,-2.213481
7.006803,1.859739,0.704193,0.930905,-1.082843,-1.157565
7.010804,3.278029,0.886801,2.284930,-0.939103,-0.152090
7.014806,2.862962,1.050961,1.645024,-0.795477,0.816349
7.018808,0.621942,1.193304,-0.635971,-0.651889,1.819081
7.022809,-1.429635,1.310931,-2.617179,-0.508457,2.858711
7.026811,-0.465896,1.401473,-2.038112,-0.365076,-2.390629
7.030812,2.142005,1.463138,0.582986,-0.221883,-1.365464
7.034814,4.610774,1.494745,2.775772,-0.078754,-0.319197
7.038816,3.777228,1.495744,2.124472,0.064166,0.738443
7.042817,0.795280,1.466228,-0.515123,0.207011,1.761146
7.046819,-1.227033,1.406918,-2.419308,0.349639,2.740195
7.050820,-1.448877,1.319143,-2.190537,0.492184,-2.550697
7.054822,1.176759,1.204805,0.138363,0.634521,-1.517941
7.058824,2.907676,1.066331,2.207129,0.776773,-0.482771
7.062825,2.911623,0.906621,2.027647,0.918839,0.517123
7.066827,0.509827,0.728981,0.164915,1.060820,1.497237
7.070828,-1.583204,0.537059,-1.777294,1.202648,2.503688
7.074830,-2.236880,0.334760,-1.973788,1.344393,-2.733320
7.078832,-0.460200,0.126170,-0.195625,1.486028,-1.668521
7.082833,1.019474,-0.084525,1.449584,1.627587,-0.620897
7.086835,1.147597,-0.293127,1.453419,1.769087,0.366042
7.090836,-0.160639,-0.495498,0.391553,1.910524,1.298117
7.094838,-1.541812,-0.687640,-0.984336,2.051953,2.288933
7.098840,-2.382325,-0.865772,-1.472814,2.193332,-2.878352
7.102841,-1.072699,-1.026400,-0.166920,2.334755,-1.690633
7.106843,-0.194578,-1.166376,0.943060,2.476143,-0.539708
7.110844,-0.365107,-1.282965,0.728723,2.617621,0.391901
7.114846,-0.912027,-1.373884,0.345533,2.759081,1.086329
7.118848,-1.647931,-1.437350,-0.393998,2.900670,2.022153
7.122849,-2.316532,-1.472112,-0.971499,3.042257,-3.125650
7.126851,-1.723819,-1.477474,-0.388868,-3.099186,-2.033010
7.130852,-1.021944,-1.453313,0.295636,-2.957429,-1.181548
7.134854,-0.459497,-1.400075,0.882773,-2.815503,-0.372971
7.138856,-0.362666,-1.318780,0.954542,-2.673548,0.697052
7.142857,-1.742717,-1.210996,-0.450013,-2.531423,1.894592
7.146859,-2.605427,-1.078815,-1.366251,-2.389257,3.070701
7.150860,-1.656863,-0.924822,-0.681039,-2.246933,-2.174545
7.154862,-0.683186,-0.752041,0.271728,-2.104560,-1.325674
7.158864,0.472282,-0.563887,1.118159,-1.962055,-0.500423
7.162865,0.646597,-0.364094,1.415789,-1.819495,0.453308
7.166867,-0.419540,-0.156649,0.122883,-1.676840,1.505285
7.170868,-2.233468,0.054286,-1.779837,-1.534127,2.593850
7.174870,-1.997806,0.264461,-1.878527,-1.391362,-2.617394
7.178872,0.292570,0.469614,-0.059221,-1.248541,-1.597657
7.182873,2.443977,0.665567,1.895101,-1.105716,-0.612984
7.186875,3.269884,0.848310,2.331146,-0.962842,0.398273
7.190876,1.107183,1.014089,0.306261,-0.820013,1.458034
7.194878,-1.197296,1.159484,-2.288656,-0.677145,2.533348
7.198880,-1.379708,1.281485,-2.484256,-0.534365,-2.700206
7.202881,1.184528,1.377557,-0.317841,-0.391557,-1.688457
7.206883,3.833186,1.445693,2.125899,-0.248874,-0.683364
7.210884,4.371404,1.484464,2.618707,-0.106178,0.349162
7.214886,2.265051,1.493052,0.478421,0.036365,1.394621
7.218888,-0.472702,1.471266,-1.904724,0.178901,2.402274
7.222889,-0.862846,1.419551,-2.441278,0.321267,-2.931282
7.226891,0.344488,1.338973,-1.014280,0.463610,-1.973371
7.230892,3.189417,1.231199,1.585978,0.605779,-0.948827
7.234894,4.069642,1.098457,2.709772,0.747907,0.115160
7.238896,2.149576,0.943489,1.023725,0.889869,1.165272
7.242897,-0.688969,0.769494,-1.384265,1.031771,2.176350
7.246899,-2.097864,0.580054,-2.323230,1.173522,-3.115675
7.250900,-1.114918,0.379054,-1.166278,1.315196,-2.112198
7.254902,0.866761,0.170597,1.032367,1.456746,-1.083024
7.258904,1.909291,-0.041080,2.099196,1.598208,-0.029548
7.262905,0.590000,-0.251700,0.990265,1.739580,1.030462
7.266907,-1.469019,-0.457027,-0.802851,1.880854,2.061811
7.270908,-2.458526,-0.652958,-1.509755,2.022076,3.046387
7.274910,-2.098337,-0.835603,-0.900405,2.163193,-2.262532
7.278912,-0.916994,-1.001362,0.409825,2.304296,-1.260618
7.282913,-0.105239,-1.146991,1.232359,2.445293,-0.245769
7.286915,-0.565620,-1.269666,0.876056,2.586313,0.764018
7.290916,-1.606546,-1.367027,-0.254330,2.727232,1.787529
7.294918,-2.589214,-1.437223,-1.091631,2.868207,2.834330
7.298920,-2.146090,-1.478937,-0.811412,3.009091,-2.415179
7.302921,-1.219770,-1.491409,0.156141,-3.133130,-1.421580
7.306923,-0.233575,-1.474444,0.978283,-2.992241,-0.423758
7.310924,-0.271426,-1.428407,0.901994,-2.851254,0.613000
7.314926,-1.154471,-1.354215,-0.075678,-2.710324,1.640175
7.318928,-1.892279,-1.253315,-0.930614,-2.569286,2.599060
7.322929,-1.907294,-1.127654,-1.092890,-2.428281,-2.758774
7.326931,-0.943070,-0.979645,-0.277672,-2.287169,-1.775299
7.330932,0.640384,-0.812123,1.176610,-2.146066,-0.722242
7.334934,1.056933,-0.628291,1.603343,-2.004865,0.356028
7.338936,-0.197931,-0.431665,0.269021,-1.863646,1.419106
7.342937,-1.824416,-0.226014,-1.385708,-1.722344,2.444299
7.346939,-1.901049,-0.015292,-1.772766,-1.580997,-2.853182
7.350940,-0.467013,0.196430,-0.593041,-1.439590,-1.879535
7.354942,1.826214,0.405032,1.330325,-1.298112,-0.883353
7.358944,2.768185,0.606427,2.196344,-1.156598,0.135022
7.362945,1.597340,0.796633,0.935859,-1.014991,1.149248
7.366947,-0.744156,0.971849,-1.279342,-0.873372,2.146658
7.370948,-1.722161,1.128529,-2.438440,-0.731639,3.141001
7.374950,-0.555633,1.263449,-1.363856,-0.589911,-2.138010
7.378952,2.308963,1.373775,1.122089,-0.448054,-1.130008
7.382953,3.993232,1.457125,2.715715,-0.306216,-0.122848
7.386955,3.160217,1.511625,1.790433,-0.164238,0.898187
7.390956,0.250032,1.535957,-1.093536,-0.022286,1.945195
7.394958,-1.676164,1.529398,-2.991358,0.119809,3.005003
7.398960,-0.211524,1.491839,-1.809457,0.261880,-2.227430
7.402961,2.723312,1.423804,1.061124,0.404096,-1.192074
7.406963,4.666650,1.326450,2.715848,0.546297,-0.166701
7.410964,3.381099,1.201556,1.731288,0.688637,0.846347
7.414966,0.831325,1.051498,-0.658749,0.830977,1.840712
7.418968,-1.288033,0.879208,-2.245472,0.973443,2.826304
7.422969,-0.952774,0.688116,-1.765581,1.115930,-2.461905
7.426971,0.784150,0.482083,0.234155,1.258527,-1.462136
7.430972,2.416301,0.265324,1.829726,1.401172,-0.473468
7.434974,2.042954,0.042317,1.737792,1.543910,0.525026
7.438976,0.082061,-0.182293,-0.004875,1.686724,1.573277
7.442977,-1.997556,-0.403791,-1.617739,1.829609,2.659597
7.446979,-2.111191,-0.617503,-1.326772,1.972596,-2.558636
7.450980,-0.983514,-0.818897,0.014197,2.115631,-1.560444
7.454982,-0.323779,-1.003694,1.050065,2.258790,-0.584455
7.458984,-0.198691,-1.167956,1.071381,2.401973,0.445283
7.462985,-1.649040,-1.308183,0.075206,2.545297,1.499982
7.466987,-2.264246,-1.421388,-0.722540,2.688623,2.482242
7.470988,-2.810899,-1.505168,-0.838094,2.832097,-2.912169
7.474990,-2.128766,-1.557756,-0.360663,2.975551,-1.968046
7.478992,-1.337381,-1.578059,0.629888,3.119149,-0.906284
7.482993,-0.793378,-1.565682,1.023538,-3.020478,0.195885
7.486995,-1.411179,-1.520933,0.324276,-2.876790,1.241625
7.490996,-2.214010,-1.444810,-0.574545,-2.733157,2.180989
7.494998,-2.398047,-1.338976,-1.141711,-2.589421,3.119876
7.499000,-1.842960,-1.205719,-0.696152,-2.445752,-2.113800
7.503001,0.095125,-1.047893,0.792085,-2.302018,-1.004064
7.507003,0.814465,-0.868853,1.484499,-2.158360,0.071901
7.511004,0.310122,-0.672376,0.719398,-2.014680,1.064679
7.515006,-1.015312,-0.462578,-0.689727,-1.871079,2.026282
7.519008,-1.713453,-0.243821,-1.676957,-1.727505,3.027650
7.523009,-0.772210,-0.020620,-1.087757,-1.584010,-2.247178
7.527011,1.101086,0.202447,0.467963,-1.440590,-1.302697
7.531012,2.697829,0.420840,1.802715,-1.297245,-0.393064
7.535014,2.793651,0.630147,1.908843,-1.154023,0.595571
7.539016,0.621646,0.826168,-0.279815,-1.010868,1.677322
7.543017,-1.775438,1.005003,-2.598816,-0.867872,2.789932
7.547019,-1.040332,1.163115,-2.028034,-0.724930,-2.412241
7.551020,1.604638,1.297400,0.469028,-0.582174,-1.392022
7.555022,3.720513,1.405240,2.449940,-0.439456,-0.398404
7.559024,3.525304,1.484551,2.225377,-0.296939,0.622501
7.563025,0.846014,1.533819,-0.267985,-0.154443,1.668326
7.567027,-1.271307,1.552125,-2.412218,-0.012148,2.699705
7.571028,-1.149282,1.539160,-2.193315,0.130145,-2.587601
7.575030,1.330973,1.495226,-0.080654,0.272255,-1.602340
7.579032,3.464024,1.421226,2.112776,0.414380,-0.597951
7.583033,3.918422,1.318653,2.301411,0.556355,0.412020
7.587035,1.565447,1.189563,0.402316,0.698360,1.406792
7.591036,-0.713223,1.036534,-1.836027,0.840257,2.409813
7.595038,-1.619860,0.862619,-2.340712,0.982197,-2.834098
7.599040,0.196086,0.671288,-0.494532,1.124082,-1.782798
7.603041,2.343603,0.466365,1.604599,1.266022,-0.756862
7.607043,2.524321,0.251952,2.047698,1.407967,0.264042
7.611044,1.079196,0.032356,0.485187,1.549978,1.329859
7.615046,-1.414654,-0.187993,-1.360599,1.692054,2.416804
7.619048,-1.489380,-0.404635,-1.457602,1.834201,-2.856314
7.623049,-1.045246,-0.613162,-0.517900,1.976473,-1.959055
7.627051,0.199383,-0.809313,0.765361,2.118818,-0.998035
7.631052,0.702778,-0.989061,1.403188,2.261340,0.090408
7.635054,-0.490364,-1.148694,0.483427,2.403937,1.173243
7.639056,-1.528892,-1.284895,-0.561443,2.546753,2.114793
7.643057,-2.466489,-1.394815,-1.113105,2.689641,3.005010
7.647059,-2.041627,-1.476138,-0.774035,2.832777,-2.226110
7.651060,-0.869035,-1.527132,0.648101,2.975978,-1.053568
7.655062,-0.282985,-1.546694,1.170940,3.119439,0.115545
7.659064,-1.202583,-1.534374,0.385855,-3.020229,1.158160
7.663065,-1.976362,-1.490391,-0.363261,-2.876459,2.016393
7.667067,-2.453068,-1.415631,-0.862820,-2.732642,2.876737
7.671068,-2.288214,-1.311638,-0.740882,-2.588600,-2.430144
7.675070,-1.254229,-1.180575,0.126014,-2.444524,-1.446525
7.679072,-0.287514,-1.025188,0.943764,-2.300268,-0.521995
7.683073,0.031729,-0.848738,1.158601,-2.155995,0.428165
7.687075,-0.632087,-0.654940,0.162137,-2.011601,1.462216
7.691076,-2.031189,-0.447873,-1.357368,-1.867207,2.524956
7.695078,-1.648231,-0.231893,-1.634213,-1.722763,-2.716907
7.699080,-0.044892,-0.011539,-0.227078,-1.578337,-1.687997
7.703081,2.458916,0.208570,1.670390,-1.433940,-0.648342
7.707083,2.854417,0.423839,2.046983,-1.289580,0.392354
7.711084,1.393636,0.629797,0.347414,-1.145326,1.420375
7.715086,-0.806946,0.822195,-1.869070,-1.001127,2.448957
7.719088,-1.037613,0.997093,-2.352925,-0.857104,-2.795734
7.723089,1.022495,1.150946,-0.509737,-0.713149,-1.775946
7.727091,3.579732,1.280672,1.766806,-0.569431,-0.799345
7.731092,4.428299,1.383714,2.664352,-0.425794,0.183783
7.735094,2.694191,1.458092,0.971452,-0.282439,1.230988
7.739096,-0.540975,1.502433,-1.986948,-0.139174,2.311110
7.743097,-1.374870,1.515998,-2.746673,0.003783,-2.933732
7.747099,0.398224,1.498676,-1.051388,0.146646,-1.965240
7.751100,3.006392,1.450988,1.595990,0.289199,-0.983827
7.755102,4.626403,1.374059,3.051246,0.431656,0.081182
7.759104,2.273811,1.269598,1.113503,0.573821,1.195729
7.763105,-0.776168,1.139846,-1.846036,0.715891,2.293344
7.767107,-1.817648,0.987533,-2.424020,0.857703,-2.952630
7.771108,-0.261043,0.815809,-0.859308,0.999427,-1.969561
7.775110,1.565032,0.628184,1.095172,1.140947,-1.005838
7.779112,2.368488,0.428451,1.930521,1.282390,-0.047677
7.783113,1.431594,0.220613,1.151590,1.423697,0.911023
7.787115,-0.684519,0.008809,-0.606969,1.564940,1.899351
7.791116,-2.117647,-0.202768,-1.836514,1.706123,2.940832
7.795118,-1.778064,-0.409947,-1.141435,1.847256,-2.265946
7.799120,0.013111,-0.608664,0.577242,1.988409,-1.202506
7.803121,0.629798,-0.795026,1.394345,2.129529,-0.190684
7.807123,0.314556,-0.965388,0.925840,2.270749,0.789515
7.811124,-1.172836,-1.116415,-0.296574,2.411958,1.805720
7.815126,-2.000840,-1.245144,-1.174639,2.553337,2.881117
7.819128,-1.818055,-1.349035,-0.735584,2.694726,-2.310593
7.823129,-0.741440,-1.426021,0.275199,2.836343,-1.270865
7.827131,-0.385963,-1.474550,0.770951,2.977992,-0.318212
7.831132,-0.478376,-1.493609,0.636486,3.119912,0.594515
7.835134,-1.150342,-1.482755,0.038228,-3.021302,1.521421
7.839136,-1.841831,-1.442120,-0.629014,-2.879038,2.459372
7.843137,-2.036668,-1.372419,-0.856206,-2.736705,-2.874603
7.847139,-1.548084,-1.274943,-0.316710,-2.594079,-1.888953
7.851140,-0.399524,-1.151539,0.759868,-2.451370,-0.858138
7.855142,0.029182,-1.004585,1.281519,-2.308392,0.197803
7.859144,-0.745039,-0.836946,0.441946,-2.165321,1.257346
7.863145,-2.137415,-0.651924,-1.034048,-2.022021,2.309132
7.867147,-2.467150,-0.453203,-1.585397,-1.878625,-2.940194
7.871148,-1.083136,-0.244775,-0.597363,-1.735061,-1.929929
7.875150,0.795349,-0.030862,1.073291,-1.591401,-0.934870
7.879152,2.041809,0.184166,1.948657,-1.447646,0.059232
7.883153,1.104457,0.395886,1.029988,-1.303803,1.066619
7.887155,-0.774193,0.599916,-1.162623,-1.159940,2.096736
7.891156,-1.920647,0.792004,-2.454596,-1.016000,3.139437
7.895158,-0.333822,0.968127,-1.306567,-0.872117,-2.110430
7.899160,2.566175,1.124575,1.209064,-0.728172,-1.092286
7.903161,4.196461,1.258039,2.714922,-0.584354,-0.074454
7.907163,3.328767,1.365688,1.630137,-0.440495,0.948279
7.911164,0.347168,1.445234,-1.075781,-0.296823,1.960293
7.915166,-1.161740,1.494984,-2.847251,-0.153130,2.957440
7.919168,-0.419914,1.513882,-2.041800,-0.009668,-2.313725
7.923169,2.920120,1.501529,0.933303,0.133793,-1.265845
7.927171,4.987631,1.458196,2.999189,0.276999,-0.204764
7.931172,3.761886,1.384815,1.954479,0.420180,0.832372
7.935174,0.794653,1.282965,-0.711270,0.563098,1.833998
7.939176,-1.533100,1.154828,-2.478470,0.705965,2.819869
7.943177,-1.178692,1.003138,-1.980286,0.848581,-2.472381
7.947179,0.768506,0.831117,0.246005,0.991124,-1.469920
7.951180,2.683362,0.642398,2.109962,1.133447,-0.455833
7.955182,2.226924,0.440948,1.884890,1.275677,0.567625
7.959184,0.017140,0.230973,-0.052332,1.417733,1.595737
7.963185,-2.019889,0.016831,-1.698170,1.559677,2.627236
7.967187,-2.269669,-0.197069,-1.549415,1.701500,-2.613966
7.971188,-0.895291,-0.406355,0.012964,1.843198,-1.562715
7.975190,0.111289,-0.606792,1.187244,1.984834,-0.533720
7.979192,-0.017466,-0.794362,1.071876,2.126338,0.424339
7.983193,-0.899715,-0.965343,0.275498,2.267841,1.314451
7.987195,-1.951082,-1.116383,-0.703494,2.409209,2.241287
7.991196,-2.502864,-1.244557,-1.211904,2.550635,-3.002630
7.995198,-1.751979,-1.347425,-0.386827,2.691928,-1.884334
7.999200,-0.461810,-1.423068,0.853062,2.833327,-0.767340
8.003201,-0.354037,-1.470119,1.038052,2.974603,0.268140
8.007203,-0.964776,-1.487780,0.360554,3.116020,1.219308
8.011204,-2.074136,-1.475831,-0.670262,-3.025856,2.208309
8.015206,-2.420865,-1.434626,-1.183401,-2.884385,-2.994188
8.019208,-1.632602,-1.365080,-0.375349,-2.743004,-1.900659
8.023209,-0.338499,-1.268644,0.645608,-2.601458,-0.911892
8.027211,-0.023472,-1.147280,1.050909,-2.459980,-0.053135
8.031212,-0.022726,-1.003410,0.807729,-2.318352,0.848178
8.035214,-1.329863,-0.839878,-0.409598,-2.176768,1.860375
8.039216,-2.170884,-0.659892,-1.556110,-2.035062,2.914785
8.043217,-1.645104,-0.466965,-1.163795,-1.893375,-2.320439
8.047219,0.300906,-0.264851,0.494220,-1.751609,-1.291676
8.051220,1.730032,-0.057482,1.797450,-1.609838,-0.286222
8.055222,1.499377,0.151111,1.525815,-1.468039,0.694378
8.059224,-0.236951,0.356869,-0.230547,-1.326210,1.676716
8.063225,-2.075870,0.555776,-2.202314,-1.184406,2.700914
8.067227,-1.807692,0.743932,-2.142103,-1.042551,-2.515815
8.071228,1.090601,0.917629,0.354067,-0.900772,-1.440741
8.075230,3.382217,1.073417,2.506867,-0.758923,-0.389932
8.079232,3.230299,1.208175,2.160340,-0.617197,0.620623
8.083233,0.840900,1.319175,-0.073878,-0.475388,1.598687
8.087235,-1.311147,1.404135,-2.304735,-0.333736,2.576393
8.091236,-1.495557,1.461272,-2.577229,-0.191990,-2.701013
8.095238,1.084550,1.489338,-0.286179,-0.050419,-1.668595
8.099240,4.053907,1.487653,2.378148,0.091251,-0.628413
8.103241,4.356054,1.456128,2.660860,0.232743,0.406937
8.107243,2.042798,1.395274,0.364658,0.374332,1.441446
8.111244,-0.798114,1.306203,-2.133662,0.515756,2.479913
8.115246,-1.071804,1.190607,-2.347343,0.657268,-2.779727
8.119248,0.589996,1.050734,-0.524320,0.798644,-1.799055
8.123249,2.722876,0.889341,1.490608,0.940099,-0.841635
8.127251,3.292114,0.709647,2.221376,1.081461,0.155837
8.131253,1.718145,0.515267,0.781418,1.222885,1.210041
8.135254,-0.847604,0.310143,-1.337783,1.364269,2.280453
8.139256,-1.623238,0.098457,-1.785682,1.505695,-2.968724
8.143257,-0.826073,-0.115456,-0.660494,1.647135,-1.994248
8.147259,0.349913,-0.327202,0.756549,1.788597,-1.043660
8.151261,0.975141,-0.532424,1.473060,1.930131,-0.064842
8.155262,-0.022931,-0.726893,0.836790,2.071665,0.965270
8.159264,-1.602628,-0.906604,-0.654207,2.213325,2.046424
8.163265,-2.738885,-1.067861,-1.309982,2.354962,-3.137855
8.167267,-2.027261,-1.207357,-0.562080,2.496770,-2.083474
8.171269,-1.286687,-1.322248,0.473069,2.638534,-1.097921
8.175270,-0.712209,-1.410212,1.021319,2.780499,-0.090903
8.179272,-1.259196,-1.469495,0.539910,2.922404,1.001474
8.183273,-2.220492,-1.498947,-0.435035,3.064524,2.093599
8.187275,-2.364576,-1.498042,-0.695818,-3.076615,2.989617
8.191277,-2.225354,-1.466882,-0.637300,-2.934356,-2.589033
8.195278,-1.421801,-1.406193,-0.071787,-2.792182,-1.642805
8.199280,-0.208226,-1.317302,1.045505,-2.649817,-0.511858
8.203281,0.013488,-1.202099,1.022208,-2.507541,0.620894
8.207283,-1.045553,-1.062996,-0.109276,-2.365115,1.658826
8.211285,-1.716481,-0.902868,-1.128063,-2.222776,2.620700
8.215286,-1.702697,-0.724991,-1.293310,-2.080340,-2.668312
8.219288,-0.090460,-0.532973,-0.083183,-1.937987,-1.623088
8.223289,1.510128,-0.330675,1.386326,-1.795603,-0.588311
8.227291,1.869727,-0.122136,1.600251,-1.653291,0.407311
8.231293,0.575556,0.088511,0.319804,-1.511019,1.398909
8.235294,-1.151331,0.297116,-1.487511,-1.368802,2.409747
8.239296,-1.529236,0.499592,-2.016397,-1.226694,-2.868092
8.243297,0.084623,0.691987,-0.687871,-1.084621,-1.887415
8.247299,2.447677,0.870558,1.499980,-0.942719,-0.901741
8.251301,3.731543,1.031836,2.660334,-0.800832,0.131252
8.255302,1.974665,1.172692,1.020454,-0.659165,1.207875
8.259304,-0.989123,1.290392,-1.914567,-0.517491,2.289227
8.263305,-1.845983,1.382641,-2.772976,-0.376067,-2.946573
8.267307,0.144177,1.447627,-1.003729,-0.234610,-1.944084
8.271309,2.972306,1.484050,1.606991,-0.093411,-0.953545
8.275310,4.323557,1.491147,2.843617,0.047844,0.068902
8.279312,2.640685,1.468714,1.232747,0.188853,1.122626
8.283313,-0.317684,1.417110,-1.524809,0.329938,2.167355
8.287315,-1.521959,1.337254,-2.553107,0.470811,-3.112074
8.291317,-0.276241,1.230613,-1.312367,0.611780,-2.129363
8.295318,2.094801,1.099177,1.063663,0.752594,-1.122591
8.299320,3.534441,0.945429,2.379180,0.893519,-0.090554
8.303321,2.297613,0.772310,1.349970,1.034364,0.931626
8.307323,0.026094,0.583162,-0.758461,1.175330,1.930362
8.311325,-1.585290,0.381674,-2.060545,1.316299,2.940105
8.315326,-1.104835,0.171817,-1.352125,1.457395,-2.297214
8.319328,0.865849,-0.042239,0.619047,1.598584,-1.238256
8.323329,1.670289,-0.256198,1.678236,1.739903,-0.200191
8.327331,1.126722,-0.465724,1.067772,1.881405,0.805807
8.331333,-0.781879,-0.666526,-0.314220,2.023036,1.794277
8.335334,-1.798701,-0.854450,-1.254944,2.164933,2.794604
8.339336,-2.077296,-1.025566,-0.973993,2.306953,-2.462302
8.343337,-1.004278,-1.176258,0.150881,2.449307,-1.438542
8.347339,-0.551705,-1.303300,0.936955,2.591774,-0.463189
8.351341,-0.611650,-1.403935,0.915123,2.734625,0.476937
8.355342,-1.593057,-1.475939,0.112921,2.877580,1.467075
8.359344,-2.650588,-1.517675,-0.935868,3.020945,2.529475
8.363345,-2.792754,-1.528136,-1.019632,-3.118785,-2.680378
8.367347,-1.720754,-1.506975,-0.083135,-2.974920,-1.645315
8.371349,-0.767219,-1.454520,0.911162,-2.830978,-0.623465
8.375350,-0.484279,-1.371768,1.019167,-2.686654,0.413521
8.379352,-1.419479,-1.260373,0.169738,-2.542268,1.407902
8.383353,-2.032119,-1.122609,-0.655522,-2.397555,2.280245
8.387355,-2.415042,-0.961326,-1.136163,-2.252795,3.115469
8.391357,-1.791363,-0.779890,-0.835145,-2.107788,-2.205177
8.395358,0.015071,-0.582107,0.705759,-1.962751,-1.135673
8.399360,1.386350,-0.372141,1.846346,-1.817566,-0.041156
8.403361,0.783424,-0.154420,1.001994,-1.672369,1.028903
8.407363,-0.986199,0.066462,-0.955490,-1.527135,2.064428
8.411365,-1.736194,0.285851,-2.111365,-1.381905,3.080561
8.415366,-0.577108,0.499129,-1.289951,-1.236752,-2.182019
8.419368,2.187077,0.701820,0.980788,-1.091621,-1.144372
8.423369,3.726854,0.889690,2.417567,-0.946677,-0.106709
8.427371,3.034481,1.058835,1.520034,-0.801770,0.901252
8.431373,0.495015,1.205768,-0.769926,-0.657145,1.881645
8.435374,-1.109047,1.327489,-2.574539,-0.512570,2.876792
8.439376,-0.656562,1.421544,-2.024090,-0.368348,-2.374415
8.443377,2.379645,1.486072,0.682613,-0.224183,-1.330399
8.447379,4.394278,1.519835,2.737035,-0.080417,-0.303796
8.451381,3.714973,1.522245,2.181922,0.063287,0.715217
8.455382,0.811563,1.493363,-0.517638,0.206577,1.750653
8.459384,-1.743740,1.433896,-2.629034,0.349802,2.783693
8.463385,-1.226545,1.345172,-2.172286,0.492632,-2.501295
8.467387,0.938383,1.229101,0.179697,0.635399,-1.504835
8.471389,3.453791,1.088137,2.493408,0.777822,-0.447892
8.475390,2.865790,0.925219,2.082280,0.920187,0.650870
8.479392,0.334833,0.743716,-0.292632,1.062282,1.700637
8.483393,-1.416654,0.547350,-1.705555,1.204325,2.620982
8.487395,-1.700276,0.340127,-1.835050,1.346193,-2.764096
8.491397,-0.427505,0.126250,-0.344356,1.488017,-1.738288
8.495398,1.609425,-0.089959,1.569862,1.629774,-0.651665
8.499400,1.420607,-0.304144,1.631774,1.771499,0.377382
8.503401,0.162673,-0.511998,0.382757,1.913270,1.333562
8.507403,-1.708091,-0.709343,-1.119524,2.055022,2.334284
8.511405,-2.252513,-0.892211,-1.495253,2.196930,-2.872977
8.515406,-1.229993,-1.056925,-0.327085,2.338829,-1.811245
8.519408,-0.143374,-1.200161,0.826690,2.480983,-0.828719
8.523409,0.218313,-1.319023,1.175791,2.623141,0.161662
8.527411,-0.617027,-1.411092,0.369269,2.765632,1.245856
8.531413,-1.813468,-1.474478,-0.707320,2.908142,2.341666
8.535414,-1.988084,-1.507858,-0.836833,3.051038,-2.975442
8.539416,-1.776373,-1.510508,-0.435015,-3.089222,-2.126094
8.543417,-1.038522,-1.482320,0.354735,-2.945887,-1.180312
8.547419,-0.503343,-1.423811,1.023157,-2.802515,-0.138698
8.551421,-0.894935,-1.336114,0.687177,-2.658745,0.895956
8.555422,-1.935103,-1.220964,-0.389124,-2.514932,1.904290
8.559424,-2.690092,-1.080664,-1.279836,-2.370766,2.932122
8.563425,-2.107224,-0.918049,-0.940371,-2.226557,-2.306580
8.567427,-0.462582,-0.736422,0.401568,-2.082070,-1.292843
8.571429,0.796657,-0.539498,1.491726,-1.937544,-0.311551
8.575430,0.853351,-0.331322,1.337252,-1.792842,0.687862
8.579432,-0.676774,-0.116184,-0.281689,-1.648107,1.720681
8.583433,-1.954972,0.101466,-1.838323,-1.503312,2.758222
8.587435,-1.404965,0.317115,-1.645762,-1.358494,-2.511574
8.591437,0.732212,0.526283,0.098870,-1.213741,-1.523997
8.595438,2.960405,0.724620,1.932389,-1.068977,-0.535034
8.599440,3.255734,0.908001,2.134613,-0.924401,0.475543
8.603441,1.434817,1.072615,0.176016,-0.779829,1.501090
8.607443,-0.906501,1.215053,-2.131826,-0.635551,2.524943
8.611445,-1.042053,1.332375,-2.484294,-0.491291,-2.744012
8.615446,1.225642,1.422175,-0.432289,-0.347410,-1.725066
8.619448,4.130913,1.482629,2.286581,-0.203562,-0.678959
8.623449,4.678167,1.512538,2.757734,-0.060149,0.389045
8.627451,2.034682,1.511348,0.350543,0.083213,1.450196
8.631453,-0.694806,1.479160,-2.224881,0.226116,2.488608
8.635454,-1.221884,1.416725,-2.504156,0.368954,-2.767055
8.639456,0.862724,1.325419,-0.432945,0.511343,-1.740969
8.643457,2.984610,1.207208,1.765083,0.653654,-0.736747
8.647459,3.362508,1.064605,2.196307,0.795558,0.223664
8.651461,1.665290,0.900612,0.859476,0.937374,1.179804
8.655462,-0.802183,0.718653,-1.352628,1.078852,2.195567
8.659464,-2.184136,0.522498,-2.251749,1.220230,-3.024493
8.663465,-0.779518,0.316180,-0.824471,1.361363,-1.974619
8.667467,0.856365,0.103910,1.080380,1.502390,-0.973674
8.671469,1.683158,-0.110009,1.828671,1.643281,0.007913
8.675470,0.494349,-0.321272,0.932406,1.784065,1.021720
8.679472,-1.460076,-0.525652,-0.828364,1.924829,2.075389
8.683473,-2.501586,-0.719087,-1.576141,2.065487,-3.140799
8.687475,-1.852125,-0.897756,-0.693522,2.206241,-2.090385
8.691477,-0.623203,-1.058153,0.572176,2.346893,-1.082260
8.695478,-0.199778,-1.197152,1.092453,2.487749,-0.129337
8.699480,-0.487156,-1.312059,0.740430,2.628516,0.822549
8.703481,-1.622409,-1.400662,-0.317163,2.769576,1.856697
8.707483,-2.374535,-1.461269,-1.089596,2.910564,2.958093
8.711485,-1.946338,-1.492733,-0.629228,3.051912,-2.243187
8.715486,-1.028453,-1.494476,0.264662,-3.089978,-1.274515
8.719488,-0.422522,-1.466490,0.859343,-2.948285,-0.399549
8.723489,-0.318791,-1.409342,0.934665,-2.806620,0.568749
8.727491,-1.341824,-1.324156,-0.131591,-2.664552,1.673391
8.731493,-2.309360,-1.212596,-1.258818,-2.522487,2.817526
8.735494,-1.824490,-1.076834,-0.900524,-2.380047,-2.390110
8.739496,-0.511851,-0.919511,0.116596,-2.237584,-1.467557
8.743497,0.331524,-0.743693,0.966670,-2.094807,-0.634816
8.747499,0.919895,-0.552811,1.371633,-1.951983,0.282978
8.751501,-0.173667,-0.350602,0.459147,-1.808930,1.291905
8.755502,-1.702256,-0.141039,-1.268970,-1.665807,2.323602
8.759504,-2.346110,0.071738,-1.973641,-1.522561,-2.931191
8.763505,-0.703178,0.283501,-0.705875,-1.379225,-1.901838
8.767507,1.740418,0.490016,1.487832,-1.235881,-0.873118
8.771509,2.878817,0.687121,2.437411,-1.092436,0.155244
8.775510,1.525706,0.870814,0.959393,-0.949098,1.196370
8.779512,-1.120592,1.037338,-1.728853,-0.805650,2.255915
8.783513,-1.795857,1.183249,-2.693986,-0.662413,-2.965768
8.787515,0.211302,1.305501,-0.944674,-0.519061,-1.936259
8.791517,3.041007,1.401505,1.473474,-0.376002,-0.960539
8.795518,4.328976,1.469194,2.634254,-0.232832,0.001682
8.799520,3.147339,1.507073,1.471009,-0.090012,1.007403
8.803521,0.314579,1.514257,-1.253050,0.052910,2.039123
8.807523,-1.340643,1.490499,-2.702964,0.195458,3.042454
8.811525,-0.207139,1.436199,-1.757789,0.338094,-2.265153
8.815526,2.459108,1.352398,0.931913,0.480366,-1.243541
8.819528,4.645739,1.240768,2.927884,0.622710,-0.148573
8.823529,3.150639,1.103575,1.583554,0.764730,0.961524
8.827531,0.157797,0.943638,-1.021333,0.906799,2.005964
8.831533,-1.131247,0.764272,-2.155796,1.048611,2.973131
8.835534,-1.014248,0.569210,-1.432482,1.190444,-2.322153
8.839536,1.144216,0.362525,0.556076,1.332109,-1.283087
8.843537,1.714593,0.148539,1.653555,1.473769,-0.278418
8.847539,1.406804,-0.068271,1.257616,1.615364,0.631648
8.851541,-0.420956,-0.283377,0.024263,1.756926,1.555586
8.855542,-2.088579,-0.492291,-1.430261,1.898531,2.599410
8.859544,-2.486525,-0.690675,-1.361409,2.040077,-2.576226
8.863545,-1.197647,-0.874432,0.100698,2.181772,-1.500883
8.867547,-0.360846,-1.039794,1.134684,2.323382,-0.505273
8.871549,-0.421392,-1.183407,1.130787,2.465239,0.471427
8.875550,-1.601556,-1.302395,0.066610,2.606992,1.519417
8.879552,-2.752054,-1.394420,-1.096925,2.749068,2.631332
8.883553,-2.627572,-1.457725,-0.924880,2.891028,-2.568264
8.887555,-1.652038,-1.491166,-0.069479,3.033361,-1.644848
8.891557,-0.885653,-1.494230,0.662769,-3.107615,-0.825108
8.895558,-0.332204,-1.467030,1.147239,-2.965012,0.152516
8.899560,-1.005149,-1.410301,0.398565,-2.822534,1.250082
8.903561,-2.199035,-1.325369,-0.821608,-2.679678,2.309969
8.907563,-2.314917,-1.214118,-1.177458,-2.536941,-3.056346
8.911565,-1.717437,-1.078940,-0.749542,-2.393879,-2.158790
8.915566,0.022022,-0.922685,0.712955,-2.250927,-1.115531
8.919568,1.278448,-0.748591,1.777273,-2.107737,0.001392
8.923569,0.425927,-0.560216,0.842262,-1.964640,1.081451
8.927571,-1.122395,-0.361364,-0.897884,-1.821420,2.090964
8.931573,-2.022550,-0.156007,-1.910236,-1.678274,3.095053
8.935574,-0.872037,0.051788,-1.093008,-1.535134,-2.142108
8.939576,1.310712,0.257942,0.931239,-1.392048,-1.095967
8.943577,2.616686,0.458432,2.011388,-1.249105,-0.107434
8.947579,1.894395,0.649373,1.401558,-1.106193,0.850911
8.951581,-0.072424,0.827082,-0.655684,-0.963554,1.858878
8.955582,-1.856273,0.988145,-2.330335,-0.820920,2.903250
8.959584,-0.948653,1.129472,-1.713398,-0.678667,-2.371212
8.963585,1.275606,1.248354,0.386871,-0.536392,-1.412895
8.967587,3.539601,1.342505,2.464764,-0.394576,-0.423310
8.971589,3.401565,1.410108,2.352526,-0.252715,0.643002
8.975590,0.384344,1.449846,-0.500223,-0.111355,1.740026
8.979592,-1.805289,1.460925,-2.643752,0.030073,2.796731
8.983593,-1.278241,1.443095,-2.135893,0.171000,-2.497506
8.987595,1.257521,1.396650,0.154852,0.312015,-1.513163
8.991597,3.700006,1.322432,2.427238,0.452573,-0.474781
8.995598,3.543969,1.221820,2.184406,0.593234,0.590986
8.999600,1.055939,1.096715,-0.129454,0.733517,1.624751
9.003601,-0.869272,0.949505,-1.869458,0.873909,2.594420
9.007603,-1.167755,0.783030,-1.941510,1.014034,-2.739203
9.011605,0.360937,0.600530,-0.368680,1.154269,-1.748073
9.015606,2.165011,0.405588,1.503726,1.294374,-0.731562
9.019608,2.422856,0.202061,1.853883,1.434585,0.266120
9.023609,0.884819,-0.005986,0.590790,1.574816,1.250277
9.027611,-1.253802,-0.214365,-1.214293,1.715143,2.271483
9.031613,-2.225948,-0.418848,-1.810322,1.855645,-2.926116
9.035614,-1.026386,-0.615253,-0.388454,1.996228,-1.802336
9.039616,0.225358,-0.799536,1.064107,2.137134,-0.710945
9.043617,0.148228,-0.967877,1.080112,2.278105,0.253754
9.047619,-0.677584,-1.116764,0.454725,2.419531,1.098338
9.051621,-1.793899,-1.243065,-0.452570,2.561007,2.021851
9.055622,-2.590796,-1.344110,-1.048634,2.703040,3.072339
9.059624,-2.347720,-1.417743,-0.541948,2.845108,-2.165470
9.063625,-1.493831,-1.462381,0.290906,2.987800,-1.245575
9.067627,-1.042435,-1.477047,0.977877,3.130512,-0.324881
9.071629,-0.895523,-1.461396,0.892471,-3.009315,0.757845
9.075630,-2.363769,-1.415724,-0.458404,-2.865949,1.922027
9.079632,-2.865321,-1.340964,-1.304305,-2.721964,3.058303
9.083633,-2.123460,-1.238666,-0.710616,-2.577981,-2.180632
9.087635,-0.731403,-1.110960,0.430862,-2.433457,-1.215939
9.091637,0.417196,-0.960515,1.290777,-2.288945,-0.249173
9.095638,0.180703,-0.790469,1.054415,-2.144015,0.753580
9.099640,-0.788426,-0.604369,-0.290452,-1.999104,1.762154
9.103641,-1.878278,-0.406081,-1.457194,-1.853938,2.741902
9.107643,-1.303025,-0.199718,-1.439870,-1.708796,-2.602993
9.111645,0.277532,0.010459,-0.165041,-1.563588,-1.657658
9.115646,2.575333,0.220128,1.781762,-1.418409,-0.636917
9.119648,3.166596,0.424999,2.217014,-1.273364,0.444595
9.123649,0.991404,0.620903,0.116687,-1.128350,1.524813
9.127651,-1.171489,0.803880,-2.128867,-0.983660,2.565293
9.131653,-1.355607,0.970251,-2.321497,-0.838999,-2.703091
9.135654,0.924909,1.116694,-0.285160,-0.694825,-1.680205
9.139656,3.401378,1.240301,2.073973,-0.550674,-0.651879
9.143657,3.765589,1.338636,2.407227,-0.407137,0.347667
9.147659,1.876668,1.409779,0.656403,-0.263615,1.313381
9.151661,-0.704863,1.452360,-1.797374,-0.120782,2.296986
9.155662,-1.750560,1.465577,-2.783363,0.022047,-2.956186
9.159664,0.258445,1.449208,-0.940569,0.164172,-1.906407
9.163665,3.093766,1.403611,1.803270,0.306306,-0.869426
9.167667,4.076631,1.329716,2.690990,0.447779,0.145287
9.171669,2.217724,1.229005,1.081141,0.589271,1.154708
9.175670,-0.596507,1.103485,-1.502565,0.730195,2.179902
9.179672,-1.939563,0.955651,-2.512387,0.871148,-3.069021
9.183673,-0.597411,0.788431,-1.086895,1.011674,-2.046701
9.187675,1.611782,0.605137,1.142530,1.152240,-1.035562
9.191677,2.566848,0.409403,2.122565,1.292557,-0.020695
9.195678,1.485155,0.205115,1.080586,1.432923,0.998636
9.199680,-0.727443,-0.003653,-0.795860,1.573243,2.014437
9.203681,-1.755158,-0.212723,-1.698781,1.713617,3.021896
9.207683,-1.417261,-0.417889,-1.007075,1.854156,-2.261853
9.211685,0.027763,-0.614996,0.430962,1.994756,-1.273193
9.215686,0.770444,-0.800029,1.346147,2.135727,-0.296388
9.219688,0.396657,-0.969182,1.067622,2.276768,0.709567
9.223689,-1.103732,-1.118944,-0.287624,2.418369,1.779679
9.227691,-2.328969,-1.246168,-1.217435,2.560046,2.859398
9.231693,-2.033674,-1.348138,-0.850447,2.702440,-2.429861
9.235694,-1.336442,-1.422637,0.085620,2.844917,-1.493569
9.239696,-0.358127,-1.467991,1.075780,2.988219,-0.456796
9.243697,-0.619701,-1.483118,0.942882,3.131613,0.680188
9.247699,-1.833407,-1.467556,-0.232050,-3.007302,1.788567
9.251701,-2.475118,-1.421478,-0.826450,-2.862933,2.706676
9.255702,-2.477908,-1.345702,-0.904655,-2.717702,-2.772634
9.259704,-1.827980,-1.241682,-0.255473,-2.572370,-1.789525
9.263705,-0.389171,-1.111478,0.996400,-2.426260,-0.706439
9.267707,-0.159453,-0.957727,1.283042,-2.280049,0.328223
9.271709,-0.815621,-0.783584,0.398196,-2.133212,1.293341
9.275710,-2.233824,-0.592660,-1.096098,-1.986281,2.286880
9.279712,-2.571658,-0.388948,-1.855091,-1.838930,-2.929420
9.283713,-0.931868,-0.176735,-0.536380,-1.691500,-1.839265
9.287715,1.501993,0.039491,1.451130,-1.543901,-0.788526
9.291717,2.332078,0.255140,2.074273,-1.396243,0.215357
9.295718,1.269390,0.465627,0.770451,-1.248686,1.222188
9.299720,-0.867900,0.666472,-1.497808,-1.101094,2.253492
9.303721,-1.421299,0.853402,-2.394253,-0.953865,-2.998005
9.307723,0.299947,1.022445,-0.995306,-0.806627,-1.995395
9.311725,2.936657,1.170019,1.266732,-0.659986,-1.028078
9.315726,4.331449,1.293014,2.586025,-0.513364,-0.062441
9.319728,3.367283,1.388856,1.652296,-0.367526,0.935948
9.323729,0.277008,1.455565,-1.142800,-0.221731,1.967845
9.327731,-1.640651,1.491796,-3.021420,-0.076841,3.022877
9.331733,-0.474927,1.496857,-1.766021,0.067983,-2.198446
9.335734,2.693653,1.470723,1.148772,0.211857,-1.158163
9.339736,4.178221,1.414026,2.677048,0.355644,-0.157280
9.343737,3.275883,1.328040,1.790571,0.498507,0.821482
9.347739,0.487680,1.214646,-0.628330,0.641262,1.813768
9.351741,-1.624875,1.076287,-2.461792,0.783186,2.836701
9.355742,-1.257573,0.915906,-1.842088,0.924981,-2.411258
9.359744,0.877028,0.736879,0.404772,1.066099,-1.395606
9.363745,2.476343,0.542940,2.039106,1.207071,-0.398006
9.367747,1.963851,0.338099,1.751006,1.347567,0.611723
9.371749,-0.115517,0.126559,-0.135327,1.487900,1.637081
9.375750,-2.119045,-0.087370,-1.697975,1.627989,2.657354
9.379752,-2.162851,-0.299363,-1.571192,1.767902,-2.615456
9.383754,-0.846074,-0.505159,-0.015558,1.907818,-1.579610
9.387755,0.659564,-0.700654,1.492062,2.047552,-0.484344
9.391757,0.299691,-0.881968,1.194215,2.187536,0.631925
9.395758,-1.092639,-1.045524,-0.110121,2.327340,1.663405
9.399760,-1.926130,-1.188105,-0.836705,2.467625,2.548152
9.403762,-2.135224,-1.306917,-0.957620,2.607738,-2.832425
9.407763,-1.529282,-1.399637,-0.235994,2.748528,-1.804500
9.411765,-0.488211,-1.464450,0.699115,2.889164,-0.751709
9.415766,-0.498100,-1.500081,0.857212,3.030620,0.217161
9.419768,-0.794585,-1.505816,0.377049,-3.111237,1.129875
9.423770,-1.841705,-1.481509,-0.479324,-2.969012,2.101602
9.427771,-2.179228,-1.427591,-0.992709,-2.826882,3.102274
9.431773,-1.861692,-1.345056,-0.631257,-2.683856,-2.203647
9.435774,-0.683984,-1.235447,0.447490,-2.540893,-1.194061
9.439776,0.285483,-1.100829,1.368635,-2.397116,-0.126895
9.443778,-0.209861,-0.943753,0.869896,-2.253371,0.952744
9.447779,-1.626714,-0.767208,-0.681096,-2.108975,2.015251
9.451781,-2.428817,-0.574577,-1.639949,-1.964582,3.056658
9.455782,-1.523515,-0.369571,-1.009018,-1.819770,-2.205796
9.459784,0.369716,-0.156165,0.623366,-1.674941,-1.209846
9.463786,1.702545,0.061475,1.826670,-1.529974,-0.238733
9.467787,1.479574,0.279068,1.531933,-1.384976,0.745490
9.471789,-0.520064,0.492305,-0.476263,-1.240144,1.778781
9.475790,-2.194038,0.696924,-2.316980,-1.095270,2.833727
9.479792,-1.433371,0.888800,-1.856954,-0.950859,-2.419049
9.483794,1.228395,1.064023,0.396944,-0.806401,-1.414628
9.487795,3.655549,1.218981,2.490428,-0.662667,-0.393974
9.491797,3.519097,1.350437,2.203433,-0.518888,0.666490
9.495798,0.926386,1.455602,-0.446960,-0.376036,1.734762
9.499800,-0.996387,1.532197,-2.342063,-0.233143,2.740997
9.503802,-0.625504,1.578504,-2.145720,-0.091304,-2.614707
9.507803,1.486649,1.593409,-0.212307,0.050568,-1.650602
9.511805,4.214807,1.576427,2.348151,0.191342,-0.592996
9.515806,4.371027,1.527726,2.452680,0.332135,0.488687
9.519808,1.788036,1.448127,0.160441,0.471867,1.508450
9.523810,-0.466799,1.339090,-1.927021,0.611594,2.454158
9.527811,-1.366332,1.202690,-2.512607,0.750372,-2.845962
9.531813,0.519529,1.041574,-0.541124,0.889117,-1.769954
9.535814,3.102493,0.858906,2.083187,1.027092,-0.663507
9.539816,2.938945,0.658303,2.221485,1.164998,0.410292
9.543818,0.826811,0.443762,0.272393,1.302363,1.446418
9.547819,-1.606380,0.219574,-1.552779,1.439622,2.469802
9.551821,-1.962274,-0.009765,-1.661665,1.576601,-2.797590
9.555822,-0.999325,-0.239652,-0.353642,1.713433,-1.801902
9.559824,0.087746,-0.465472,0.893865,1.850270,-0.846708
9.563826,0.393893,-0.682698,1.222999,1.986927,0.063325
9.567827,-0.479570,-0.886979,0.679502,2.123875,0.965310
9.571829,-1.623430,-1.074231,-0.423431,2.260616,1.921068
9.575830,-2.866633,-1.240717,-1.248648,2.397922,2.967498
9.579832,-2.391914,-1.383127,-0.738142,2.535008,-2.222991
9.583834,-1.363509,-1.498638,0.437924,2.672900,-1.168176
9.587835,-0.726557,-1.584969,1.063896,2.810572,-0.148174
9.591837,-1.047565,-1.640421,0.645362,2.949245,0.917390
9.595838,-2.059708,-1.663910,-0.403550,3.087717,1.997657
9.599840,-2.300536,-1.654979,-0.825633,-3.055869,2.969947
9.603842,-1.940952,-1.613804,-0.645800,-2.916435,-2.497512
9.607843,-1.214775,-1.541188,-0.046005,-2.775828,-1.618277
9.611845,0.091737,-1.438543,1.000975,-2.635337,-0.566778
9.615846,0.165097,-1.307854,1.130126,-2.493722,0.540845
9.619848,-0.755062,-1.151646,-0.046228,-2.352163,1.604705
9.623850,-1.978659,-0.972929,-1.218692,-2.209626,2.613580
9.627851,-1.760756,-0.775146,-1.342898,-2.067082,-2.671976
9.631853,-0.484945,-0.562107,-0.142929,-1.923805,-1.657726
9.635854,1.374417,-0.337921,1.468400,-1.780458,-0.617157
9.639856,1.652496,-0.106919,1.742054,-1.636703,0.426650
9.643858,0.243513,0.126428,0.264177,-1.492822,1.438594
9.647859,-1.575753,0.357585,-1.635927,-1.348909,2.435344
9.651861,-1.938618,0.582045,-2.229566,-1.204822,-2.821588
9.655862,0.122606,0.795405,-0.466412,-1.061099,-1.756964
9.659864,2.864089,0.993455,2.003689,-0.917163,-0.679971
9.663866,3.294791,1.172258,2.347661,-0.773968,0.355098
9.667867,1.627079,1.328234,0.634461,-0.630532,1.310421
9.671869,-0.786748,1.458232,-1.668404,-0.488153,2.257536
9.675870,-1.689905,1.559599,-2.853638,-0.345515,-3.000289
9.679872,0.188343,1.630234,-1.023695,-0.204160,-1.919280
9.683874,3.711685,1.668643,1.934300,-0.062539,-0.846123
9.687875,4.331208,1.673976,2.725318,0.077676,0.168709
9.691877,2.978478,1.646058,1.132671,0.218150,1.143230
9.695878,-0.220689,1.585403,-1.555169,0.357209,2.160321
9.699880,-1.340162,1.493211,-2.732532,0.496503,-3.051998
9.703882,0.115346,1.371352,-1.025202,0.634485,-1.992196
9.707883,2.498815,1.222335,1.203393,0.772662,-1.001881
9.711885,3.335547,1.049259,2.106674,0.909735,-0.072199
9.715886,2.437283,0.855756,1.359390,1.046946,0.892898
9.719888,-0.000363,0.645918,-0.811277,1.183347,1.949123
9.723890,-1.620914,0.424206,-2.016031,1.319813,3.033943
9.727891,-0.923715,0.195357,-1.086216,1.455837,-2.237347
9.731893,0.328715,-0.035730,0.417929,1.591843,-1.311136
9.735894,1.333033,-0.264100,1.589883,1.727834,-0.337396
9.739896,0.810156,-0.484859,1.269916,1.863727,0.746846
9.743898,-1.271084,-0.693291,-0.481437,2.000071,1.877564
9.747899,-2.330221,-0.884964,-1.271195,2.136244,2.933958
9.751901,-2.169418,-1.055844,-0.845846,2.273360,-2.464801
9.755902,-1.535639,-1.202393,-0.022636,2.410256,-1.591402
9.759904,-0.587639,-1.321650,0.978480,2.548592,-0.588180
9.763906,-0.667114,-1.411308,1.077159,2.686695,0.470039
9.767907,-1.716639,-1.469765,0.041920,2.826720,1.535339
9.771909,-2.843073,-1.496162,-0.931396,2.966551,2.579013
9.775910,-2.761588,-1.490403,-0.913642,3.108741,-2.706863
9.779912,-1.994924,-1.453151,-0.180465,-3.032347,-1.762004
9.783914,-0.979435,-1.385806,0.648378,-2.887539,-0.857810
9.787915,-0.339879,-1.290461,1.151600,-2.742651,0.119411
9.791917,-0.801530,-1.169847,0.466666,-2.594837,1.207838
9.795918,-1.951985,-1.027248,-0.898874,-2.446702,2.304083
9.799920,-2.053421,-0.866418,-1.292962,-2.295630,-2.950882
9.803922,-0.924515,-0.691470,-0.521434,-2.143945,-1.968681
9.807923,0.625861,-0.506776,0.801439,-1.989596,-0.985796
9.811925,1.744597,-0.316839,1.605906,-1.834330,0.016027
9.815926,1.103352,-0.126182,0.919419,-1.677020,1.021101
9.819928,-0.345532,0.060772,-0.824065,-1.518530,2.009166
9.823930,-1.553493,0.239809,-2.186547,-1.358997,3.028450
9.827931,-0.360425,0.407031,-1.389930,-1.198119,-2.179342
9.831933,2.358029,0.558939,1.153115,-1.037539,-1.102333
9.835934,3.984655,0.692525,2.636937,-0.875586,-0.057418
9.839936,2.686708,0.805327,1.537540,-0.715475,0.973327
9.843938,-0.085791,0.895483,-1.166246,-0.554102,2.001456
9.847939,-1.906636,0.961758,-2.790709,-0.396099,3.031143
9.851941,-0.537376,1.003556,-1.681050,-0.237048,-2.224733
9.855942,2.176564,1.020910,0.941548,-0.082653,-1.216528
9.859944,4.171317,1.014469,2.654777,0.072503,-0.207730
9.863946,3.241417,0.985452,1.830639,0.222129,0.810446
9.867947,0.741688,0.935605,-0.544256,0.372170,1.787617
9.871949,-1.252169,0.867130,-2.299538,0.516289,2.731559
9.875950,-1.177420,0.782616,-2.165116,0.660407,-2.562345
9.879952,1.126150,0.684946,0.129646,0.798674,-1.521641
9.883954,3.416896,0.577215,2.341865,0.936421,-0.464012
9.887955,3.142196,0.462639,2.126054,1.068769,0.575187
9.891957,0.739711,0.344462,-0.038063,1.199924,1.586172
9.895958,-1.523882,0.225868,-2.149845,1.326414,2.634579
9.899960,-1.664042,0.109894,-1.900665,1.450828,-2.542020
9.903962,0.621316,-0.000645,0.220559,1.571517,-1.459522
9.907963,1.557913,-0.103233,1.528271,1.688968,-0.461903
9.911965,1.653553,-0.195704,1.376893,1.803773,0.475645
9.915966,-0.006818,-0.276288,0.265530,1.913794,1.392512
9.919968,-1.311806,-0.343648,-1.070091,2.022333,2.370716
9.923970,-2.068421,-0.396894,-1.333935,2.123968,-2.876045
9.927971,-1.124053,-0.435593,-0.378704,2.225300,-1.883049
9.931973,-0.171709,-0.459761,0.735868,2.316692,-0.904381
9.935974,0.165277,-0.469835,1.177365,2.408851,0.096267
9.939976,-0.422227,-0.466645,0.591745,2.486394,1.057414
9.943978,-1.942835,-0.451361,-0.600758,2.565281,2.068785
9.947979,-2.431751,-0.425444,-1.196264,2.621566,3.138251
9.951981,-2.160954,-0.390580,-0.563284,2.678053,-2.102760
9.955982,-0.750793,-0.348616,0.597352,2.696326,-1.002882
9.959984,-0.603339,-0.301485,1.040020,2.707755,0.117318
9.963986,-0.896561,-0.251140,0.475697,2.646413,1.043521
9.967987,-1.808724,-0.199484,-0.297188,2.554256,1.891970
9.971989,-1.959089,-0.148303,-0.808321,2.332672,2.750244
9.975990,-1.750744,-0.099213,-0.830476,2.082804,-2.709035
9.979992,-0.465510,-0.053612,0.004983,1.802881,-1.566118
9.983994,0.946677,-0.012639,1.046408,1.617426,-0.334116
9.987995,1.006316,0.022845,0.980230,1.505945,0.694973
9.991997,-0.455750,0.052276,-0.453048,1.446570,1.856936
9.995998,-1.737524,0.075386,-1.348392,1.433183,-3.045540
10.000000,-0.855826,0.092181,0.001072,1.426192,-1.568580
